trip_datetime,route_id,hour_of_day,time_category,scheduled_duration_min,actual_duration_min,delay_min,passenger_count,stops_count,delay_pct
2026-05-02 11:14,R04,6,off-peak,65,70,5,31,18,7.7
2026-03-09 13:01,R18,8,peak,105,135,30,49,31,28.6
2026-08-02 17:01,R03,12,off-peak,85,82,0,10,26,-3.5
2026-07-30 00:17,R18,19,peak,105,119,14,37,31,13.3
2026-05-27 16:17,R01,11,off-peak,95,102,7,44,28,7.4
2026-03-25 14:22,R11,9,peak,62,67,5,60,19,8.1
2026-06-26 19:34,R12,14,off-peak,50,55,5,47,15,10.0
2026-08-06 20:56,R03,15,off-peak,85,94,9,47,26,10.6
2026-03-12 17:42,R12,12,off-peak,50,54,4,29,15,8.0
2026-06-06 18:17,R03,13,off-peak,85,95,10,37,26,11.8
2026-05-30 22:13,R15,17,peak,73,81,8,36,21,11.0
2026-05-02 16:10,R03,11,off-peak,85,88,3,11,26,3.5
2026-08-11 23:44,R15,18,peak,73,84,11,27,21,15.1
2026-05-20 18:25,R02,13,off-peak,75,83,8,21,22,10.7
2026-07-24 13:56,R09,8,peak,100,113,13,43,30,13.0
2026-08-12 23:29,R16,18,peak,115,161,46,36,34,40.0
2026-07-22 19:34,R05,14,off-peak,55,52,0,26,16,-5.5
2026-04-05 23:32,R19,18,peak,93,111,18,60,29,19.4
2026-03-29 13:09,R16,8,peak,115,155,40,30,34,34.8
2026-07-31 13:29,R14,8,peak,88,105,17,29,27,19.3
2026-03-03 19:43,R17,14,off-peak,67,76,9,24,20,13.4
2026-05-27 19:07,R18,14,off-peak,105,115,10,10,31,9.5
2026-03-02 00:46,R10,19,peak,68,75,7,51,20,10.3
2026-03-28 16:55,R17,11,off-peak,67,69,2,21,20,3.0
2026-04-11 17:34,R10,12,off-peak,68,64,0,53,20,-5.9
2026-03-29 21:59,R01,16,off-peak,95,98,3,20,28,3.2
2026-05-01 20:56,R12,15,off-peak,50,48,0,23,15,-4.0
2026-07-15 13:49,R16,8,peak,115,165,50,43,34,43.5
2026-07-19 15:10,R05,10,off-peak,55,58,3,25,16,5.5
2026-08-24 17:12,R14,12,off-peak,88,99,11,52,27,12.5
2026-08-14 23:23,R10,18,peak,68,98,30,31,20,44.1
2026-05-26 18:01,R04,13,off-peak,65,63,0,33,18,-3.1
2026-03-02 18:04,R19,13,off-peak,93,98,5,26,29,5.4
2026-03-19 12:32,R03,7,peak,85,118,33,40,26,38.8
2026-04-24 19:34,R08,14,off-peak,78,83,5,46,23,6.4
2026-07-01 02:51,R19,21,off-peak,93,90,0,48,29,-3.2
2026-08-16 17:27,R14,12,off-peak,88,82,0,20,27,-6.8
2026-05-26 14:51,R02,9,peak,75,80,5,54,22,6.7
2026-07-16 18:28,R04,13,off-peak,65,62,0,32,18,-4.6
2026-03-20 18:28,R15,13,off-peak,73,81,8,33,21,11.0
2026-07-17 14:53,R18,9,peak,105,112,7,50,31,6.7
2026-07-02 16:13,R08,11,off-peak,78,79,1,28,23,1.3
2026-03-01 12:24,R13,7,peak,56,62,6,42,17,10.7
2026-07-21 20:42,R15,15,off-peak,73,74,1,48,21,1.4
2026-04-25 15:03,R16,10,off-peak,115,110,0,14,34,-4.3
2026-07-01 12:32,R11,7,peak,62,66,4,37,19,6.5
2026-07-09 16:05,R17,11,off-peak,67,62,0,30,20,-7.5
2026-07-24 18:15,R03,13,off-peak,85,86,1,24,26,1.2
2026-06-16 12:42,R19,7,peak,93,120,27,32,29,29.0
2026-05-20 17:15,R09,12,off-peak,100,107,7,20,30,7.0
2026-08-13 23:19,R09,18,peak,100,110,10,18,30,10.0
2026-07-23 11:06,R03,6,off-peak,85,87,2,35,26,2.4
2026-04-03 17:59,R03,12,off-peak,85,88,3,25,26,3.5
2026-06-21 22:53,R08,17,peak,78,90,12,48,23,15.4
2026-08-15 20:33,R18,15,off-peak,105,111,6,50,31,5.7
2026-04-04 14:16,R10,9,peak,68,96,28,46,20,41.2
2026-04-09 14:17,R04,9,peak,65,87,22,43,18,33.8
2026-05-07 17:32,R11,12,off-peak,62,66,4,36,19,6.5
2026-03-14 19:05,R16,14,off-peak,115,129,14,13,34,12.2
2026-04-03 11:40,R02,6,off-peak,75,74,0,11,22,-1.3
2026-07-20 16:45,R09,11,off-peak,100,109,9,26,30,9.0
2026-06-03 15:37,R03,10,off-peak,85,88,3,28,26,3.5
2026-03-11 15:19,R18,10,off-peak,105,106,1,9,31,1.0
2026-05-03 22:42,R02,17,peak,75,85,10,60,22,13.3
2026-06-13 22:39,R04,17,peak,65,88,23,44,18,35.4
2026-04-15 16:56,R08,11,off-peak,78,89,11,1,23,14.1
2026-05-25 11:50,R14,6,off-peak,88,84,0,47,27,-4.5
2026-08-27 19:06,R08,14,off-peak,78,74,0,18,23,-5.1
2026-04-26 12:12,R13,7,peak,56,78,22,50,17,39.3
2026-08-16 18:12,R10,13,off-peak,68,66,0,15,20,-2.9
2026-03-18 21:49,R13,16,off-peak,56,55,0,24,17,-1.8
2026-03-30 21:56,R13,16,off-peak,56,63,7,44,17,12.5
2026-05-07 16:02,R09,11,off-peak,100,105,5,37,30,5.0
2026-07-10 00:07,R11,19,peak,62,80,18,53,19,29.0
2026-06-20 17:00,R13,12,off-peak,56,54,0,6,17,-3.6
2026-08-18 22:58,R07,17,peak,80,97,17,42,24,21.2
2026-04-01 21:46,R11,16,off-peak,62,66,4,39,19,6.5
2026-05-15 21:35,R14,16,off-peak,88,89,1,19,27,1.1
2026-06-06 17:43,R05,12,off-peak,55,55,0,27,16,0.0
2026-03-01 20:19,R19,15,off-peak,93,94,1,20,29,1.1
2026-07-27 17:38,R10,12,off-peak,68,69,1,20,20,1.5
2026-04-13 17:42,R15,12,off-peak,73,75,2,16,21,2.7
2026-08-10 20:39,R03,15,off-peak,85,88,3,16,26,3.5
2026-04-20 20:09,R08,15,off-peak,78,75,0,47,23,-3.8
2026-06-30 12:39,R01,7,peak,95,109,14,47,28,14.7
2026-06-07 17:31,R14,12,off-peak,88,95,7,24,27,8.0
2026-08-24 18:00,R13,13,off-peak,56,53,0,46,17,-5.4
2026-08-27 00:33,R04,19,peak,65,73,8,30,18,12.3
2026-04-01 12:29,R15,7,peak,73,92,19,53,21,26.0
2026-06-22 21:39,R17,16,off-peak,67,76,9,37,20,13.4
2026-07-20 00:28,R17,19,peak,67,92,25,60,20,37.3
2026-05-04 01:53,R16,20,off-peak,115,112,0,16,34,-2.6
2026-05-11 02:28,R09,21,off-peak,100,106,6,36,30,6.0
2026-07-17 21:05,R09,16,off-peak,100,99,0,32,30,-1.0
2026-08-25 15:09,R05,10,off-peak,55,53,0,26,16,-3.6
2026-06-15 21:03,R14,16,off-peak,88,91,3,23,27,3.4
2026-07-29 00:44,R07,19,peak,80,96,16,60,24,20.0
2026-05-30 23:19,R19,18,peak,93,115,22,48,29,23.7
2026-07-19 00:51,R13,19,peak,56,70,14,38,17,25.0
2026-03-08 19:24,R08,14,off-peak,78,79,1,22,23,1.3
2026-06-28 23:58,R11,18,peak,62,83,21,56,19,33.9
2026-08-17 23:01,R01,18,peak,95,122,27,57,28,28.4
2026-06-28 00:11,R03,19,peak,85,93,8,56,26,9.4
2026-06-07 01:17,R07,20,off-peak,80,79,0,31,24,-1.2
2026-06-29 19:01,R14,14,off-peak,88,97,9,27,27,10.2
2026-08-14 18:02,R12,13,off-peak,50,53,3,24,15,6.0
2026-03-06 18:39,R01,13,off-peak,95,91,0,31,28,-4.2
2026-05-05 17:49,R04,12,off-peak,65,66,1,33,18,1.5
2026-03-30 16:49,R12,11,off-peak,50,52,2,41,15,4.0
2026-07-26 11:43,R04,6,off-peak,65,73,8,1,18,12.3
2026-04-20 23:04,R13,18,peak,56,79,23,26,17,41.1
2026-05-17 14:54,R08,9,peak,78,103,25,32,23,32.1
2026-07-23 14:50,R20,9,peak,108,147,39,59,33,36.1
2026-05-27 13:00,R12,8,peak,50,62,12,48,15,24.0
2026-06-02 02:40,R14,21,off-peak,88,83,0,38,27,-5.7
2026-07-13 00:41,R05,19,peak,55,61,6,36,16,10.9
2026-07-31 02:17,R09,21,off-peak,100,102,2,24,30,2.0
2026-05-02 19:48,R03,14,off-peak,85,95,10,36,26,11.8
2026-07-05 23:54,R15,18,peak,73,86,13,38,21,17.8
2026-07-31 19:44,R12,14,off-peak,50,49,0,40,15,-2.0
2026-04-18 11:05,R09,6,off-peak,100,103,3,28,30,3.0
2026-08-13 18:45,R18,13,off-peak,105,113,8,40,31,7.6
2026-03-25 01:18,R16,20,off-peak,115,126,11,31,34,9.6
2026-07-14 22:22,R10,17,peak,68,84,16,60,20,23.5
2026-06-25 21:17,R14,16,off-peak,88,88,0,24,27,0.0
2026-07-16 21:48,R07,16,off-peak,80,75,0,36,24,-6.2
2026-07-02 17:17,R06,12,off-peak,110,106,0,22,32,-3.6
2026-04-19 20:18,R17,15,off-peak,67,76,9,1,20,13.4
2026-03-04 22:45,R08,17,peak,78,87,9,35,23,11.5
2026-04-02 20:40,R02,15,off-peak,75,81,6,25,22,8.0
2026-07-25 14:18,R16,9,peak,115,160,45,32,34,39.1
2026-07-01 12:07,R06,7,peak,110,126,16,47,32,14.5
2026-07-26 23:40,R03,18,peak,85,105,20,42,26,23.5
2026-05-03 20:07,R19,15,off-peak,93,87,0,21,29,-6.5
2026-08-07 00:14,R18,19,peak,105,135,30,46,31,28.6
2026-06-18 20:19,R15,15,off-peak,73,81,8,16,21,11.0
2026-03-26 12:48,R19,7,peak,93,120,27,47,29,29.0
2026-07-20 16:04,R03,11,off-peak,85,82,0,35,26,-3.5
2026-08-24 11:38,R06,6,off-peak,110,111,1,24,32,0.9
2026-06-25 20:04,R10,15,off-peak,68,73,5,28,20,7.4
2026-08-08 19:37,R08,14,off-peak,78,85,7,13,23,9.0
2026-08-13 14:09,R14,9,peak,88,111,23,21,27,26.1
2026-04-12 15:50,R09,10,off-peak,100,93,0,20,30,-7.0
2026-06-28 20:44,R19,15,off-peak,93,94,1,46,29,1.1
2026-07-07 23:34,R10,18,peak,68,97,29,40,20,42.6
2026-08-03 00:16,R02,19,peak,75,100,25,45,22,33.3
2026-08-20 13:53,R01,8,peak,95,108,13,55,28,13.7
2026-04-14 19:30,R01,14,off-peak,95,99,4,15,28,4.2
2026-04-17 01:37,R17,20,off-peak,67,75,8,7,20,11.9
2026-05-26 02:20,R03,21,off-peak,85,85,0,36,26,0.0
2026-08-25 16:31,R04,11,off-peak,65,64,0,21,18,-1.5
2026-05-20 12:16,R18,7,peak,105,129,24,60,31,22.9
2026-06-12 14:55,R11,9,peak,62,89,27,9,19,43.5
2026-04-19 01:33,R18,20,off-peak,105,106,1,24,31,1.0
2026-03-15 02:13,R12,21,off-peak,50,53,3,27,15,6.0
2026-07-04 01:07,R10,20,off-peak,68,76,8,34,20,11.8
2026-05-19 18:35,R01,13,off-peak,95,102,7,40,28,7.4
2026-03-31 14:41,R08,9,peak,78,96,18,46,23,23.1
2026-05-15 02:32,R05,21,off-peak,55,62,7,24,16,12.7
2026-07-21 02:09,R16,21,off-peak,115,112,0,16,34,-2.6
2026-07-09 17:47,R13,12,off-peak,56,63,7,45,17,12.5
2026-07-09 00:17,R09,19,peak,100,118,18,28,30,18.0
2026-07-29 20:37,R01,15,off-peak,95,103,8,41,28,8.4
2026-05-29 01:21,R05,20,off-peak,55,57,2,27,16,3.6
2026-05-22 23:55,R18,18,peak,105,129,24,51,31,22.9
2026-06-14 23:02,R19,18,peak,93,106,13,60,29,14.0
2026-06-07 02:24,R11,21,off-peak,62,67,5,49,19,8.1
2026-04-03 02:32,R05,21,off-peak,55,62,7,26,16,12.7
2026-06-21 21:06,R19,16,off-peak,93,104,11,14,29,11.8
2026-04-10 00:04,R05,19,peak,55,76,21,42,16,38.2
2026-08-25 19:25,R16,14,off-peak,115,114,0,14,34,-0.9
2026-08-08 23:45,R18,18,peak,105,150,45,26,31,42.9
2026-04-30 12:40,R16,7,peak,115,149,34,41,34,29.6
2026-03-26 13:48,R08,8,peak,78,95,17,35,23,21.8
2026-05-17 01:57,R04,20,off-peak,65,62,0,38,18,-4.6
2026-06-19 20:09,R02,15,off-peak,75,75,0,29,22,0.0
2026-04-17 00:10,R08,19,peak,78,99,21,52,23,26.9
2026-07-28 18:09,R13,13,off-peak,56,57,1,42,17,1.8
2026-06-27 01:16,R08,20,off-peak,78,83,5,15,23,6.4
2026-04-10 20:04,R15,15,off-peak,73,78,5,5,21,6.8
2026-05-16 22:40,R15,17,peak,73,105,32,60,21,43.8
2026-06-07 20:54,R15,15,off-peak,73,70,0,23,21,-4.1
2026-07-25 14:22,R16,9,peak,115,131,16,11,34,13.9
2026-08-16 11:25,R10,6,off-peak,68,77,9,10,20,13.2
2026-08-23 11:49,R09,6,off-peak,100,105,5,27,30,5.0
2026-05-14 02:49,R20,21,off-peak,108,120,12,24,33,11.1
2026-04-18 22:39,R08,17,peak,78,88,10,44,23,12.8
2026-08-13 14:02,R05,9,peak,55,77,22,60,16,40.0
2026-06-03 01:46,R10,20,off-peak,68,63,0,45,20,-7.4
2026-04-04 00:50,R11,19,peak,62,69,7,60,19,11.3
2026-05-09 22:53,R18,17,peak,105,132,27,58,31,25.7
2026-05-26 20:51,R16,15,off-peak,115,125,10,50,34,8.7
2026-04-07 01:48,R04,20,off-peak,65,74,9,51,18,13.8
2026-06-10 22:00,R13,17,peak,56,60,4,40,17,7.1
2026-08-20 14:47,R09,9,peak,100,123,23,37,30,23.0
2026-06-29 14:01,R12,9,peak,50,65,15,30,15,30.0
2026-04-26 21:41,R20,16,off-peak,108,122,14,48,33,13.0
2026-03-13 00:02,R10,19,peak,68,74,6,53,20,8.8
2026-05-01 02:56,R10,21,off-peak,68,64,0,16,20,-5.9
2026-04-10 00:56,R12,19,peak,50,64,14,42,15,28.0
2026-08-05 14:26,R14,9,peak,88,121,33,54,27,37.5
2026-04-30 17:54,R12,12,off-peak,50,51,1,24,15,2.0
2026-06-03 14:34,R12,9,peak,50,72,22,59,15,44.0
2026-04-01 23:54,R02,18,peak,75,87,12,35,22,16.0
2026-08-12 13:40,R15,8,peak,73,96,23,42,21,31.5
2026-07-23 18:13,R11,13,off-peak,62,71,9,26,19,14.5
2026-04-29 17:21,R03,12,off-peak,85,89,4,31,26,4.7
2026-04-07 11:08,R20,6,off-peak,108,106,0,7,33,-1.9
2026-03-29 19:42,R18,14,off-peak,105,115,10,32,31,9.5
2026-03-05 18:11,R12,13,off-peak,50,52,2,23,15,4.0
2026-06-16 12:33,R09,7,peak,100,110,10,48,30,10.0
2026-03-28 22:28,R15,17,peak,73,91,18,47,21,24.7
2026-03-12 18:46,R17,13,off-peak,67,76,9,32,20,13.4
2026-03-08 20:03,R17,15,off-peak,67,68,1,4,20,1.5
2026-03-28 23:31,R16,18,peak,115,140,25,41,34,21.7
2026-03-17 21:08,R03,16,off-peak,85,90,5,15,26,5.9
2026-07-31 21:33,R09,16,off-peak,100,100,0,24,30,0.0
2026-03-30 14:54,R14,9,peak,88,120,32,58,27,36.4
2026-04-28 17:26,R18,12,off-peak,105,106,1,21,31,1.0
2026-05-20 14:42,R14,9,peak,88,103,15,56,27,17.0
2026-08-23 22:59,R09,17,peak,100,143,43,39,30,43.0
2026-06-04 13:51,R03,8,peak,85,103,18,45,26,21.2
2026-07-22 12:35,R05,7,peak,55,70,15,42,16,27.3
2026-03-15 00:18,R12,19,peak,50,69,19,50,15,38.0
2026-07-26 20:32,R20,15,off-peak,108,108,0,32,33,0.0
2026-07-21 14:23,R08,9,peak,78,92,14,60,23,17.9
2026-06-18 19:54,R04,14,off-peak,65,68,3,8,18,4.6
2026-08-16 11:53,R20,6,off-peak,108,114,6,20,33,5.6
2026-08-27 11:48,R09,6,off-peak,100,96,0,24,30,-4.0
2026-07-23 16:42,R01,11,off-peak,95,106,11,38,28,11.6
2026-08-10 13:01,R13,8,peak,56,61,5,57,17,8.9
2026-04-11 00:23,R13,19,peak,56,68,12,53,17,21.4
2026-07-24 21:38,R10,16,off-peak,68,74,6,31,20,8.8
2026-05-09 12:28,R06,7,peak,110,145,35,47,32,31.8
2026-06-16 02:17,R14,21,off-peak,88,93,5,31,27,5.7
2026-08-22 00:43,R12,19,peak,50,54,4,59,15,8.0
2026-05-19 02:02,R19,21,off-peak,93,96,3,34,29,3.2
2026-04-24 11:49,R02,6,off-peak,75,72,0,60,22,-4.0
2026-03-31 19:00,R05,14,off-peak,55,54,0,15,16,-1.8
2026-04-28 23:32,R05,18,peak,55,69,14,45,16,25.5
2026-03-11 22:27,R18,17,peak,105,113,8,60,31,7.6
2026-08-12 00:26,R11,19,peak,62,79,17,48,19,27.4
2026-05-23 14:10,R10,9,peak,68,82,14,50,20,20.6
2026-03-28 13:15,R12,8,peak,50,61,11,29,15,22.0
2026-06-10 23:55,R14,18,peak,88,110,22,40,27,25.0
2026-08-10 16:07,R11,11,off-peak,62,58,0,38,19,-6.5
2026-05-29 17:22,R17,12,off-peak,67,75,8,24,20,11.9
2026-05-05 18:12,R05,13,off-peak,55,51,0,6,16,-7.3
2026-08-15 15:04,R06,10,off-peak,110,120,10,37,32,9.1
2026-07-28 01:28,R16,20,off-peak,115,125,10,46,34,8.7
2026-08-08 21:20,R19,16,off-peak,93,104,11,30,29,11.8
2026-07-30 20:03,R15,15,off-peak,73,80,7,31,21,9.6
2026-06-24 13:02,R12,8,peak,50,58,8,60,15,16.0
2026-07-08 13:24,R03,8,peak,85,110,25,52,26,29.4
2026-07-25 12:41,R15,7,peak,73,89,16,51,21,21.9
2026-06-24 15:06,R17,10,off-peak,67,76,9,43,20,13.4
2026-04-14 13:02,R11,8,peak,62,77,15,45,19,24.2
2026-05-12 16:24,R15,11,off-peak,73,73,0,40,21,0.0
2026-03-14 21:50,R14,16,off-peak,88,94,6,20,27,6.8
2026-06-07 14:18,R11,9,peak,62,78,16,37,19,25.8
2026-07-28 15:42,R09,10,off-peak,100,99,0,35,30,-1.0
2026-03-22 15:19,R13,10,off-peak,56,59,3,36,17,5.4
2026-05-24 23:52,R18,18,peak,105,137,32,57,31,30.5
2026-06-17 13:32,R17,8,peak,67,87,20,58,20,29.9
2026-04-16 11:13,R12,6,off-peak,50,50,0,16,15,0.0
2026-04-09 18:04,R07,13,off-peak,80,91,11,45,24,13.8
2026-07-17 14:53,R10,9,peak,68,85,17,43,20,25.0
2026-04-09 15:10,R11,10,off-peak,62,65,3,13,19,4.8
2026-03-12 16:26,R06,11,off-peak,110,119,9,15,32,8.2
2026-06-23 20:14,R15,15,off-peak,73,79,6,42,21,8.2
2026-06-29 18:57,R18,13,off-peak,105,104,0,33,31,-1.0
2026-05-13 01:49,R19,20,off-peak,93,95,2,18,29,2.2
2026-04-22 00:51,R13,19,peak,56,80,24,25,17,42.9
2026-07-21 02:59,R02,21,off-peak,75,84,9,13,22,12.0
2026-04-11 14:17,R04,9,peak,65,75,10,31,18,15.4
2026-04-26 13:52,R14,8,peak,88,125,37,49,27,42.0
2026-06-15 22:03,R15,17,peak,73,103,30,35,21,41.1
2026-03-08 13:20,R13,8,peak,56,67,11,52,17,19.6
2026-04-05 21:02,R04,16,off-peak,65,71,6,22,18,9.2
2026-03-03 02:57,R05,21,off-peak,55,56,1,49,16,1.8
2026-04-08 11:35,R03,6,off-peak,85,83,0,43,26,-2.4
2026-04-30 14:19,R14,9,peak,88,119,31,38,27,35.2
2026-08-11 12:50,R04,7,peak,65,74,9,41,18,13.8
2026-07-26 11:15,R16,6,off-peak,115,122,7,24,34,6.1
2026-08-05 20:22,R05,15,off-peak,55,56,1,28,16,1.8
2026-07-13 22:34,R03,17,peak,85,91,6,57,26,7.1
2026-06-29 11:02,R17,6,off-peak,67,67,0,5,20,0.0
2026-03-18 11:22,R09,6,off-peak,100,100,0,2,30,0.0
2026-05-25 14:08,R08,9,peak,78,105,27,59,23,34.6
2026-07-02 01:40,R06,20,off-peak,110,126,16,32,32,14.5
2026-06-26 15:02,R06,10,off-peak,110,102,0,27,32,-7.3
2026-05-19 12:32,R07,7,peak,80,94,14,48,24,17.5
2026-08-14 02:12,R13,21,off-peak,56,54,0,22,17,-3.6
2026-06-03 21:27,R02,16,off-peak,75,73,0,51,22,-2.7
2026-06-08 01:21,R13,20,off-peak,56,63,7,41,17,12.5
2026-07-11 22:17,R16,17,peak,115,163,48,42,34,41.7
2026-08-03 00:52,R03,19,peak,85,91,6,49,26,7.1
2026-05-15 13:19,R04,8,peak,65,76,11,54,18,16.9
2026-06-23 00:22,R15,19,peak,73,81,8,26,21,11.0
2026-03-16 00:04,R12,19,peak,50,57,7,51,15,14.0
2026-08-21 22:10,R13,17,peak,56,70,14,51,17,25.0
2026-03-19 01:15,R20,20,off-peak,108,100,0,26,33,-7.4
2026-07-24 22:02,R12,17,peak,50,60,10,30,15,20.0
2026-03-20 22:36,R12,17,peak,50,61,11,33,15,22.0
2026-08-14 22:17,R05,17,peak,55,66,11,45,16,20.0
2026-07-23 02:07,R06,21,off-peak,110,114,4,33,32,3.6
2026-04-24 19:39,R09,14,off-peak,100,108,8,22,30,8.0
2026-03-19 17:28,R16,12,off-peak,115,109,0,54,34,-5.2
2026-08-23 01:54,R06,20,off-peak,110,126,16,45,32,14.5
2026-04-10 20:45,R03,15,off-peak,85,95,10,26,26,11.8
2026-04-01 22:12,R06,17,peak,110,137,27,47,32,24.5
2026-07-25 11:23,R16,6,off-peak,115,115,0,19,34,0.0
2026-03-23 15:04,R15,10,off-peak,73,77,4,10,21,5.5
2026-07-27 00:04,R16,19,peak,115,156,41,60,34,35.7
2026-06-24 21:29,R05,16,off-peak,55,58,3,23,16,5.5
2026-04-03 16:27,R18,11,off-peak,105,115,10,18,31,9.5
2026-07-11 12:09,R17,7,peak,67,92,25,42,20,37.3
2026-07-11 22:57,R08,17,peak,78,111,33,51,23,42.3
2026-08-10 13:35,R10,8,peak,68,78,10,42,20,14.7
2026-04-13 13:37,R20,8,peak,108,135,27,60,33,25.0
2026-08-07 15:46,R19,10,off-peak,93,89,0,36,29,-4.3
2026-03-08 12:05,R19,7,peak,93,128,35,38,29,37.6
2026-07-25 19:26,R02,14,off-peak,75,80,5,25,22,6.7
2026-05-17 20:30,R18,15,off-peak,105,112,7,25,31,6.7
2026-03-19 23:44,R08,18,peak,78,91,13,57,23,16.7
2026-08-04 01:09,R16,20,off-peak,115,111,0,32,34,-3.5
2026-05-28 21:25,R11,16,off-peak,62,67,5,35,19,8.1
2026-06-28 14:07,R18,9,peak,105,123,18,53,31,17.1
2026-03-26 01:03,R09,20,off-peak,100,97,0,25,30,-3.0
2026-04-11 00:52,R20,19,peak,108,124,16,56,33,14.8
2026-04-10 21:31,R11,16,off-peak,62,59,0,41,19,-4.8
2026-06-10 02:32,R10,21,off-peak,68,62,0,27,20,-8.8
2026-05-30 18:03,R15,13,off-peak,73,70,0,41,21,-4.1
2026-03-28 20:27,R16,15,off-peak,115,119,4,32,34,3.5
2026-06-12 19:23,R05,14,off-peak,55,59,4,31,16,7.3
2026-05-13 17:04,R18,12,off-peak,105,105,0,29,31,0.0
2026-05-12 01:52,R13,20,off-peak,56,61,5,46,17,8.9
2026-06-09 15:23,R04,10,off-peak,65,74,9,26,18,13.8
2026-04-20 22:38,R11,17,peak,62,83,21,30,19,33.9
2026-05-25 12:51,R02,7,peak,75,82,7,44,22,9.3
2026-07-11 01:08,R16,20,off-peak,115,109,0,20,34,-5.2
2026-05-16 23:37,R06,18,peak,110,159,49,59,32,44.5
2026-05-17 02:30,R11,21,off-peak,62,67,5,32,19,8.1
2026-08-25 00:40,R04,19,peak,65,83,18,34,18,27.7
2026-08-16 02:50,R01,21,off-peak,95,93,0,43,28,-2.1
2026-04-13 12:33,R08,7,peak,78,100,22,42,23,28.2
2026-08-22 23:15,R20,18,peak,108,119,11,60,33,10.2
2026-05-20 17:26,R04,12,off-peak,65,60,0,33,18,-7.7
2026-06-15 00:32,R05,19,peak,55,72,17,49,16,30.9
2026-07-22 15:20,R02,10,off-peak,75,77,2,1,22,2.7
2026-04-14 23:29,R16,18,peak,115,135,20,54,34,17.4
2026-04-19 19:15,R12,14,off-peak,50,53,3,22,15,6.0
2026-05-16 20:49,R09,15,off-peak,100,97,0,26,30,-3.0
2026-07-22 21:59,R16,16,off-peak,115,118,3,35,34,2.6
2026-08-21 20:34,R09,15,off-peak,100,94,0,3,30,-6.0
2026-05-13 15:45,R12,10,off-peak,50,49,0,51,15,-2.0
2026-08-15 22:16,R03,17,peak,85,120,35,44,26,41.2
2026-08-26 19:17,R18,14,off-peak,105,119,14,19,31,13.3
2026-07-29 14:15,R05,9,peak,55,71,16,45,16,29.1
2026-03-14 18:06,R17,13,off-peak,67,71,4,45,20,6.0
2026-03-26 21:43,R14,16,off-peak,88,95,7,28,27,8.0
2026-06-30 16:30,R18,11,off-peak,105,106,1,26,31,1.0
2026-08-13 20:03,R07,15,off-peak,80,79,0,32,24,-1.2
2026-03-10 18:58,R19,13,off-peak,93,97,4,25,29,4.3
2026-04-16 00:59,R06,19,peak,110,154,44,60,32,40.0
2026-05-15 02:56,R13,21,off-peak,56,53,0,8,17,-5.4
2026-08-02 11:06,R02,6,off-peak,75,74,0,37,22,-1.3
2026-04-05 02:54,R15,21,off-peak,73,82,9,23,21,12.3
2026-03-30 01:21,R17,20,off-peak,67,65,0,34,20,-3.0
2026-05-26 16:50,R09,11,off-peak,100,92,0,39,30,-8.0
2026-08-11 17:57,R10,12,off-peak,68,65,0,17,20,-4.4
2026-03-25 13:11,R11,8,peak,62,75,13,52,19,21.0
2026-05-04 02:00,R05,21,off-peak,55,54,0,27,16,-1.8
2026-07-25 21:00,R09,16,off-peak,100,98,0,36,30,-2.0
2026-03-16 22:42,R09,17,peak,100,132,32,52,30,32.0
2026-08-11 20:58,R13,15,off-peak,56,60,4,34,17,7.1
2026-04-26 22:08,R10,17,peak,68,88,20,31,20,29.4
2026-07-19 22:58,R20,17,peak,108,131,23,46,33,21.3
2026-08-22 17:48,R16,12,off-peak,115,125,10,10,34,8.7
2026-06-02 01:04,R17,20,off-peak,67,69,2,16,20,3.0
2026-07-19 14:57,R19,9,peak,93,99,6,29,29,6.5
2026-07-12 16:28,R05,11,off-peak,55,54,0,27,16,-1.8
2026-07-04 17:05,R04,12,off-peak,65,70,5,38,18,7.7
2026-06-16 01:29,R02,20,off-peak,75,71,0,20,22,-5.3
2026-08-20 12:51,R19,7,peak,93,118,25,44,29,26.9
2026-07-27 11:04,R09,6,off-peak,100,109,9,30,30,9.0
2026-03-18 00:34,R02,19,peak,75,89,14,60,22,18.7
2026-06-14 02:11,R03,21,off-peak,85,78,0,26,26,-8.2
2026-06-07 00:28,R05,19,peak,55,65,10,60,16,18.2
2026-08-17 13:55,R13,8,peak,56,74,18,25,17,32.1
2026-05-29 15:07,R18,10,off-peak,105,112,7,34,31,6.7
2026-04-27 15:53,R17,10,off-peak,67,72,5,41,20,7.5
2026-06-27 11:43,R01,6,off-peak,95,108,13,25,28,13.7
2026-05-28 18:09,R13,13,off-peak,56,54,0,15,17,-3.6
2026-03-29 17:02,R09,12,off-peak,100,113,13,32,30,13.0
2026-03-26 18:38,R01,13,off-peak,95,91,0,16,28,-4.2
2026-03-14 01:15,R02,20,off-peak,75,79,4,27,22,5.3
2026-03-15 17:08,R08,12,off-peak,78,85,7,15,23,9.0
2026-07-26 20:20,R17,15,off-peak,67,65,0,9,20,-3.0
2026-04-06 18:42,R11,13,off-peak,62,61,0,18,19,-1.6
2026-05-10 18:03,R17,13,off-peak,67,68,1,12,20,1.5
2026-03-14 00:22,R06,19,peak,110,139,29,39,32,26.4
2026-06-13 21:09,R13,16,off-peak,56,60,4,25,17,7.1
2026-04-28 02:19,R18,21,off-peak,105,102,0,35,31,-2.9
2026-07-23 01:26,R05,20,off-peak,55,62,7,43,16,12.7
2026-04-22 23:21,R05,18,peak,55,63,8,41,16,14.5
2026-03-25 01:34,R03,20,off-peak,85,94,9,26,26,10.6
2026-08-02 23:02,R09,18,peak,100,131,31,37,30,31.0
2026-07-29 17:46,R03,12,off-peak,85,93,8,24,26,9.4
2026-03-04 21:13,R07,16,off-peak,80,79,0,20,24,-1.2
2026-07-01 14:58,R07,9,peak,80,107,27,45,24,33.8
2026-07-20 23:20,R07,18,peak,80,113,33,60,24,41.2
2026-08-14 23:22,R10,18,peak,68,84,16,40,20,23.5
2026-06-30 01:48,R16,20,off-peak,115,108,0,38,34,-6.1
2026-06-14 17:02,R11,12,off-peak,62,62,0,20,19,0.0
2026-07-28 11:37,R05,6,off-peak,55,53,0,24,16,-3.6
2026-05-24 20:14,R14,15,off-peak,88,84,0,11,27,-4.5
2026-07-04 21:46,R16,16,off-peak,115,112,0,43,34,-2.6
2026-05-31 01:10,R16,20,off-peak,115,110,0,37,34,-4.3
2026-03-20 12:52,R06,7,peak,110,138,28,56,32,25.5
2026-08-09 11:14,R02,6,off-peak,75,76,1,34,22,1.3
2026-08-07 01:40,R07,20,off-peak,80,80,0,30,24,0.0
2026-03-06 02:00,R20,21,off-peak,108,115,7,15,33,6.5
2026-05-13 19:01,R01,14,off-peak,95,99,4,25,28,4.2
2026-04-16 00:06,R17,19,peak,67,91,24,57,20,35.8
2026-05-04 17:52,R08,12,off-peak,78,82,4,20,23,5.1
2026-03-21 19:23,R12,14,off-peak,50,55,5,40,15,10.0
2026-03-21 18:41,R08,13,off-peak,78,77,0,24,23,-1.3
2026-06-05 13:35,R02,8,peak,75,90,15,28,22,20.0
2026-06-20 13:41,R06,8,peak,110,137,27,47,32,24.5
2026-03-11 14:14,R11,9,peak,62,87,25,50,19,40.3
2026-03-21 02:43,R19,21,off-peak,93,91,0,51,29,-2.2
2026-05-20 12:01,R09,7,peak,100,112,12,60,30,12.0
2026-07-23 13:15,R13,8,peak,56,65,9,41,17,16.1
2026-07-17 23:21,R19,18,peak,93,122,29,30,29,31.2
2026-06-20 22:14,R03,17,peak,85,91,6,58,26,7.1
2026-08-05 21:38,R03,16,off-peak,85,90,5,11,26,5.9
2026-06-24 19:31,R01,14,off-peak,95,104,9,40,28,9.5
2026-06-05 22:27,R08,17,peak,78,99,21,51,23,26.9
2026-05-15 13:51,R13,8,peak,56,76,20,59,17,35.7
2026-04-09 13:24,R08,8,peak,78,84,6,40,23,7.7
2026-03-24 21:00,R13,16,off-peak,56,56,0,11,17,0.0
2026-05-10 01:06,R10,20,off-peak,68,68,0,33,20,0.0
2026-03-24 00:22,R15,19,peak,73,79,6,50,21,8.2
2026-05-23 13:55,R18,8,peak,105,135,30,37,31,28.6
2026-07-22 13:57,R13,8,peak,56,75,19,51,17,33.9
2026-04-13 16:08,R08,11,off-peak,78,84,6,26,23,7.7
2026-05-10 13:26,R05,8,peak,55,61,6,54,16,10.9
2026-06-02 02:16,R10,21,off-peak,68,74,6,46,20,8.8
2026-04-04 17:19,R16,12,off-peak,115,117,2,21,34,1.7
2026-08-06 23:24,R01,18,peak,95,112,17,48,28,17.9
2026-08-15 00:38,R11,19,peak,62,85,23,34,19,37.1
2026-08-25 20:12,R05,15,off-peak,55,54,0,20,16,-1.8
2026-08-25 21:40,R13,16,off-peak,56,55,0,28,17,-1.8
2026-05-11 18:52,R16,13,off-peak,115,114,0,30,34,-0.9
2026-07-18 17:11,R19,12,off-peak,93,98,5,16,29,5.4
2026-06-27 11:45,R18,6,off-peak,105,119,14,33,31,13.3
2026-04-06 00:40,R03,19,peak,85,112,27,60,26,31.8
2026-04-09 18:45,R10,13,off-peak,68,66,0,17,20,-2.9
2026-07-16 02:32,R15,21,off-peak,73,76,3,33,21,4.1
2026-06-01 12:44,R14,7,peak,88,120,32,56,27,36.4
2026-08-16 14:42,R03,9,peak,85,115,30,35,26,35.3
2026-03-12 16:36,R12,11,off-peak,50,53,3,45,15,6.0
2026-06-19 21:06,R13,16,off-peak,56,63,7,26,17,12.5
2026-07-09 14:47,R01,9,peak,95,109,14,29,28,14.7
2026-06-09 18:29,R19,13,off-peak,93,95,2,26,29,2.2
2026-03-07 15:30,R19,10,off-peak,93,92,0,37,29,-1.1
2026-04-06 14:22,R03,9,peak,85,117,32,52,26,37.6
2026-04-22 21:33,R10,16,off-peak,68,69,1,14,20,1.5
2026-05-17 01:02,R15,20,off-peak,73,72,0,29,21,-1.4
2026-08-13 11:06,R04,6,off-peak,65,72,7,24,18,10.8
2026-05-24 16:35,R08,11,off-peak,78,81,3,21,23,3.8
2026-06-13 01:40,R14,20,off-peak,88,85,0,34,27,-3.4
2026-08-05 23:56,R14,18,peak,88,93,5,60,27,5.7
2026-06-09 01:00,R07,20,off-peak,80,84,4,25,24,5.0
2026-07-16 14:11,R03,9,peak,85,116,31,37,26,36.5
2026-03-30 21:16,R12,16,off-peak,50,48,0,21,15,-4.0
2026-07-29 23:07,R11,18,peak,62,80,18,32,19,29.0
2026-08-06 22:11,R12,17,peak,50,69,19,52,15,38.0
2026-05-20 13:07,R10,8,peak,68,89,21,27,20,30.9
2026-06-04 20:44,R08,15,off-peak,78,73,0,35,23,-6.4
2026-06-17 15:11,R20,10,off-peak,108,113,5,37,33,4.6
2026-07-04 16:18,R16,11,off-peak,115,120,5,34,34,4.3
2026-03-03 12:31,R15,7,peak,73,101,28,53,21,38.4
2026-07-22 17:32,R05,12,off-peak,55,60,5,20,16,9.1
2026-06-23 00:31,R16,19,peak,115,153,38,34,34,33.0
2026-04-26 13:18,R06,8,peak,110,140,30,53,32,27.3
2026-07-23 16:47,R10,11,off-peak,68,74,6,29,20,8.8
2026-05-08 14:49,R16,9,peak,115,147,32,9,34,27.8
2026-06-21 12:34,R18,7,peak,105,142,37,35,31,35.2
2026-08-16 00:48,R07,19,peak,80,87,7,45,24,8.8
2026-03-24 01:28,R02,20,off-peak,75,73,0,52,22,-2.7
2026-07-29 18:44,R04,13,off-peak,65,62,0,16,18,-4.6
2026-04-22 16:52,R14,11,off-peak,88,93,5,43,27,5.7
2026-07-15 12:17,R07,7,peak,80,102,22,39,24,27.5
2026-07-10 20:57,R10,15,off-peak,68,71,3,23,20,4.4
2026-06-14 15:58,R04,10,off-peak,65,74,9,37,18,13.8
2026-05-22 15:53,R05,10,off-peak,55,53,0,31,16,-3.6
2026-07-26 23:40,R08,18,peak,78,97,19,43,23,24.4
2026-03-24 13:25,R15,8,peak,73,95,22,57,21,30.1
2026-06-03 19:29,R17,14,off-peak,67,72,5,38,20,7.5
2026-06-26 13:40,R01,8,peak,95,127,32,41,28,33.7
2026-06-10 13:13,R12,8,peak,50,68,18,60,15,36.0
2026-05-12 19:21,R16,14,off-peak,115,114,0,23,34,-0.9
2026-07-03 15:50,R18,10,off-peak,105,110,5,17,31,4.8
2026-06-26 12:01,R02,7,peak,75,81,6,60,22,8.0
2026-03-01 16:27,R04,11,off-peak,65,66,1,33,18,1.5
2026-05-10 20:05,R05,15,off-peak,55,52,0,45,16,-5.5
2026-08-18 19:57,R12,14,off-peak,50,46,0,25,15,-8.0
2026-03-24 18:45,R10,13,off-peak,68,69,1,24,20,1.5
2026-03-20 11:08,R04,6,off-peak,65,62,0,15,18,-4.6
2026-05-27 11:52,R15,6,off-peak,73,67,0,19,21,-8.2
2026-07-02 00:04,R04,19,peak,65,86,21,45,18,32.3
2026-05-16 14:08,R04,9,peak,65,76,11,50,18,16.9
2026-08-21 15:09,R13,10,off-peak,56,59,3,42,17,5.4
2026-04-24 16:40,R20,11,off-peak,108,110,2,34,33,1.9
2026-06-23 00:55,R05,19,peak,55,71,16,50,16,29.1
2026-06-07 14:22,R05,9,peak,55,70,15,60,16,27.3
2026-05-03 21:17,R14,16,off-peak,88,96,8,22,27,9.1
2026-08-24 20:01,R20,15,off-peak,108,118,10,20,33,9.3
2026-07-09 17:12,R10,12,off-peak,68,70,2,27,20,2.9
2026-03-29 18:15,R02,13,off-peak,75,77,2,17,22,2.7
2026-03-04 13:23,R16,8,peak,115,145,30,50,34,26.1
2026-08-23 00:11,R19,19,peak,93,111,18,42,29,19.4
2026-03-18 13:00,R16,8,peak,115,121,6,44,34,5.2
2026-08-08 23:45,R02,18,peak,75,93,18,48,22,24.0
2026-06-12 00:05,R17,19,peak,67,81,14,35,20,20.9
2026-03-21 19:32,R05,14,off-peak,55,51,0,16,16,-7.3
2026-06-09 15:37,R07,10,off-peak,80,83,3,12,24,3.8
2026-05-01 20:03,R03,15,off-peak,85,91,6,10,26,7.1
2026-03-30 13:29,R08,8,peak,78,110,32,41,23,41.0
2026-04-05 14:44,R06,9,peak,110,116,6,42,32,5.5
2026-05-28 16:33,R01,11,off-peak,95,98,3,5,28,3.2
2026-05-08 16:46,R09,11,off-peak,100,100,0,25,30,0.0
2026-06-18 11:17,R04,6,off-peak,65,64,0,18,18,-1.5
2026-07-09 13:23,R19,8,peak,93,116,23,43,29,24.7
2026-04-13 02:23,R02,21,off-peak,75,83,8,39,22,10.7
2026-07-09 14:00,R19,9,peak,93,106,13,60,29,14.0
2026-06-29 11:23,R02,6,off-peak,75,73,0,22,22,-2.7
2026-05-04 00:26,R02,19,peak,75,85,10,49,22,13.3
2026-07-25 19:23,R11,14,off-peak,62,68,6,41,19,9.7
2026-07-11 16:02,R02,11,off-peak,75,72,0,40,22,-4.0
2026-05-12 13:49,R13,8,peak,56,78,22,50,17,39.3
2026-04-22 01:18,R18,20,off-peak,105,96,0,19,31,-8.6
2026-05-02 20:29,R19,15,off-peak,93,101,8,6,29,8.6
2026-06-13 18:01,R07,13,off-peak,80,76,0,51,24,-5.0
2026-08-25 22:56,R08,17,peak,78,101,23,55,23,29.5
2026-07-14 20:15,R13,15,off-peak,56,52,0,28,17,-7.1
2026-04-07 02:45,R14,21,off-peak,88,100,12,27,27,13.6
2026-06-05 00:29,R08,19,peak,78,103,25,48,23,32.1
2026-08-11 14:52,R03,9,peak,85,106,21,32,26,24.7
2026-04-04 00:15,R02,19,peak,75,98,23,54,22,30.7
2026-06-09 19:44,R10,14,off-peak,68,75,7,33,20,10.3
2026-04-21 19:08,R15,14,off-peak,73,71,0,18,21,-2.7
2026-04-12 14:28,R19,9,peak,93,103,10,33,29,10.8
2026-04-23 22:28,R18,17,peak,105,150,45,47,31,42.9
2026-04-01 01:05,R10,20,off-peak,68,66,0,38,20,-2.9
2026-05-23 12:09,R20,7,peak,108,122,14,60,33,13.0
2026-06-10 18:32,R03,13,off-peak,85,97,12,37,26,14.1
2026-06-24 11:35,R06,6,off-peak,110,125,15,31,32,13.6
2026-03-27 18:51,R18,13,off-peak,105,98,0,29,31,-6.7
2026-06-11 18:23,R02,13,off-peak,75,71,0,22,22,-5.3
2026-03-20 19:01,R03,14,off-peak,85,96,11,35,26,12.9
2026-05-24 15:07,R15,10,off-peak,73,68,0,27,21,-6.8
2026-07-26 01:27,R02,20,off-peak,75,69,0,33,22,-8.0
2026-04-14 23:22,R01,18,peak,95,125,30,34,28,31.6
2026-06-23 16:56,R07,11,off-peak,80,78,0,37,24,-2.5
2026-07-06 18:26,R20,13,off-peak,108,115,7,41,33,6.5
2026-05-12 02:24,R18,21,off-peak,105,98,0,33,31,-6.7
2026-07-18 18:50,R17,13,off-peak,67,71,4,34,20,6.0
2026-05-31 23:30,R01,18,peak,95,129,34,31,28,35.8
2026-04-16 21:01,R19,16,off-peak,93,93,0,24,29,0.0
2026-05-11 18:03,R11,13,off-peak,62,57,0,32,19,-8.1
2026-03-26 18:15,R12,13,off-peak,50,57,7,15,15,14.0
2026-03-15 19:48,R08,14,off-peak,78,81,3,36,23,3.8
2026-04-14 22:11,R13,17,peak,56,79,23,44,17,41.1
2026-08-26 21:22,R08,16,off-peak,78,86,8,30,23,10.3
2026-04-18 15:53,R12,10,off-peak,50,52,2,26,15,4.0
2026-03-10 20:05,R16,15,off-peak,115,110,0,43,34,-4.3
2026-08-06 02:12,R01,21,off-peak,95,87,0,33,28,-8.4
2026-05-22 21:03,R05,16,off-peak,55,59,4,43,16,7.3
2026-06-02 14:04,R05,9,peak,55,76,21,47,16,38.2
2026-05-26 23:19,R12,18,peak,50,64,14,30,15,28.0
2026-04-15 02:45,R14,21,off-peak,88,94,6,57,27,6.8
2026-07-29 22:52,R18,17,peak,105,119,14,49,31,13.3
2026-03-01 15:44,R10,10,off-peak,68,65,0,37,20,-4.4
2026-07-24 23:02,R19,18,peak,93,129,36,49,29,38.7
2026-03-27 18:59,R20,13,off-peak,108,115,7,37,33,6.5
2026-03-20 15:15,R16,10,off-peak,115,114,0,21,34,-0.9
2026-05-07 21:13,R03,16,off-peak,85,86,1,36,26,1.2
2026-03-28 13:46,R08,8,peak,78,92,14,56,23,17.9
2026-07-05 16:56,R14,11,off-peak,88,98,10,28,27,11.4
2026-03-26 22:53,R13,17,peak,56,71,15,21,17,26.8
2026-03-09 16:18,R08,11,off-peak,78,79,1,31,23,1.3
2026-03-27 21:04,R01,16,off-peak,95,93,0,14,28,-2.1
2026-03-24 13:21,R06,8,peak,110,139,29,60,32,26.4
2026-06-20 02:41,R20,21,off-peak,108,116,8,40,33,7.4
2026-04-22 12:12,R06,7,peak,110,119,9,60,32,8.2
2026-05-16 19:15,R14,14,off-peak,88,94,6,37,27,6.8
2026-06-02 02:00,R18,21,off-peak,105,100,0,34,31,-4.8
2026-08-17 13:40,R14,8,peak,88,102,14,38,27,15.9
2026-05-14 17:05,R01,12,off-peak,95,91,0,23,28,-4.2
2026-06-10 14:30,R16,9,peak,115,134,19,27,34,16.5
2026-06-06 23:23,R03,18,peak,85,95,10,46,26,11.8
2026-06-22 01:29,R06,20,off-peak,110,102,0,26,32,-7.3
2026-08-26 12:42,R19,7,peak,93,103,10,60,29,10.8
2026-07-17 13:26,R04,8,peak,65,85,20,60,18,30.8
2026-07-12 12:26,R18,7,peak,105,145,40,42,31,38.1
2026-05-01 02:30,R18,21,off-peak,105,110,5,24,31,4.8
2026-06-23 15:11,R02,10,off-peak,75,71,0,39,22,-5.3
2026-04-02 17:02,R06,12,off-peak,110,121,11,1,32,10.0
2026-08-08 17:09,R14,12,off-peak,88,101,13,44,27,14.8
2026-03-18 19:05,R20,14,off-peak,108,107,0,18,33,-0.9
2026-03-04 19:50,R11,14,off-peak,62,64,2,35,19,3.2
2026-04-09 00:09,R20,19,peak,108,118,10,30,33,9.3
2026-03-26 14:50,R04,9,peak,65,82,17,38,18,26.2
2026-05-07 22:24,R10,17,peak,68,95,27,36,20,39.7
2026-06-12 12:09,R16,7,peak,115,128,13,32,34,11.3
2026-05-24 23:44,R20,18,peak,108,115,7,46,33,6.5
2026-05-17 22:19,R09,17,peak,100,105,5,60,30,5.0
2026-08-24 02:06,R09,21,off-peak,100,111,11,36,30,11.0
2026-05-23 01:17,R10,20,off-peak,68,74,6,26,20,8.8
2026-04-24 13:58,R14,8,peak,88,99,11,53,27,12.5
2026-07-10 22:50,R17,17,peak,67,92,25,27,20,37.3
2026-07-08 13:25,R06,8,peak,110,129,19,60,32,17.3
2026-04-21 11:53,R19,6,off-peak,93,89,0,45,29,-4.3
2026-03-13 18:58,R02,13,off-peak,75,69,0,22,22,-8.0
2026-08-11 01:59,R12,20,off-peak,50,51,1,34,15,2.0
2026-07-04 11:38,R04,6,off-peak,65,63,0,1,18,-3.1
2026-05-06 22:47,R16,17,peak,115,136,21,55,34,18.3
2026-03-13 20:10,R03,15,off-peak,85,78,0,40,26,-8.2
2026-08-21 18:13,R07,13,off-peak,80,85,5,11,24,6.2
2026-08-23 00:00,R09,19,peak,100,125,25,38,30,25.0
2026-08-03 11:51,R06,6,off-peak,110,106,0,29,32,-3.6
2026-06-05 19:54,R10,14,off-peak,68,69,1,22,20,1.5
2026-08-07 20:25,R15,15,off-peak,73,78,5,35,21,6.8
2026-08-17 14:53,R19,9,peak,93,97,4,53,29,4.3
2026-03-28 20:30,R20,15,off-peak,108,106,0,14,33,-1.9
2026-08-11 21:20,R03,16,off-peak,85,97,12,34,26,14.1
2026-05-01 17:57,R10,12,off-peak,68,64,0,20,20,-5.9
2026-08-22 23:08,R02,18,peak,75,98,23,41,22,30.7
2026-06-12 19:24,R10,14,off-peak,68,76,8,10,20,11.8
2026-04-26 17:43,R02,12,off-peak,75,74,0,7,22,-1.3
2026-08-16 20:56,R12,15,off-peak,50,55,5,23,15,10.0
2026-06-29 16:08,R18,11,off-peak,105,103,0,26,31,-1.9
2026-05-25 16:41,R18,11,off-peak,105,119,14,8,31,13.3
2026-05-18 18:26,R03,13,off-peak,85,85,0,30,26,0.0
2026-03-31 20:30,R09,15,off-peak,100,102,2,17,30,2.0
2026-04-19 13:32,R02,8,peak,75,92,17,58,22,22.7
2026-04-08 20:08,R17,15,off-peak,67,68,1,40,20,1.5
2026-07-24 21:57,R07,16,off-peak,80,81,1,39,24,1.2
2026-07-03 16:21,R11,11,off-peak,62,68,6,20,19,9.7
2026-03-02 21:28,R06,16,off-peak,110,117,7,25,32,6.4
2026-03-23 16:08,R06,11,off-peak,110,113,3,48,32,2.7
2026-06-13 00:27,R20,19,peak,108,140,32,56,33,29.6
2026-03-04 17:57,R02,12,off-peak,75,81,6,25,22,8.0
2026-03-02 17:40,R11,12,off-peak,62,57,0,27,19,-8.1
2026-06-07 20:32,R12,15,off-peak,50,47,0,19,15,-6.0
2026-03-12 20:19,R19,15,off-peak,93,89,0,40,29,-4.3
2026-08-23 21:08,R17,16,off-peak,67,68,1,23,20,1.5
2026-04-19 02:10,R11,21,off-peak,62,62,0,53,19,0.0
2026-04-03 11:13,R13,6,off-peak,56,54,0,19,17,-3.6
2026-08-14 16:50,R01,11,off-peak,95,90,0,51,28,-5.3
2026-03-13 12:42,R09,7,peak,100,128,28,50,30,28.0
2026-03-30 11:26,R04,6,off-peak,65,60,0,22,18,-7.7
2026-04-23 02:44,R09,21,off-peak,100,108,8,30,30,8.0
2026-03-26 20:42,R01,15,off-peak,95,96,1,11,28,1.1
2026-03-28 00:32,R05,19,peak,55,76,21,42,16,38.2
2026-03-28 14:31,R20,9,peak,108,125,17,47,33,15.7
2026-06-13 17:18,R09,12,off-peak,100,100,0,35,30,0.0
2026-04-23 12:44,R06,7,peak,110,139,29,54,32,26.4
2026-03-29 11:53,R01,6,off-peak,95,102,7,23,28,7.4
2026-03-25 02:49,R19,21,off-peak,93,88,0,8,29,-5.4
2026-06-25 19:18,R04,14,off-peak,65,69,4,26,18,6.2
2026-04-15 01:55,R09,20,off-peak,100,93,0,37,30,-7.0
2026-03-26 00:54,R11,19,peak,62,83,21,47,19,33.9
2026-08-17 11:41,R02,6,off-peak,75,83,8,33,22,10.7
2026-03-24 19:23,R15,14,off-peak,73,81,8,37,21,11.0
2026-06-11 16:29,R11,11,off-peak,62,58,0,26,19,-6.5
2026-04-13 00:07,R16,19,peak,115,150,35,56,34,30.4
2026-04-10 12:06,R05,7,peak,55,79,24,31,16,43.6
2026-06-07 01:49,R19,20,off-peak,93,89,0,36,29,-4.3
2026-04-03 11:30,R12,6,off-peak,50,55,5,33,15,10.0
2026-05-07 01:41,R14,20,off-peak,88,81,0,25,27,-8.0
2026-08-21 11:33,R11,6,off-peak,62,67,5,29,19,8.1
2026-08-19 18:55,R19,13,off-peak,93,106,13,12,29,14.0
2026-05-03 14:30,R11,9,peak,62,75,13,34,19,21.0
2026-07-21 15:57,R13,10,off-peak,56,62,6,42,17,10.7
2026-04-10 12:32,R20,7,peak,108,113,5,58,33,4.6
2026-05-22 13:15,R06,8,peak,110,148,38,25,32,34.5
2026-04-27 19:35,R11,14,off-peak,62,57,0,20,19,-8.1
2026-07-25 13:28,R08,8,peak,78,96,18,35,23,23.1
2026-04-01 02:31,R03,21,off-peak,85,86,1,27,26,1.2
2026-07-20 00:00,R13,19,peak,56,59,3,42,17,5.4
2026-07-22 20:13,R03,15,off-peak,85,95,10,20,26,11.8
2026-04-27 22:54,R11,17,peak,62,85,23,34,19,37.1
2026-08-06 21:38,R15,16,off-peak,73,76,3,10,21,4.1
2026-08-16 14:14,R15,9,peak,73,79,6,47,21,8.2
2026-08-10 21:51,R01,16,off-peak,95,95,0,24,28,0.0
2026-07-05 12:08,R04,7,peak,65,91,26,59,18,40.0
2026-04-20 14:12,R14,9,peak,88,101,13,60,27,14.8
2026-04-19 01:45,R07,20,off-peak,80,88,8,44,24,10.0
2026-03-12 14:59,R11,9,peak,62,83,21,33,19,33.9
2026-07-30 01:32,R04,20,off-peak,65,66,1,14,18,1.5
2026-03-14 02:35,R05,21,off-peak,55,50,0,49,16,-9.1
2026-04-14 16:46,R16,11,off-peak,115,124,9,18,34,7.8
2026-08-01 14:38,R05,9,peak,55,66,11,55,16,20.0
2026-08-26 00:48,R13,19,peak,56,80,24,35,17,42.9
2026-05-27 19:18,R08,14,off-peak,78,78,0,21,23,0.0
2026-07-19 20:55,R14,15,off-peak,88,98,10,29,27,11.4
2026-08-07 17:45,R11,12,off-peak,62,59,0,25,19,-4.8
2026-08-25 16:40,R05,11,off-peak,55,56,1,38,16,1.8
2026-07-22 14:30,R11,9,peak,62,83,21,20,19,33.9
2026-06-17 20:51,R14,15,off-peak,88,98,10,13,27,11.4
2026-04-07 14:03,R01,9,peak,95,100,5,41,28,5.3
2026-04-07 20:53,R06,15,off-peak,110,118,8,20,32,7.3
2026-07-17 20:02,R02,15,off-peak,75,72,0,19,22,-4.0
2026-07-22 18:24,R20,13,off-peak,108,117,9,38,33,8.3
2026-03-13 20:59,R08,15,off-peak,78,84,6,18,23,7.7
2026-05-04 12:12,R11,7,peak,62,65,3,53,19,4.8
2026-08-11 01:45,R20,20,off-peak,108,119,11,25,33,10.2
2026-04-19 17:18,R19,12,off-peak,93,102,9,16,29,9.7
2026-03-20 16:11,R15,11,off-peak,73,83,10,47,21,13.7
2026-05-11 23:35,R04,18,peak,65,69,4,40,18,6.2
2026-05-05 15:00,R09,10,off-peak,100,95,0,18,30,-5.0
2026-05-22 12:38,R05,7,peak,55,61,6,60,16,10.9
2026-07-25 20:35,R02,15,off-peak,75,77,2,14,22,2.7
2026-07-12 18:04,R11,13,off-peak,62,70,8,44,19,12.9
2026-07-16 16:25,R17,11,off-peak,67,68,1,35,20,1.5
2026-05-15 21:13,R07,16,off-peak,80,79,0,32,24,-1.2
2026-08-15 02:00,R20,21,off-peak,108,124,16,36,33,14.8
2026-08-22 18:56,R08,13,off-peak,78,88,10,35,23,12.8
2026-03-30 23:24,R11,18,peak,62,87,25,44,19,40.3
2026-07-09 22:28,R01,17,peak,95,119,24,60,28,25.3
2026-08-14 12:12,R16,7,peak,115,134,19,42,34,16.5
2026-07-16 16:34,R04,11,off-peak,65,74,9,32,18,13.8
2026-08-09 13:49,R01,8,peak,95,107,12,49,28,12.6
2026-08-27 17:56,R04,12,off-peak,65,67,2,45,18,3.1
2026-04-09 13:01,R14,8,peak,88,118,30,34,27,34.1
2026-05-04 13:35,R03,8,peak,85,91,6,47,26,7.1
2026-06-13 18:24,R03,13,off-peak,85,96,11,16,26,12.9
2026-03-31 11:34,R11,6,off-peak,62,62,0,31,19,0.0
2026-07-28 13:02,R01,8,peak,95,128,33,43,28,34.7
2026-08-23 14:19,R17,9,peak,67,78,11,40,20,16.4
2026-06-21 13:24,R20,8,peak,108,125,17,31,33,15.7
2026-04-04 16:47,R16,11,off-peak,115,119,4,38,34,3.5
2026-04-06 20:19,R13,15,off-peak,56,63,7,16,17,12.5
2026-07-21 11:09,R12,6,off-peak,50,52,2,4,15,4.0
2026-07-31 12:25,R04,7,peak,65,68,3,16,18,4.6
2026-05-28 17:13,R10,12,off-peak,68,74,6,21,20,8.8
2026-04-26 15:39,R14,10,off-peak,88,84,0,32,27,-4.5
2026-07-19 12:29,R06,7,peak,110,152,42,38,32,38.2
2026-03-18 13:16,R18,8,peak,105,122,17,60,31,16.2
2026-08-19 21:41,R16,16,off-peak,115,115,0,39,34,0.0
2026-03-18 14:57,R08,9,peak,78,90,12,49,23,15.4
2026-04-09 20:36,R11,15,off-peak,62,66,4,40,19,6.5
2026-06-18 22:10,R19,17,peak,93,127,34,54,29,36.6
2026-06-02 00:08,R08,19,peak,78,90,12,45,23,15.4
2026-06-01 02:49,R11,21,off-peak,62,63,1,22,19,1.6
2026-04-05 13:57,R06,8,peak,110,152,42,59,32,38.2
2026-08-08 17:04,R18,12,off-peak,105,102,0,24,31,-2.9
2026-07-27 11:25,R17,6,off-peak,67,74,7,2,20,10.4
2026-07-20 17:16,R19,12,off-peak,93,104,11,1,29,11.8
2026-04-27 15:57,R16,10,off-peak,115,115,0,16,34,0.0
2026-07-07 20:32,R19,15,off-peak,93,88,0,37,29,-5.4
2026-08-05 18:43,R01,13,off-peak,95,105,10,34,28,10.5
2026-04-15 15:36,R06,10,off-peak,110,112,2,44,32,1.8
2026-03-12 02:14,R05,21,off-peak,55,62,7,22,16,12.7
2026-06-03 18:14,R16,13,off-peak,115,107,0,35,34,-7.0
2026-06-25 23:56,R12,18,peak,50,61,11,47,15,22.0
2026-05-22 12:06,R02,7,peak,75,108,33,40,22,44.0
2026-07-24 19:11,R09,14,off-peak,100,105,5,14,30,5.0
2026-08-15 23:57,R13,18,peak,56,66,10,52,17,17.9
2026-05-30 18:52,R13,13,off-peak,56,58,2,15,17,3.6
2026-08-03 02:00,R12,21,off-peak,50,55,5,21,15,10.0
2026-08-12 18:17,R06,13,off-peak,110,103,0,27,32,-6.4
2026-06-01 15:38,R07,10,off-peak,80,77,0,26,24,-3.8
2026-03-31 00:30,R08,19,peak,78,107,29,39,23,37.2
2026-04-12 02:41,R16,21,off-peak,115,111,0,29,34,-3.5
2026-04-11 15:08,R02,10,off-peak,75,78,3,25,22,4.0
2026-04-07 12:03,R17,7,peak,67,94,27,58,20,40.3
2026-07-23 23:40,R17,18,peak,67,86,19,60,20,28.4
2026-04-25 20:28,R01,15,off-peak,95,108,13,17,28,13.7
2026-06-14 16:38,R16,11,off-peak,115,111,0,19,34,-3.5
2026-07-09 16:16,R05,11,off-peak,55,58,3,37,16,5.5
2026-06-07 13:08,R15,8,peak,73,83,10,60,21,13.7
2026-07-08 11:43,R04,6,off-peak,65,62,0,22,18,-4.6
2026-08-05 16:38,R04,11,off-peak,65,66,1,31,18,1.5
2026-08-16 14:08,R02,9,peak,75,81,6,57,22,8.0
2026-06-04 00:55,R01,19,peak,95,119,24,36,28,25.3
2026-07-03 00:50,R02,19,peak,75,85,10,46,22,13.3
2026-05-05 14:30,R19,9,peak,93,113,20,33,29,21.5
2026-07-18 13:26,R08,8,peak,78,90,12,44,23,15.4
2026-06-05 14:41,R01,9,peak,95,119,24,46,28,25.3
2026-03-28 21:09,R07,16,off-peak,80,81,1,13,24,1.2
2026-08-05 00:17,R09,19,peak,100,127,27,52,30,27.0
2026-07-21 17:30,R13,12,off-peak,56,56,0,34,17,0.0
2026-07-26 19:22,R16,14,off-peak,115,131,16,41,34,13.9
2026-08-16 15:07,R13,10,off-peak,56,62,6,27,17,10.7
2026-06-11 14:50,R06,9,peak,110,124,14,31,32,12.7
2026-08-10 12:00,R11,7,peak,62,69,7,52,19,11.3
2026-05-08 00:14,R16,19,peak,115,124,9,23,34,7.8
2026-06-07 13:59,R12,8,peak,50,64,14,60,15,28.0
2026-07-31 20:03,R17,15,off-peak,67,72,5,26,20,7.5
2026-04-22 02:54,R06,21,off-peak,110,112,2,16,32,1.8
2026-08-01 17:32,R10,12,off-peak,68,63,0,9,20,-7.4
2026-08-20 18:02,R17,13,off-peak,67,71,4,16,20,6.0
2026-06-11 13:22,R06,8,peak,110,159,49,58,32,44.5
2026-07-11 23:00,R13,18,peak,56,71,15,44,17,26.8
2026-07-22 20:58,R03,15,off-peak,85,92,7,23,26,8.2
2026-05-10 22:14,R19,17,peak,93,110,17,38,29,18.3
2026-06-13 11:32,R13,6,off-peak,56,54,0,23,17,-3.6
2026-05-27 13:07,R04,8,peak,65,81,16,54,18,24.6
2026-06-05 19:36,R18,14,off-peak,105,113,8,1,31,7.6
2026-06-26 18:43,R16,13,off-peak,115,125,10,12,34,8.7
2026-03-19 02:24,R01,21,off-peak,95,89,0,31,28,-6.3
2026-06-14 18:22,R08,13,off-peak,78,86,8,26,23,10.3
2026-06-11 18:43,R09,13,off-peak,100,98,0,27,30,-2.0
2026-04-15 13:30,R11,8,peak,62,78,16,41,19,25.8
2026-08-22 19:59,R19,14,off-peak,93,89,0,35,29,-4.3
2026-05-01 02:47,R07,21,off-peak,80,87,7,28,24,8.8
2026-08-06 17:22,R08,12,off-peak,78,86,8,37,23,10.3
2026-03-21 14:43,R05,9,peak,55,60,5,58,16,9.1
2026-06-04 12:39,R01,7,peak,95,131,36,41,28,37.9
2026-07-27 02:55,R11,21,off-peak,62,69,7,26,19,11.3
2026-07-26 19:08,R17,14,off-peak,67,67,0,35,20,0.0
2026-07-18 00:02,R02,19,peak,75,93,18,32,22,24.0
2026-08-27 01:33,R06,20,off-peak,110,125,15,27,32,13.6
2026-03-04 21:43,R15,16,off-peak,73,78,5,31,21,6.8
2026-05-06 22:11,R11,17,peak,62,80,18,60,19,29.0
2026-06-29 19:39,R18,14,off-peak,105,102,0,23,31,-2.9
2026-06-04 17:23,R14,12,off-peak,88,89,1,34,27,1.1
2026-07-25 19:08,R13,14,off-peak,56,57,1,46,17,1.8
2026-07-21 19:27,R04,14,off-peak,65,71,6,25,18,9.2
2026-04-08 17:30,R13,12,off-peak,56,53,0,30,17,-5.4
2026-08-09 15:33,R16,10,off-peak,115,132,17,20,34,14.8
2026-05-16 21:16,R18,16,off-peak,105,115,10,13,31,9.5
2026-03-16 14:13,R13,9,peak,56,74,18,39,17,32.1
2026-03-26 02:28,R09,21,off-peak,100,111,11,27,30,11.0
2026-06-14 19:07,R12,14,off-peak,50,49,0,18,15,-2.0
2026-08-14 17:41,R12,12,off-peak,50,52,2,1,15,4.0
2026-07-09 22:31,R10,17,peak,68,80,12,37,20,17.6
2026-05-13 13:29,R15,8,peak,73,87,14,40,21,19.2
2026-08-04 21:36,R06,16,off-peak,110,111,1,23,32,0.9
2026-05-27 13:14,R13,8,peak,56,60,4,38,17,7.1
2026-06-22 23:49,R09,18,peak,100,115,15,60,30,15.0
2026-04-18 01:54,R12,20,off-peak,50,50,0,47,15,0.0
2026-06-10 13:06,R09,8,peak,100,113,13,47,30,13.0
2026-06-30 13:35,R04,8,peak,65,92,27,60,18,41.5
2026-08-06 13:09,R17,8,peak,67,73,6,51,20,9.0
2026-05-03 23:47,R03,18,peak,85,99,14,41,26,16.5
2026-08-17 16:22,R05,11,off-peak,55,50,0,44,16,-9.1
2026-07-18 02:59,R11,21,off-peak,62,63,1,26,19,1.6
2026-06-25 16:40,R18,11,off-peak,105,110,5,40,31,4.8
2026-08-12 00:34,R19,19,peak,93,117,24,40,29,25.8
2026-06-22 18:19,R18,13,off-peak,105,116,11,38,31,10.5
2026-05-18 00:00,R12,19,peak,50,57,7,60,15,14.0
2026-07-15 22:00,R05,17,peak,55,64,9,45,16,16.4
2026-06-20 02:51,R16,21,off-peak,115,113,0,25,34,-1.7
2026-07-22 22:27,R01,17,peak,95,106,11,53,28,11.6
2026-08-13 18:24,R13,13,off-peak,56,53,0,32,17,-5.4
2026-07-12 00:48,R03,19,peak,85,110,25,37,26,29.4
2026-07-15 19:51,R20,14,off-peak,108,106,0,27,33,-1.9
2026-03-29 16:40,R03,11,off-peak,85,80,0,35,26,-5.9
2026-08-08 01:31,R15,20,off-peak,73,71,0,28,21,-2.7
2026-03-27 11:18,R02,6,off-peak,75,72,0,30,22,-4.0
2026-03-03 15:14,R09,10,off-peak,100,108,8,29,30,8.0
2026-07-06 21:23,R07,16,off-peak,80,81,1,29,24,1.2
2026-04-07 12:03,R15,7,peak,73,86,13,43,21,17.8
2026-05-05 02:52,R18,21,off-peak,105,100,0,39,31,-4.8
2026-05-03 11:24,R13,6,off-peak,56,53,0,29,17,-5.4
2026-03-25 17:33,R02,12,off-peak,75,76,1,15,22,1.3
2026-05-20 02:59,R07,21,off-peak,80,80,0,20,24,0.0
2026-08-11 14:19,R02,9,peak,75,86,11,60,22,14.7
2026-08-18 22:13,R07,17,peak,80,112,32,53,24,40.0
2026-05-10 21:37,R14,16,off-peak,88,81,0,26,27,-8.0
2026-03-03 23:02,R04,18,peak,65,88,23,28,18,35.4
2026-03-23 15:15,R20,10,off-peak,108,108,0,19,33,0.0
2026-08-07 02:21,R06,21,off-peak,110,103,0,60,32,-6.4
2026-04-09 12:44,R02,7,peak,75,89,14,27,22,18.7
2026-04-29 14:20,R18,9,peak,105,115,10,60,31,9.5
2026-03-07 01:44,R12,20,off-peak,50,54,4,25,15,8.0
2026-05-04 22:57,R13,17,peak,56,75,19,60,17,33.9
2026-07-04 20:12,R18,15,off-peak,105,109,4,32,31,3.8
2026-05-22 16:46,R19,11,off-peak,93,97,4,4,29,4.3
2026-04-09 16:28,R20,11,off-peak,108,101,0,32,33,-6.5
2026-06-25 19:00,R10,14,off-peak,68,71,3,30,20,4.4
2026-06-02 11:49,R06,6,off-peak,110,116,6,13,32,5.5
2026-03-17 18:42,R20,13,off-peak,108,107,0,49,33,-0.9
2026-04-10 02:39,R07,21,off-peak,80,87,7,23,24,8.8
2026-05-22 21:07,R10,16,off-peak,68,68,0,42,20,0.0
2026-03-09 15:12,R02,10,off-peak,75,72,0,38,22,-4.0
2026-03-10 02:36,R04,21,off-peak,65,62,0,20,18,-4.6
2026-04-26 19:38,R16,14,off-peak,115,107,0,18,34,-7.0
2026-04-23 11:41,R03,6,off-peak,85,96,11,2,26,12.9
2026-03-17 01:23,R03,20,off-peak,85,93,8,29,26,9.4
2026-03-16 00:52,R18,19,peak,105,144,39,34,31,37.1
2026-04-25 20:33,R03,15,off-peak,85,79,0,18,26,-7.1
2026-07-15 14:24,R04,9,peak,65,87,22,50,18,33.8
2026-07-21 16:26,R08,11,off-peak,78,81,3,41,23,3.8
2026-08-27 22:42,R04,17,peak,65,85,20,39,18,30.8
2026-08-16 23:10,R06,18,peak,110,137,27,47,32,24.5
2026-05-21 01:35,R18,20,off-peak,105,119,14,38,31,13.3
2026-06-20 00:52,R12,19,peak,50,67,17,44,15,34.0
2026-04-24 18:24,R11,13,off-peak,62,65,3,30,19,4.8
2026-06-23 22:25,R09,17,peak,100,143,43,17,30,43.0
2026-07-31 12:01,R01,7,peak,95,137,42,7,28,44.2
2026-04-26 11:13,R10,6,off-peak,68,67,0,23,20,-1.5
2026-08-24 11:52,R11,6,off-peak,62,68,6,25,19,9.7
2026-06-26 15:22,R18,10,off-peak,105,98,0,43,31,-6.7
2026-07-28 15:15,R05,10,off-peak,55,53,0,30,16,-3.6
2026-04-25 23:46,R03,18,peak,85,108,23,60,26,27.1
2026-04-14 21:31,R03,16,off-peak,85,93,8,36,26,9.4
2026-05-16 14:02,R19,9,peak,93,119,26,28,29,28.0
2026-03-15 23:58,R19,18,peak,93,100,7,46,29,7.5
2026-04-01 00:55,R14,19,peak,88,125,37,33,27,42.0
2026-08-09 11:24,R08,6,off-peak,78,83,5,41,23,6.4
2026-08-26 15:14,R11,10,off-peak,62,61,0,32,19,-1.6
2026-06-09 12:28,R05,7,peak,55,72,17,45,16,30.9
2026-06-09 18:09,R03,13,off-peak,85,86,1,12,26,1.2
2026-07-25 21:47,R05,16,off-peak,55,51,0,39,16,-7.3
2026-08-26 23:08,R03,18,peak,85,106,21,48,26,24.7
2026-07-04 02:25,R05,21,off-peak,55,57,2,23,16,3.6
2026-05-08 18:49,R20,13,off-peak,108,105,0,21,33,-2.8
2026-07-26 21:05,R14,16,off-peak,88,94,6,37,27,6.8
2026-05-28 22:38,R12,17,peak,50,56,6,53,15,12.0
2026-05-29 20:39,R01,15,off-peak,95,91,0,37,28,-4.2
2026-04-29 15:12,R20,10,off-peak,108,110,2,8,33,1.9
2026-03-22 15:07,R12,10,off-peak,50,54,4,27,15,8.0
2026-05-13 15:00,R20,10,off-peak,108,120,12,19,33,11.1
2026-06-29 14:01,R11,9,peak,62,72,10,35,19,16.1
2026-05-06 17:35,R07,12,off-peak,80,83,3,45,24,3.8
2026-08-19 15:01,R16,10,off-peak,115,124,9,9,34,7.8
2026-03-16 12:18,R17,7,peak,67,77,10,60,20,14.9
2026-08-15 19:00,R07,14,off-peak,80,74,0,44,24,-7.5
2026-08-14 14:24,R12,9,peak,50,52,2,52,15,4.0
2026-03-26 23:57,R08,18,peak,78,97,19,35,23,24.4
2026-07-07 13:29,R18,8,peak,105,118,13,60,31,12.4
2026-07-14 11:19,R18,6,off-peak,105,97,0,21,31,-7.6
2026-05-30 11:22,R06,6,off-peak,110,109,0,38,32,-0.9
2026-07-07 18:17,R10,13,off-peak,68,78,10,34,20,14.7
2026-05-11 11:14,R13,6,off-peak,56,63,7,12,17,12.5
2026-08-16 21:08,R05,16,off-peak,55,61,6,38,16,10.9
2026-07-25 18:09,R20,13,off-peak,108,109,1,34,33,0.9
2026-05-24 20:28,R14,15,off-peak,88,99,11,20,27,12.5
2026-05-19 17:44,R05,12,off-peak,55,61,6,25,16,10.9
2026-04-07 15:41,R17,10,off-peak,67,68,1,52,20,1.5
2026-03-31 13:11,R11,8,peak,62,78,16,34,19,25.8
2026-05-21 15:56,R11,10,off-peak,62,67,5,58,19,8.1
2026-08-12 01:59,R10,20,off-peak,68,74,6,22,20,8.8
2026-03-28 15:08,R09,10,off-peak,100,109,9,36,30,9.0
2026-08-04 19:14,R20,14,off-peak,108,114,6,46,33,5.6
2026-03-07 18:22,R20,13,off-peak,108,105,0,46,33,-2.8
2026-06-05 02:11,R05,21,off-peak,55,59,4,37,16,7.3
2026-04-12 02:12,R13,21,off-peak,56,57,1,29,17,1.8
2026-04-26 19:47,R01,14,off-peak,95,108,13,40,28,13.7
2026-06-21 17:55,R07,12,off-peak,80,74,0,14,24,-7.5
2026-03-11 18:38,R15,13,off-peak,73,74,1,15,21,1.4
2026-07-25 21:38,R13,16,off-peak,56,56,0,11,17,0.0
2026-03-11 14:56,R02,9,peak,75,92,17,41,22,22.7
2026-03-11 23:35,R08,18,peak,78,112,34,29,23,43.6
2026-06-10 17:56,R02,12,off-peak,75,74,0,41,22,-1.3
2026-06-17 20:18,R10,15,off-peak,68,69,1,24,20,1.5
2026-08-13 15:28,R17,10,off-peak,67,68,1,25,20,1.5
2026-07-28 14:57,R03,9,peak,85,95,10,42,26,11.8
2026-04-15 21:29,R14,16,off-peak,88,90,2,21,27,2.3
2026-03-24 17:16,R19,12,off-peak,93,104,11,20,29,11.8
2026-06-24 14:40,R06,9,peak,110,119,9,60,32,8.2
2026-06-07 13:46,R12,8,peak,50,62,12,48,15,24.0
2026-03-12 23:49,R06,18,peak,110,139,29,31,32,26.4
2026-08-16 21:55,R06,16,off-peak,110,115,5,42,32,4.5
2026-05-19 12:46,R06,7,peak,110,133,23,60,32,20.9
2026-03-31 20:57,R15,15,off-peak,73,77,4,33,21,5.5
2026-07-06 19:54,R20,14,off-peak,108,99,0,33,33,-8.3
2026-07-05 11:15,R16,6,off-peak,115,121,6,31,34,5.2
2026-08-02 00:38,R15,19,peak,73,89,16,60,21,21.9
2026-05-11 18:39,R01,13,off-peak,95,106,11,12,28,11.6
2026-03-15 12:41,R07,7,peak,80,89,9,28,24,11.2
2026-03-09 12:42,R12,7,peak,50,55,5,30,15,10.0
2026-06-15 13:11,R11,8,peak,62,66,4,37,19,6.5
2026-08-25 20:44,R06,15,off-peak,110,116,6,10,32,5.5
2026-06-02 01:59,R06,20,off-peak,110,120,10,16,32,9.1
2026-05-22 13:23,R02,8,peak,75,101,26,60,22,34.7
2026-04-04 13:07,R14,8,peak,88,102,14,31,27,15.9
2026-07-13 21:13,R09,16,off-peak,100,104,4,22,30,4.0
2026-08-24 13:38,R04,8,peak,65,80,15,29,18,23.1
2026-05-22 00:16,R10,19,peak,68,87,19,6,20,27.9
2026-07-06 15:33,R12,10,off-peak,50,53,3,21,15,6.0
2026-08-05 02:14,R16,21,off-peak,115,127,12,19,34,10.4
2026-08-08 14:50,R01,9,peak,95,100,5,12,28,5.3
2026-06-15 17:26,R04,12,off-peak,65,71,6,38,18,9.2
2026-08-24 11:18,R07,6,off-peak,80,85,5,31,24,6.2
2026-07-08 13:35,R09,8,peak,100,117,17,44,30,17.0
2026-07-24 21:39,R11,16,off-peak,62,62,0,29,19,0.0
2026-05-26 16:59,R01,11,off-peak,95,91,0,15,28,-4.2
2026-08-08 15:29,R02,10,off-peak,75,77,2,4,22,2.7
2026-06-14 21:59,R18,16,off-peak,105,107,2,26,31,1.9
2026-03-05 21:13,R10,16,off-peak,68,71,3,5,20,4.4
2026-05-30 21:04,R19,16,off-peak,93,102,9,37,29,9.7
2026-08-08 21:34,R01,16,off-peak,95,108,13,26,28,13.7
2026-03-30 23:55,R06,18,peak,110,123,13,47,32,11.8
2026-03-23 12:31,R11,7,peak,62,71,9,34,19,14.5
2026-05-17 22:13,R08,17,peak,78,95,17,37,23,21.8
2026-03-24 12:28,R12,7,peak,50,68,18,43,15,36.0
2026-07-07 11:09,R17,6,off-peak,67,73,6,37,20,9.0
2026-04-06 20:49,R17,15,off-peak,67,73,6,53,20,9.0
2026-03-10 15:29,R04,10,off-peak,65,62,0,9,18,-4.6
2026-03-12 11:43,R04,6,off-peak,65,64,0,43,18,-1.5
2026-03-12 13:06,R20,8,peak,108,127,19,27,33,17.6
2026-05-19 11:40,R10,6,off-peak,68,71,3,25,20,4.4
2026-05-13 21:17,R07,16,off-peak,80,77,0,7,24,-3.8
2026-05-10 19:07,R04,14,off-peak,65,62,0,23,18,-4.6
2026-05-29 14:35,R01,9,peak,95,107,12,42,28,12.6
2026-05-19 18:39,R10,13,off-peak,68,65,0,34,20,-4.4
2026-03-09 01:30,R11,20,off-peak,62,57,0,31,19,-8.1
2026-06-09 12:11,R13,7,peak,56,60,4,42,17,7.1
2026-05-20 01:21,R20,20,off-peak,108,114,6,35,33,5.6
2026-06-28 13:36,R18,8,peak,105,151,46,27,31,43.8
2026-08-26 13:29,R05,8,peak,55,75,20,53,16,36.4
2026-04-28 02:09,R15,21,off-peak,73,71,0,33,21,-2.7
2026-06-09 19:11,R20,14,off-peak,108,122,14,22,33,13.0
2026-03-18 01:30,R11,20,off-peak,62,63,1,11,19,1.6
2026-04-13 22:18,R04,17,peak,65,80,15,46,18,23.1
2026-03-28 14:20,R05,9,peak,55,66,11,28,16,20.0
2026-07-15 13:29,R18,8,peak,105,143,38,34,31,36.2
2026-07-02 18:24,R20,13,off-peak,108,112,4,35,33,3.7
2026-08-25 21:37,R03,16,off-peak,85,82,0,1,26,-3.5
2026-04-30 21:11,R19,16,off-peak,93,97,4,42,29,4.3
2026-08-01 02:29,R03,21,off-peak,85,80,0,25,26,-5.9
2026-06-12 16:04,R15,11,off-peak,73,72,0,32,21,-1.4
2026-07-31 14:49,R20,9,peak,108,143,35,49,33,32.4
2026-04-05 13:56,R02,8,peak,75,85,10,35,22,13.3
2026-08-17 11:09,R19,6,off-peak,93,101,8,18,29,8.6
2026-08-23 01:56,R20,20,off-peak,108,104,0,30,33,-3.7
2026-08-21 20:19,R11,15,off-peak,62,65,3,52,19,4.8
2026-08-04 13:32,R12,8,peak,50,64,14,31,15,28.0
2026-03-16 15:23,R13,10,off-peak,56,62,6,53,17,10.7
2026-05-12 22:55,R01,17,peak,95,103,8,26,28,8.4
2026-07-30 18:25,R01,13,off-peak,95,96,1,14,28,1.1
2026-04-24 23:42,R13,18,peak,56,68,12,31,17,21.4
2026-07-22 02:24,R06,21,off-peak,110,104,0,34,32,-5.5
2026-08-19 15:08,R14,10,off-peak,88,86,0,18,27,-2.3
2026-03-05 11:09,R05,6,off-peak,55,51,0,25,16,-7.3
2026-08-12 15:51,R14,10,off-peak,88,82,0,14,27,-6.8
2026-08-27 01:38,R14,20,off-peak,88,99,11,43,27,12.5
2026-06-25 00:24,R15,19,peak,73,92,19,37,21,26.0
2026-08-02 18:00,R12,13,off-peak,50,48,0,7,15,-4.0
2026-07-18 19:36,R08,14,off-peak,78,79,1,17,23,1.3
2026-07-24 12:30,R12,7,peak,50,72,22,43,15,44.0
2026-07-13 13:54,R16,8,peak,115,127,12,39,34,10.4
2026-07-13 01:56,R09,20,off-peak,100,103,3,21,30,3.0
2026-05-27 20:34,R03,15,off-peak,85,90,5,22,26,5.9
2026-06-30 02:36,R01,21,off-peak,95,97,2,26,28,2.1
2026-08-25 20:59,R10,15,off-peak,68,65,0,15,20,-4.4
2026-07-23 20:16,R20,15,off-peak,108,117,9,40,33,8.3
2026-05-14 12:51,R06,7,peak,110,144,34,50,32,30.9
2026-03-22 11:08,R20,6,off-peak,108,106,0,4,33,-1.9
2026-05-11 19:17,R09,14,off-peak,100,95,0,27,30,-5.0
2026-08-02 11:11,R09,6,off-peak,100,109,9,44,30,9.0
2026-05-06 22:50,R15,17,peak,73,100,27,34,21,37.0
2026-07-15 02:55,R08,21,off-peak,78,75,0,60,23,-3.8
2026-06-14 15:49,R05,10,off-peak,55,61,6,35,16,10.9
2026-08-11 18:10,R13,13,off-peak,56,60,4,32,17,7.1
2026-03-30 12:03,R12,7,peak,50,65,15,60,15,30.0
2026-05-18 01:30,R06,20,off-peak,110,111,1,27,32,0.9
2026-06-08 18:30,R18,13,off-peak,105,105,0,7,31,0.0
2026-06-20 15:00,R09,10,off-peak,100,104,4,22,30,4.0
2026-08-22 21:02,R13,16,off-peak,56,63,7,48,17,12.5
2026-06-19 22:39,R04,17,peak,65,93,28,60,18,43.1
2026-03-26 19:16,R11,14,off-peak,62,60,0,16,19,-3.2
2026-08-20 23:47,R19,18,peak,93,114,21,45,29,22.6
2026-04-16 21:20,R07,16,off-peak,80,86,6,45,24,7.5
2026-03-18 11:00,R18,6,off-peak,105,112,7,15,31,6.7
2026-05-12 22:16,R15,17,peak,73,83,10,52,21,13.7
2026-03-24 12:03,R07,7,peak,80,84,4,60,24,5.0
2026-03-31 14:05,R07,9,peak,80,106,26,38,24,32.5
2026-08-13 15:36,R20,10,off-peak,108,108,0,30,33,0.0
2026-06-28 16:42,R04,11,off-peak,65,63,0,20,18,-3.1
2026-05-11 01:49,R03,20,off-peak,85,96,11,4,26,12.9
2026-03-19 19:17,R11,14,off-peak,62,59,0,39,19,-4.8
2026-03-16 23:16,R02,18,peak,75,90,15,54,22,20.0
2026-04-21 13:39,R15,8,peak,73,91,18,42,21,24.7
2026-03-28 16:09,R13,11,off-peak,56,59,3,15,17,5.4
2026-05-06 14:06,R20,9,peak,108,152,44,41,33,40.7
2026-05-04 13:49,R02,8,peak,75,80,5,20,22,6.7
2026-08-18 11:24,R05,6,off-peak,55,62,7,36,16,12.7
2026-06-09 15:36,R09,10,off-peak,100,108,8,46,30,8.0
2026-03-19 02:34,R16,21,off-peak,115,117,2,28,34,1.7
2026-08-24 11:52,R08,6,off-peak,78,78,0,29,23,0.0
2026-05-17 22:25,R18,17,peak,105,124,19,39,31,18.1
2026-05-27 13:05,R02,8,peak,75,89,14,55,22,18.7
2026-03-11 17:24,R10,12,off-peak,68,65,0,10,20,-4.4
2026-03-28 20:40,R07,15,off-peak,80,86,6,22,24,7.5
2026-04-19 17:01,R15,12,off-peak,73,69,0,15,21,-5.5
2026-03-17 18:50,R19,13,off-peak,93,96,3,18,29,3.2
2026-03-06 01:02,R18,20,off-peak,105,119,14,25,31,13.3
2026-03-11 12:25,R11,7,peak,62,73,11,60,19,17.7
2026-07-17 01:09,R17,20,off-peak,67,76,9,42,20,13.4
2026-03-10 18:47,R19,13,off-peak,93,105,12,39,29,12.9
2026-08-14 12:08,R16,7,peak,115,131,16,58,34,13.9
2026-05-18 16:52,R01,11,off-peak,95,101,6,31,28,6.3
2026-03-28 13:07,R06,8,peak,110,151,41,32,32,37.3
2026-04-21 18:27,R16,13,off-peak,115,107,0,16,34,-7.0
2026-08-23 21:36,R13,16,off-peak,56,53,0,47,17,-5.4
2026-04-24 15:48,R18,10,off-peak,105,104,0,35,31,-1.0
2026-06-15 14:10,R03,9,peak,85,98,13,47,26,15.3
2026-07-27 16:02,R12,11,off-peak,50,51,1,42,15,2.0
2026-03-05 23:56,R20,18,peak,108,146,38,60,33,35.2
2026-04-15 13:59,R16,8,peak,115,121,6,59,34,5.2
2026-07-01 00:44,R10,19,peak,68,90,22,54,20,32.4
2026-05-09 17:33,R05,12,off-peak,55,52,0,19,16,-5.5
2026-07-06 12:39,R06,7,peak,110,141,31,47,32,28.2
2026-03-02 20:35,R03,15,off-peak,85,85,0,28,26,0.0
2026-07-17 14:32,R17,9,peak,67,86,19,50,20,28.4
2026-08-17 01:13,R08,20,off-peak,78,85,7,26,23,9.0
2026-04-11 02:42,R05,21,off-peak,55,56,1,35,16,1.8
2026-05-12 12:13,R02,7,peak,75,98,23,35,22,30.7
2026-03-14 12:59,R15,7,peak,73,79,6,49,21,8.2
2026-03-08 16:31,R18,11,off-peak,105,100,0,23,31,-4.8
2026-05-24 01:26,R08,20,off-peak,78,82,4,27,23,5.1
2026-03-29 21:20,R07,16,off-peak,80,77,0,29,24,-3.8
2026-04-26 17:04,R14,12,off-peak,88,88,0,36,27,0.0
2026-06-21 02:09,R16,21,off-peak,115,107,0,31,34,-7.0
2026-06-26 23:46,R06,18,peak,110,131,21,60,32,19.1
2026-04-21 22:21,R07,17,peak,80,115,35,57,24,43.8
2026-06-28 19:29,R02,14,off-peak,75,71,0,41,22,-5.3
2026-04-26 16:56,R14,11,off-peak,88,96,8,26,27,9.1
2026-07-20 16:54,R20,11,off-peak,108,113,5,34,33,4.6
2026-07-12 13:31,R08,8,peak,78,94,16,50,23,20.5
2026-06-19 01:47,R16,20,off-peak,115,113,0,21,34,-1.7
2026-07-27 18:14,R08,13,off-peak,78,77,0,40,23,-1.3
2026-03-12 11:02,R05,6,off-peak,55,55,0,17,16,0.0
2026-06-09 12:30,R16,7,peak,115,140,25,51,34,21.7
2026-03-23 01:35,R04,20,off-peak,65,67,2,10,18,3.1
2026-04-04 00:22,R01,19,peak,95,135,40,40,28,42.1
2026-05-18 11:10,R03,6,off-peak,85,87,2,44,26,2.4
2026-06-27 11:49,R15,6,off-peak,73,83,10,40,21,13.7
2026-08-10 22:00,R06,17,peak,110,143,33,59,32,30.0
2026-05-25 23:33,R03,18,peak,85,119,34,57,26,40.0
2026-03-21 17:39,R09,12,off-peak,100,110,10,30,30,10.0
2026-08-20 12:23,R11,7,peak,62,77,15,49,19,24.2
2026-06-03 01:23,R12,20,off-peak,50,53,3,24,15,6.0
2026-04-22 13:08,R06,8,peak,110,140,30,53,32,27.3
2026-07-28 02:55,R04,21,off-peak,65,70,5,26,18,7.7
2026-05-08 18:32,R07,13,off-peak,80,79,0,23,24,-1.2
2026-07-03 22:32,R03,17,peak,85,100,15,36,26,17.6
2026-07-15 14:43,R17,9,peak,67,82,15,56,20,22.4
2026-08-25 22:51,R15,17,peak,73,100,27,22,21,37.0
2026-06-26 17:05,R03,12,off-peak,85,95,10,50,26,11.8
2026-05-10 13:07,R10,8,peak,68,74,6,57,20,8.8
2026-04-23 02:33,R05,21,off-peak,55,52,0,30,16,-5.5
2026-06-16 15:28,R14,10,off-peak,88,90,2,27,27,2.3
2026-03-06 20:55,R01,15,off-peak,95,91,0,35,28,-4.2
2026-05-27 21:41,R17,16,off-peak,67,67,0,6,20,0.0
2026-08-27 02:33,R11,21,off-peak,62,65,3,35,19,4.8
2026-05-18 15:10,R10,10,off-peak,68,76,8,17,20,11.8
2026-05-13 18:49,R09,13,off-peak,100,103,3,31,30,3.0
2026-08-07 01:59,R10,20,off-peak,68,77,9,22,20,13.2
2026-04-14 20:53,R06,15,off-peak,110,105,0,21,32,-4.5
2026-03-11 16:20,R05,11,off-peak,55,53,0,2,16,-3.6
2026-06-03 15:11,R19,10,off-peak,93,94,1,33,29,1.1
2026-06-23 22:34,R11,17,peak,62,68,6,60,19,9.7
2026-03-07 20:25,R06,15,off-peak,110,104,0,46,32,-5.5
2026-07-18 21:32,R15,16,off-peak,73,69,0,19,21,-5.5
2026-05-14 20:48,R11,15,off-peak,62,63,1,43,19,1.6
2026-03-30 01:46,R05,20,off-peak,55,54,0,26,16,-1.8
2026-07-20 12:07,R16,7,peak,115,127,12,40,34,10.4
2026-05-24 01:03,R08,20,off-peak,78,78,0,39,23,0.0
2026-04-26 17:50,R20,12,off-peak,108,113,5,36,33,4.6
2026-06-23 13:43,R01,8,peak,95,120,25,41,28,26.3
2026-05-21 23:38,R03,18,peak,85,95,10,22,26,11.8
2026-06-18 23:23,R12,18,peak,50,55,5,27,15,10.0
2026-05-28 22:22,R13,17,peak,56,59,3,40,17,5.4
2026-06-22 13:47,R18,8,peak,105,119,14,57,31,13.3
2026-06-18 01:46,R14,20,off-peak,88,86,0,33,27,-2.3
2026-05-17 13:30,R19,8,peak,93,102,9,41,29,9.7
2026-07-30 21:48,R17,16,off-peak,67,62,0,27,20,-7.5
2026-06-28 00:45,R09,19,peak,100,111,11,45,30,11.0
2026-06-06 15:18,R19,10,off-peak,93,89,0,24,29,-4.3
2026-06-27 20:14,R10,15,off-peak,68,70,2,26,20,2.9
2026-05-16 11:40,R01,6,off-peak,95,90,0,34,28,-5.3
2026-08-25 00:41,R10,19,peak,68,76,8,33,20,11.8
2026-05-10 11:31,R08,6,off-peak,78,73,0,32,23,-6.4
2026-05-07 02:40,R12,21,off-peak,50,52,2,27,15,4.0
2026-07-26 14:01,R16,9,peak,115,137,22,49,34,19.1
2026-08-25 15:08,R02,10,off-peak,75,74,0,22,22,-1.3
2026-06-01 16:26,R12,11,off-peak,50,46,0,8,15,-8.0
2026-08-11 20:59,R02,15,off-peak,75,74,0,5,22,-1.3
2026-04-16 17:48,R03,12,off-peak,85,93,8,44,26,9.4
2026-08-23 21:51,R18,16,off-peak,105,117,12,39,31,11.4
2026-08-24 19:23,R10,14,off-peak,68,73,5,41,20,7.4
2026-05-12 11:23,R05,6,off-peak,55,52,0,36,16,-5.5
2026-04-12 00:06,R16,19,peak,115,136,21,47,34,18.3
2026-03-20 14:07,R07,9,peak,80,97,17,58,24,21.2
2026-05-19 11:44,R05,6,off-peak,55,56,1,13,16,1.8
2026-05-17 21:01,R20,16,off-peak,108,103,0,44,33,-4.6
2026-08-25 18:09,R04,13,off-peak,65,61,0,24,18,-6.2
2026-06-17 15:44,R07,10,off-peak,80,91,11,18,24,13.8
2026-07-02 13:48,R04,8,peak,65,68,3,37,18,4.6
2026-05-04 12:02,R02,7,peak,75,92,17,48,22,22.7
2026-03-25 20:50,R03,15,off-peak,85,91,6,39,26,7.1
2026-05-29 17:01,R19,12,off-peak,93,89,0,39,29,-4.3
2026-05-11 15:37,R03,10,off-peak,85,94,9,23,26,10.6
2026-03-18 18:06,R17,13,off-peak,67,69,2,33,20,3.0
2026-04-19 11:18,R19,6,off-peak,93,96,3,37,29,3.2
2026-07-08 14:54,R01,9,peak,95,134,39,60,28,41.1
2026-04-17 22:28,R16,17,peak,115,152,37,42,34,32.2
2026-07-10 23:14,R12,18,peak,50,60,10,39,15,20.0
2026-05-20 14:07,R14,9,peak,88,119,31,30,27,35.2
2026-07-21 22:46,R16,17,peak,115,153,38,48,34,33.0
2026-03-30 13:24,R02,8,peak,75,88,13,41,22,17.3
2026-06-14 01:18,R10,20,off-peak,68,66,0,43,20,-2.9
2026-06-30 17:43,R14,12,off-peak,88,98,10,26,27,11.4
2026-07-12 14:42,R16,9,peak,115,138,23,46,34,20.0
2026-06-11 14:44,R03,9,peak,85,94,9,40,26,10.6
2026-04-20 13:21,R06,8,peak,110,131,21,42,32,19.1
2026-06-17 23:46,R07,18,peak,80,87,7,24,24,8.8
2026-08-12 19:25,R19,14,off-peak,93,101,8,28,29,8.6
2026-06-13 02:31,R12,21,off-peak,50,53,3,21,15,6.0
2026-07-04 14:31,R15,9,peak,73,80,7,44,21,9.6
2026-03-14 15:53,R08,10,off-peak,78,72,0,44,23,-7.7
2026-05-23 23:09,R06,18,peak,110,142,32,52,32,29.1
2026-08-17 14:48,R10,9,peak,68,92,24,31,20,35.3
2026-07-06 17:31,R15,12,off-peak,73,72,0,26,21,-1.4
2026-07-17 19:34,R17,14,off-peak,67,69,2,48,20,3.0
2026-05-20 14:54,R14,9,peak,88,105,17,47,27,19.3
2026-03-10 01:11,R13,20,off-peak,56,57,1,5,17,1.8
2026-04-04 16:19,R10,11,off-peak,68,70,2,19,20,2.9
2026-07-25 02:43,R13,21,off-peak,56,61,5,12,17,8.9
2026-04-11 02:32,R18,21,off-peak,105,108,3,28,31,2.9
2026-07-30 23:24,R02,18,peak,75,86,11,36,22,14.7
2026-07-30 21:02,R10,16,off-peak,68,63,0,20,20,-7.4
2026-07-28 22:01,R05,17,peak,55,65,10,46,16,18.2
2026-05-31 14:26,R13,9,peak,56,68,12,28,17,21.4
2026-05-03 12:15,R12,7,peak,50,65,15,35,15,30.0
2026-04-13 20:01,R03,15,off-peak,85,80,0,15,26,-5.9
2026-08-16 21:55,R18,16,off-peak,105,97,0,15,31,-7.6
2026-06-29 19:37,R14,14,off-peak,88,81,0,34,27,-8.0
2026-06-08 21:20,R01,16,off-peak,95,95,0,8,28,0.0
2026-07-07 17:51,R04,12,off-peak,65,64,0,18,18,-1.5
2026-06-02 16:27,R11,11,off-peak,62,65,3,33,19,4.8
2026-03-13 17:19,R03,12,off-peak,85,83,0,44,26,-2.4
2026-08-07 23:47,R19,18,peak,93,127,34,60,29,36.6
2026-05-09 14:04,R19,9,peak,93,119,26,40,29,28.0
2026-05-29 02:50,R19,21,off-peak,93,94,1,47,29,1.1
2026-07-17 20:20,R17,15,off-peak,67,68,1,38,20,1.5
2026-08-08 00:32,R07,19,peak,80,96,16,25,24,20.0
2026-07-11 11:55,R06,6,off-peak,110,117,7,33,32,6.4
2026-06-29 02:17,R06,21,off-peak,110,106,0,41,32,-3.6
2026-08-09 00:03,R20,19,peak,108,153,45,39,33,41.7
2026-04-07 17:15,R17,12,off-peak,67,67,0,38,20,0.0
2026-03-18 00:40,R10,19,peak,68,82,14,59,20,20.6
2026-05-14 00:41,R07,19,peak,80,92,12,54,24,15.0
2026-04-08 23:12,R08,18,peak,78,89,11,60,23,14.1
2026-05-19 18:29,R01,13,off-peak,95,104,9,1,28,9.5
2026-05-09 12:08,R14,7,peak,88,99,11,48,27,12.5
2026-05-11 19:42,R01,14,off-peak,95,104,9,11,28,9.5
2026-03-16 02:55,R02,21,off-peak,75,82,7,22,22,9.3
2026-03-17 21:57,R03,16,off-peak,85,89,4,52,26,4.7
2026-04-05 23:15,R03,18,peak,85,121,36,37,26,42.4
2026-07-27 14:49,R04,9,peak,65,81,16,53,18,24.6
2026-05-20 18:21,R03,13,off-peak,85,89,4,24,26,4.7
2026-04-30 23:59,R19,18,peak,93,127,34,39,29,36.6
2026-06-21 17:26,R06,12,off-peak,110,125,15,31,32,13.6
2026-06-04 12:44,R09,7,peak,100,124,24,54,30,24.0
2026-05-12 02:56,R14,21,off-peak,88,94,6,24,27,6.8
2026-06-03 22:52,R05,17,peak,55,68,13,38,16,23.6
2026-08-17 12:51,R20,7,peak,108,149,41,60,33,38.0
2026-06-07 18:19,R02,13,off-peak,75,73,0,16,22,-2.7
2026-06-08 18:00,R04,13,off-peak,65,72,7,13,18,10.8
2026-04-30 19:19,R13,14,off-peak,56,55,0,34,17,-1.8
2026-08-12 21:26,R15,16,off-peak,73,81,8,52,21,11.0
2026-07-04 19:30,R02,14,off-peak,75,83,8,25,22,10.7
2026-03-27 00:52,R11,19,peak,62,86,24,17,19,38.7
2026-05-30 19:26,R06,14,off-peak,110,114,4,10,32,3.6
2026-03-15 01:41,R11,20,off-peak,62,66,4,14,19,6.5
2026-04-05 01:00,R06,20,off-peak,110,121,11,14,32,10.0
2026-05-03 13:33,R11,8,peak,62,67,5,54,19,8.1
2026-05-22 00:28,R05,19,peak,55,75,20,25,16,36.4
2026-05-23 16:51,R09,11,off-peak,100,107,7,30,30,7.0
2026-06-03 17:11,R10,12,off-peak,68,63,0,18,20,-7.4
2026-03-06 18:59,R19,13,off-peak,93,86,0,35,29,-7.5
2026-06-27 18:12,R18,13,off-peak,105,118,13,26,31,12.4
2026-08-01 23:16,R02,18,peak,75,97,22,60,22,29.3
2026-04-13 13:36,R05,8,peak,55,78,23,59,16,41.8
2026-07-06 01:07,R14,20,off-peak,88,97,9,40,27,10.2
2026-05-08 17:18,R08,12,off-peak,78,75,0,27,23,-3.8
2026-05-12 17:46,R14,12,off-peak,88,93,5,16,27,5.7
2026-04-08 00:01,R07,19,peak,80,89,9,42,24,11.2
2026-06-04 01:37,R20,20,off-peak,108,121,13,37,33,12.0
2026-04-04 13:55,R15,8,peak,73,76,3,36,21,4.1
2026-07-31 23:16,R07,18,peak,80,106,26,60,24,32.5
2026-03-14 14:21,R03,9,peak,85,108,23,57,26,27.1
2026-07-08 12:39,R12,7,peak,50,52,2,39,15,4.0
2026-08-19 20:23,R13,15,off-peak,56,64,8,45,17,14.3
2026-07-07 16:31,R02,11,off-peak,75,73,0,46,22,-2.7
2026-05-22 01:45,R11,20,off-peak,62,58,0,21,19,-6.5
2026-04-02 21:31,R04,16,off-peak,65,60,0,26,18,-7.7
2026-05-12 22:57,R09,17,peak,100,142,42,56,30,42.0
2026-04-12 21:20,R09,16,off-peak,100,102,2,16,30,2.0
2026-08-16 15:40,R16,10,off-peak,115,120,5,29,34,4.3
2026-03-10 12:30,R05,7,peak,55,62,7,41,16,12.7
2026-06-20 16:07,R09,11,off-peak,100,108,8,55,30,8.0
2026-07-23 01:31,R02,20,off-peak,75,75,0,27,22,0.0
2026-04-08 02:07,R15,21,off-peak,73,69,0,23,21,-5.5
2026-07-09 16:52,R10,11,off-peak,68,75,7,34,20,10.3
2026-03-02 17:33,R09,12,off-peak,100,105,5,28,30,5.0
2026-08-21 18:06,R03,13,off-peak,85,93,8,20,26,9.4
2026-08-22 11:07,R11,6,off-peak,62,61,0,15,19,-1.6
2026-03-21 21:29,R04,16,off-peak,65,62,0,37,18,-4.6
2026-05-09 01:38,R16,20,off-peak,115,122,7,22,34,6.1
2026-07-25 01:08,R02,20,off-peak,75,74,0,19,22,-1.3
2026-05-12 12:20,R07,7,peak,80,109,29,50,24,36.2
2026-05-05 23:11,R18,18,peak,105,114,9,26,31,8.6
2026-04-23 23:10,R08,18,peak,78,84,6,35,23,7.7
2026-06-19 14:47,R05,9,peak,55,64,9,52,16,16.4
2026-03-25 15:53,R10,10,off-peak,68,68,0,22,20,0.0
2026-07-23 23:38,R15,18,peak,73,90,17,50,21,23.3
2026-06-03 13:39,R14,8,peak,88,119,31,51,27,35.2
2026-06-27 12:43,R03,7,peak,85,106,21,60,26,24.7
2026-07-13 15:40,R08,10,off-peak,78,88,10,24,23,12.8
2026-07-02 00:19,R15,19,peak,73,78,5,40,21,6.8
2026-05-16 15:53,R05,10,off-peak,55,59,4,28,16,7.3
2026-03-12 12:32,R19,7,peak,93,118,25,57,29,26.9
2026-06-28 00:42,R04,19,peak,65,78,13,40,18,20.0
2026-07-07 19:01,R12,14,off-peak,50,52,2,6,15,4.0
2026-04-17 01:53,R04,20,off-peak,65,62,0,24,18,-4.6
2026-06-25 21:48,R10,16,off-peak,68,71,3,31,20,4.4
2026-04-17 19:13,R15,14,off-peak,73,72,0,35,21,-1.4
2026-03-28 19:27,R20,14,off-peak,108,121,13,46,33,12.0
2026-03-30 11:00,R18,6,off-peak,105,96,0,34,31,-8.6
2026-08-06 02:23,R13,21,off-peak,56,55,0,40,17,-1.8
2026-04-04 20:00,R13,15,off-peak,56,52,0,36,17,-7.1
2026-08-14 11:09,R07,6,off-peak,80,77,0,48,24,-3.8
2026-07-17 00:12,R08,19,peak,78,108,30,60,23,38.5
2026-03-31 02:10,R05,21,off-peak,55,55,0,38,16,0.0
2026-06-30 01:01,R05,20,off-peak,55,62,7,38,16,12.7
2026-06-09 20:03,R07,15,off-peak,80,84,4,15,24,5.0
2026-06-19 11:26,R11,6,off-peak,62,58,0,39,19,-6.5
2026-06-11 20:31,R20,15,off-peak,108,100,0,12,33,-7.4
2026-03-17 02:33,R17,21,off-peak,67,65,0,43,20,-3.0
2026-08-13 13:26,R18,8,peak,105,121,16,46,31,15.2
2026-08-13 14:22,R16,9,peak,115,143,28,32,34,24.3
2026-06-29 20:22,R06,15,off-peak,110,119,9,32,32,8.2
2026-07-29 18:58,R15,13,off-peak,73,75,2,17,21,2.7
2026-06-08 15:26,R15,10,off-peak,73,81,8,3,21,11.0
2026-04-12 02:39,R12,21,off-peak,50,55,5,32,15,10.0
2026-04-22 02:10,R03,21,off-peak,85,80,0,45,26,-5.9
2026-06-16 02:31,R20,21,off-peak,108,101,0,25,33,-6.5
2026-05-06 11:22,R02,6,off-peak,75,75,0,35,22,0.0
2026-07-07 16:02,R06,11,off-peak,110,122,12,31,32,10.9
2026-04-27 18:31,R04,13,off-peak,65,61,0,17,18,-6.2
2026-03-12 21:49,R09,16,off-peak,100,110,10,34,30,10.0
2026-06-21 14:51,R05,9,peak,55,73,18,38,16,32.7
2026-08-04 14:39,R15,9,peak,73,105,32,50,21,43.8
2026-04-12 12:40,R18,7,peak,105,131,26,16,31,24.8
2026-04-10 17:46,R04,12,off-peak,65,73,8,24,18,12.3
2026-03-27 02:09,R17,21,off-peak,67,72,5,40,20,7.5
2026-04-01 21:54,R12,16,off-peak,50,55,5,37,15,10.0
2026-06-30 18:21,R01,13,off-peak,95,105,10,58,28,10.5
2026-06-04 16:45,R10,11,off-peak,68,63,0,28,20,-7.4
2026-07-14 15:26,R08,10,off-peak,78,85,7,16,23,9.0
2026-06-14 15:58,R08,10,off-peak,78,86,8,16,23,10.3
2026-06-22 22:09,R17,17,peak,67,95,28,52,20,41.8
2026-05-20 13:25,R01,8,peak,95,102,7,52,28,7.4
2026-08-17 23:59,R02,18,peak,75,101,26,44,22,34.7
2026-08-17 12:56,R05,7,peak,55,79,24,35,16,43.6
2026-05-20 20:58,R13,15,off-peak,56,60,4,26,17,7.1
2026-07-14 11:39,R12,6,off-peak,50,55,5,44,15,10.0
2026-08-07 17:50,R15,12,off-peak,73,82,9,19,21,12.3
2026-08-15 01:25,R20,20,off-peak,108,116,8,31,33,7.4
2026-06-08 12:46,R03,7,peak,85,107,22,20,26,25.9
2026-07-09 20:35,R05,15,off-peak,55,53,0,23,16,-3.6
2026-07-17 11:37,R06,6,off-peak,110,101,0,38,32,-8.2
2026-05-17 18:46,R09,13,off-peak,100,111,11,15,30,11.0
2026-07-08 22:22,R02,17,peak,75,86,11,51,22,14.7
2026-04-01 12:28,R04,7,peak,65,87,22,39,18,33.8
2026-07-27 21:36,R15,16,off-peak,73,83,10,46,21,13.7
2026-05-12 18:42,R18,13,off-peak,105,105,0,32,31,0.0
2026-05-03 23:06,R05,18,peak,55,69,14,26,16,25.5
2026-06-01 17:29,R11,12,off-peak,62,68,6,43,19,9.7
2026-06-17 13:56,R14,8,peak,88,95,7,55,27,8.0
2026-03-21 02:23,R05,21,off-peak,55,53,0,22,16,-3.6
2026-07-28 23:31,R18,18,peak,105,146,41,34,31,39.0
2026-07-05 01:46,R14,20,off-peak,88,94,6,50,27,6.8
2026-06-26 15:08,R05,10,off-peak,55,56,1,24,16,1.8
2026-06-25 14:30,R17,9,peak,67,88,21,51,20,31.3
2026-03-31 22:38,R18,17,peak,105,148,43,46,31,41.0
2026-07-25 14:18,R14,9,peak,88,96,8,51,27,9.1
2026-05-17 20:18,R12,15,off-peak,50,57,7,29,15,14.0
2026-04-06 11:50,R16,6,off-peak,115,126,11,24,34,9.6
2026-07-04 20:00,R10,15,off-peak,68,65,0,25,20,-4.4
2026-03-12 22:26,R04,17,peak,65,70,5,34,18,7.7
2026-06-30 21:53,R15,16,off-peak,73,80,7,29,21,9.6
2026-07-08 15:40,R20,10,off-peak,108,118,10,15,33,9.3
2026-05-23 15:05,R15,10,off-peak,73,81,8,31,21,11.0
2026-06-11 00:21,R20,19,peak,108,130,22,15,33,20.4
2026-04-12 19:45,R15,14,off-peak,73,78,5,20,21,6.8
2026-04-01 20:41,R01,15,off-peak,95,99,4,20,28,4.2
2026-07-12 12:12,R20,7,peak,108,154,46,42,33,42.6
2026-07-15 11:11,R16,6,off-peak,115,108,0,37,34,-6.1
2026-07-27 18:28,R07,13,off-peak,80,88,8,25,24,10.0
2026-03-12 21:31,R03,16,off-peak,85,86,1,29,26,1.2
2026-07-14 16:20,R14,11,off-peak,88,89,1,26,27,1.1
2026-03-26 19:34,R13,14,off-peak,56,52,0,31,17,-7.1
2026-06-13 13:43,R09,8,peak,100,111,11,50,30,11.0
2026-05-23 12:11,R06,7,peak,110,142,32,49,32,29.1
2026-06-14 14:57,R13,9,peak,56,65,9,45,17,16.1
2026-03-31 19:03,R11,14,off-peak,62,62,0,33,19,0.0
2026-07-08 18:24,R19,13,off-peak,93,96,3,47,29,3.2
2026-06-27 19:35,R04,14,off-peak,65,60,0,16,18,-7.7
2026-03-05 18:17,R14,13,off-peak,88,99,11,35,27,12.5
2026-07-21 14:41,R18,9,peak,105,120,15,47,31,14.3
2026-08-11 01:32,R14,20,off-peak,88,82,0,18,27,-6.8
2026-04-13 15:50,R07,10,off-peak,80,80,0,28,24,0.0
2026-06-28 01:53,R18,20,off-peak,105,97,0,57,31,-7.6
2026-04-12 20:00,R20,15,off-peak,108,115,7,53,33,6.5
2026-06-06 19:22,R09,14,off-peak,100,111,11,38,30,11.0
2026-07-15 20:36,R07,15,off-peak,80,74,0,32,24,-7.5
2026-05-11 15:56,R04,10,off-peak,65,70,5,30,18,7.7
2026-05-21 17:56,R14,12,off-peak,88,93,5,23,27,5.7
2026-08-18 01:20,R09,20,off-peak,100,98,0,17,30,-2.0
2026-08-01 17:21,R11,12,off-peak,62,63,1,46,19,1.6
2026-03-04 02:43,R01,21,off-peak,95,87,0,29,28,-8.4
2026-08-27 00:45,R06,19,peak,110,139,29,33,32,26.4
2026-08-19 13:28,R03,8,peak,85,107,22,45,26,25.9
2026-06-05 22:52,R04,17,peak,65,93,28,35,18,43.1
2026-04-19 14:28,R01,9,peak,95,117,22,37,28,23.2
2026-05-11 18:43,R01,13,off-peak,95,103,8,37,28,8.4
2026-04-26 20:14,R03,15,off-peak,85,94,9,22,26,10.6
2026-07-05 22:57,R16,17,peak,115,122,7,40,34,6.1
2026-08-11 17:25,R01,12,off-peak,95,108,13,12,28,13.7
2026-07-05 19:10,R04,14,off-peak,65,68,3,11,18,4.6
2026-04-02 16:47,R19,11,off-peak,93,86,0,22,29,-7.5
2026-07-24 15:54,R03,10,off-peak,85,83,0,30,26,-2.4
2026-03-06 17:44,R09,12,off-peak,100,111,11,42,30,11.0
2026-06-25 19:00,R18,14,off-peak,105,113,8,43,31,7.6
2026-06-13 21:17,R02,16,off-peak,75,76,1,21,22,1.3
2026-07-12 01:48,R04,20,off-peak,65,67,2,46,18,3.1
2026-07-15 19:28,R02,14,off-peak,75,84,9,33,22,12.0
2026-05-25 11:05,R11,6,off-peak,62,62,0,43,19,0.0
2026-05-04 00:12,R08,19,peak,78,111,33,30,23,42.3
2026-08-08 21:40,R06,16,off-peak,110,109,0,39,32,-0.9
2026-05-03 21:06,R01,16,off-peak,95,105,10,35,28,10.5
2026-03-14 18:52,R16,13,off-peak,115,131,16,17,34,13.9
2026-08-09 01:28,R03,20,off-peak,85,93,8,46,26,9.4
2026-03-16 14:58,R19,9,peak,93,100,7,55,29,7.5
2026-06-22 15:03,R03,10,off-peak,85,79,0,30,26,-7.1
2026-08-22 00:03,R10,19,peak,68,73,5,35,20,7.4
2026-06-14 23:14,R13,18,peak,56,60,4,41,17,7.1
2026-06-27 11:50,R20,6,off-peak,108,110,2,12,33,1.9
2026-08-20 21:50,R04,16,off-peak,65,69,4,35,18,6.2
2026-07-30 01:12,R01,20,off-peak,95,98,3,29,28,3.2
2026-04-02 17:40,R03,12,off-peak,85,95,10,29,26,11.8
2026-07-02 19:46,R17,14,off-peak,67,67,0,22,20,0.0
2026-05-19 12:37,R05,7,peak,55,59,4,39,16,7.3
2026-07-17 22:49,R14,17,peak,88,103,15,53,27,17.0
2026-03-03 21:33,R20,16,off-peak,108,106,0,38,33,-1.9
2026-07-08 15:52,R19,10,off-peak,93,86,0,40,29,-7.5
2026-04-21 22:40,R14,17,peak,88,99,11,24,27,12.5
2026-08-18 13:30,R07,8,peak,80,94,14,33,24,17.5
2026-07-23 21:21,R20,16,off-peak,108,120,12,1,33,11.1
2026-04-11 20:06,R20,15,off-peak,108,109,1,7,33,0.9
2026-03-02 02:40,R02,21,off-peak,75,72,0,33,22,-4.0
2026-04-24 18:15,R08,13,off-peak,78,80,2,7,23,2.6
2026-04-17 23:52,R11,18,peak,62,70,8,47,19,12.9
2026-05-31 22:01,R01,17,peak,95,100,5,38,28,5.3
2026-06-01 17:02,R15,12,off-peak,73,77,4,25,21,5.5
2026-04-14 17:14,R01,12,off-peak,95,91,0,42,28,-4.2
2026-03-06 18:11,R11,13,off-peak,62,59,0,15,19,-4.8
2026-08-21 14:08,R09,9,peak,100,105,5,29,30,5.0
2026-05-18 21:29,R04,16,off-peak,65,73,8,42,18,12.3
2026-08-17 22:10,R08,17,peak,78,107,29,60,23,37.2
2026-03-18 00:07,R20,19,peak,108,151,43,33,33,39.8
2026-04-19 15:34,R05,10,off-peak,55,60,5,19,16,9.1
2026-05-03 00:58,R20,19,peak,108,155,47,53,33,43.5
2026-05-15 17:50,R02,12,off-peak,75,83,8,33,22,10.7
2026-07-28 15:56,R09,10,off-peak,100,111,11,35,30,11.0
2026-06-29 17:50,R16,12,off-peak,115,125,10,25,34,8.7
2026-08-13 23:48,R17,18,peak,67,90,23,41,20,34.3
2026-06-27 22:11,R17,17,peak,67,83,16,39,20,23.9
2026-07-28 02:25,R16,21,off-peak,115,118,3,38,34,2.6
2026-04-21 12:28,R19,7,peak,93,105,12,52,29,12.9
2026-07-26 00:10,R10,19,peak,68,95,27,35,20,39.7
2026-04-04 19:48,R12,14,off-peak,50,52,2,39,15,4.0
2026-06-28 18:32,R12,13,off-peak,50,52,2,34,15,4.0
2026-06-28 21:27,R20,16,off-peak,108,109,1,9,33,0.9
2026-04-15 19:28,R11,14,off-peak,62,62,0,39,19,0.0
2026-05-31 19:57,R08,14,off-peak,78,83,5,48,23,6.4
2026-04-28 13:06,R17,8,peak,67,91,24,56,20,35.8
2026-07-18 13:12,R04,8,peak,65,77,12,35,18,18.5
2026-08-22 20:54,R09,15,off-peak,100,109,9,43,30,9.0
2026-04-05 17:54,R09,12,off-peak,100,108,8,28,30,8.0
2026-05-12 11:52,R09,6,off-peak,100,109,9,8,30,9.0
2026-07-27 23:48,R12,18,peak,50,71,21,37,15,42.0
2026-04-28 15:14,R17,10,off-peak,67,74,7,16,20,10.4
2026-07-30 02:50,R07,21,off-peak,80,77,0,15,24,-3.8
2026-05-20 21:54,R15,16,off-peak,73,80,7,23,21,9.6
2026-08-27 00:26,R07,19,peak,80,108,28,48,24,35.0
2026-07-26 11:55,R18,6,off-peak,105,105,0,40,31,0.0
2026-03-03 20:31,R05,15,off-peak,55,62,7,36,16,12.7
2026-08-23 18:48,R11,13,off-peak,62,63,1,6,19,1.6
2026-03-06 20:36,R13,15,off-peak,56,55,0,33,17,-1.8
2026-08-02 21:58,R05,16,off-peak,55,57,2,1,16,3.6
2026-04-22 23:25,R20,18,peak,108,155,47,55,33,43.5
2026-06-24 14:40,R16,9,peak,115,135,20,49,34,17.4
2026-08-20 13:35,R10,8,peak,68,76,8,54,20,11.8
2026-04-21 02:04,R20,21,off-peak,108,100,0,48,33,-7.4
2026-05-14 20:42,R13,15,off-peak,56,54,0,14,17,-3.6
2026-06-14 11:25,R12,6,off-peak,50,47,0,25,15,-6.0
2026-06-16 14:30,R06,9,peak,110,121,11,44,32,10.0
2026-05-19 15:27,R07,10,off-peak,80,89,9,16,24,11.2
2026-05-19 16:37,R16,11,off-peak,115,121,6,33,34,5.2
2026-04-06 19:28,R15,14,off-peak,73,70,0,46,21,-4.1
2026-05-03 23:33,R03,18,peak,85,109,24,37,26,28.2
2026-03-12 01:47,R16,20,off-peak,115,118,3,41,34,2.6
2026-06-25 20:22,R03,15,off-peak,85,90,5,22,26,5.9
2026-04-14 23:26,R10,18,peak,68,88,20,26,20,29.4
2026-06-19 16:29,R08,11,off-peak,78,87,9,14,23,11.5
2026-03-12 14:15,R19,9,peak,93,112,19,56,29,20.4
2026-07-16 19:18,R06,14,off-peak,110,123,13,25,32,11.8
2026-07-21 02:07,R07,21,off-peak,80,81,1,24,24,1.2
2026-07-08 13:49,R12,8,peak,50,67,17,47,15,34.0
2026-03-12 19:29,R06,14,off-peak,110,106,0,15,32,-3.6
2026-08-20 13:47,R01,8,peak,95,124,29,34,28,30.5
2026-03-03 17:16,R13,12,off-peak,56,56,0,30,17,0.0
2026-06-27 15:31,R04,10,off-peak,65,64,0,23,18,-1.5
2026-05-12 01:53,R08,20,off-peak,78,74,0,29,23,-5.1
2026-08-03 16:06,R06,11,off-peak,110,122,12,30,32,10.9
2026-03-03 16:43,R13,11,off-peak,56,52,0,33,17,-7.1
2026-04-15 15:13,R09,10,off-peak,100,102,2,22,30,2.0
2026-03-13 17:53,R18,12,off-peak,105,107,2,3,31,1.9
2026-05-18 14:28,R17,9,peak,67,80,13,46,20,19.4
2026-06-04 17:58,R13,12,off-peak,56,63,7,28,17,12.5
2026-06-16 17:01,R08,12,off-peak,78,73,0,38,23,-6.4
2026-03-25 13:51,R07,8,peak,80,91,11,44,24,13.8
2026-07-10 16:06,R06,11,off-peak,110,102,0,32,32,-7.3
2026-06-10 17:27,R07,12,off-peak,80,90,10,18,24,12.5
2026-05-31 18:20,R04,13,off-peak,65,62,0,33,18,-4.6
2026-06-26 11:14,R11,6,off-peak,62,62,0,38,19,0.0
2026-06-03 19:02,R03,14,off-peak,85,90,5,35,26,5.9
2026-03-28 02:45,R10,21,off-peak,68,77,9,31,20,13.2
2026-03-25 16:38,R18,11,off-peak,105,102,0,20,31,-2.9
2026-08-10 15:48,R13,10,off-peak,56,55,0,43,17,-1.8
2026-03-06 02:38,R11,21,off-peak,62,58,0,39,19,-6.5
2026-03-04 18:14,R17,13,off-peak,67,69,2,21,20,3.0
2026-06-18 14:48,R01,9,peak,95,111,16,45,28,16.8
2026-04-21 22:09,R05,17,peak,55,68,13,49,16,23.6
2026-04-30 17:59,R13,12,off-peak,56,59,3,22,17,5.4
2026-05-21 21:41,R15,16,off-peak,73,69,0,1,21,-5.5
2026-05-14 00:48,R02,19,peak,75,98,23,60,22,30.7
2026-07-17 21:03,R11,16,off-peak,62,60,0,31,19,-3.2
2026-06-06 18:33,R08,13,off-peak,78,82,4,22,23,5.1
2026-03-18 13:12,R01,8,peak,95,132,37,56,28,38.9
2026-04-02 15:05,R02,10,off-peak,75,85,10,34,22,13.3
2026-06-18 18:46,R07,13,off-peak,80,82,2,41,24,2.5
2026-04-20 20:15,R15,15,off-peak,73,69,0,13,21,-5.5
2026-08-10 20:12,R10,15,off-peak,68,71,3,35,20,4.4
2026-06-02 02:25,R09,21,off-peak,100,93,0,18,30,-7.0
2026-07-03 00:01,R14,19,peak,88,119,31,54,27,35.2
2026-05-17 00:38,R13,19,peak,56,77,21,30,17,37.5
2026-05-18 19:29,R06,14,off-peak,110,110,0,24,32,0.0
2026-07-02 23:04,R10,18,peak,68,86,18,35,20,26.5
2026-03-02 15:00,R07,10,off-peak,80,90,10,44,24,12.5
2026-06-15 22:25,R17,17,peak,67,83,16,56,20,23.9
2026-07-29 20:04,R16,15,off-peak,115,122,7,25,34,6.1
2026-04-01 12:24,R14,7,peak,88,127,39,51,27,44.3
2026-05-29 19:32,R14,14,off-peak,88,96,8,25,27,9.1
2026-08-14 22:24,R16,17,peak,115,152,37,60,34,32.2
2026-06-02 02:40,R08,21,off-peak,78,72,0,19,23,-7.7
2026-06-25 15:43,R01,10,off-peak,95,93,0,33,28,-2.1
2026-03-24 16:41,R19,11,off-peak,93,85,0,35,29,-8.6
2026-03-21 23:33,R13,18,peak,56,74,18,60,17,32.1
2026-05-18 00:32,R06,19,peak,110,126,16,31,32,14.5
2026-06-14 23:48,R18,18,peak,105,134,29,58,31,27.6
2026-05-28 14:52,R03,9,peak,85,110,25,31,26,29.4
2026-06-10 19:44,R05,14,off-peak,55,60,5,15,16,9.1
2026-08-26 11:26,R16,6,off-peak,115,108,0,60,34,-6.1
2026-06-20 00:10,R17,19,peak,67,87,20,48,20,29.9
2026-07-07 17:07,R05,12,off-peak,55,56,1,34,16,1.8
2026-03-16 17:47,R15,12,off-peak,73,70,0,36,21,-4.1
2026-08-08 00:06,R09,19,peak,100,122,22,60,30,22.0
2026-06-05 13:07,R06,8,peak,110,128,18,43,32,16.4
2026-08-20 18:48,R19,13,off-peak,93,95,2,38,29,2.2
2026-03-02 11:42,R04,6,off-peak,65,60,0,1,18,-7.7
2026-03-02 17:24,R04,12,off-peak,65,67,2,10,18,3.1
2026-06-30 19:48,R20,14,off-peak,108,122,14,21,33,13.0
2026-05-01 21:23,R12,16,off-peak,50,57,7,38,15,14.0
2026-05-31 23:55,R13,18,peak,56,72,16,42,17,28.6
2026-04-05 23:01,R15,18,peak,73,97,24,49,21,32.9
2026-05-11 14:44,R20,9,peak,108,150,42,45,33,38.9
2026-08-18 02:12,R15,21,off-peak,73,75,2,18,21,2.7
2026-06-01 21:55,R01,16,off-peak,95,87,0,48,28,-8.4
2026-07-04 01:25,R11,20,off-peak,62,60,0,34,19,-3.2
2026-06-30 13:42,R20,8,peak,108,128,20,60,33,18.5
2026-04-06 20:55,R13,15,off-peak,56,59,3,7,17,5.4
2026-03-23 12:19,R17,7,peak,67,73,6,60,20,9.0
2026-03-30 16:30,R15,11,off-peak,73,82,9,1,21,12.3
2026-04-13 18:48,R18,13,off-peak,105,102,0,45,31,-2.9
2026-03-09 00:10,R04,19,peak,65,94,29,38,18,44.6
2026-04-26 23:46,R11,18,peak,62,84,22,44,19,35.5
2026-08-10 15:46,R04,10,off-peak,65,73,8,41,18,12.3
2026-05-25 13:55,R16,8,peak,115,157,42,47,34,36.5
2026-06-05 13:58,R20,8,peak,108,141,33,60,33,30.6
2026-04-28 00:16,R13,19,peak,56,76,20,48,17,35.7
2026-04-18 21:47,R03,16,off-peak,85,92,7,31,26,8.2
2026-05-20 22:24,R04,17,peak,65,71,6,44,18,9.2
2026-06-17 17:20,R02,12,off-peak,75,83,8,27,22,10.7
2026-08-02 15:37,R12,10,off-peak,50,51,1,30,15,2.0
2026-05-16 01:53,R18,20,off-peak,105,104,0,39,31,-1.0
2026-04-08 02:38,R08,21,off-peak,78,83,5,23,23,6.4
2026-08-24 21:07,R02,16,off-peak,75,74,0,47,22,-1.3
2026-04-26 02:31,R09,21,off-peak,100,106,6,19,30,6.0
2026-04-23 21:54,R02,16,off-peak,75,71,0,58,22,-5.3
2026-04-15 12:54,R08,7,peak,78,110,32,33,23,41.0
2026-05-26 11:27,R06,6,off-peak,110,115,5,28,32,4.5
2026-06-09 22:04,R16,17,peak,115,155,40,35,34,34.8
2026-05-22 23:48,R07,18,peak,80,87,7,43,24,8.8
2026-05-17 12:29,R19,7,peak,93,129,36,36,29,38.7
2026-04-08 02:13,R15,21,off-peak,73,72,0,14,21,-1.4
2026-03-03 17:23,R07,12,off-peak,80,87,7,25,24,8.8
2026-06-18 23:43,R05,18,peak,55,78,23,29,16,41.8
2026-06-30 12:11,R06,7,peak,110,119,9,50,32,8.2
2026-04-08 21:40,R17,16,off-peak,67,70,3,25,20,4.5
2026-05-01 18:25,R13,13,off-peak,56,51,0,9,17,-8.9
2026-08-19 23:42,R06,18,peak,110,149,39,46,32,35.5
2026-08-15 01:24,R03,20,off-peak,85,95,10,25,26,11.8
2026-03-22 11:07,R12,6,off-peak,50,47,0,45,15,-6.0
2026-07-25 18:36,R16,13,off-peak,115,106,0,9,34,-7.8
2026-08-13 16:44,R04,11,off-peak,65,65,0,30,18,0.0
2026-03-26 20:20,R14,15,off-peak,88,92,4,52,27,4.5
2026-08-27 16:01,R18,11,off-peak,105,106,1,38,31,1.0
2026-07-29 02:34,R13,21,off-peak,56,52,0,23,17,-7.1
2026-03-31 17:11,R04,12,off-peak,65,74,9,7,18,13.8
2026-06-23 16:51,R20,11,off-peak,108,99,0,26,33,-8.3
2026-03-23 17:35,R19,12,off-peak,93,99,6,31,29,6.5
2026-04-01 12:32,R09,7,peak,100,108,8,35,30,8.0
2026-08-17 00:00,R06,19,peak,110,158,48,60,32,43.6
2026-07-11 20:57,R08,15,off-peak,78,72,0,31,23,-7.7
2026-08-25 15:20,R15,10,off-peak,73,76,3,10,21,4.1
2026-07-09 22:13,R17,17,peak,67,86,19,38,20,28.4
2026-04-06 18:19,R02,13,off-peak,75,69,0,11,22,-8.0
2026-04-25 15:37,R07,10,off-peak,80,84,4,24,24,5.0
2026-05-06 00:16,R20,19,peak,108,116,8,49,33,7.4
2026-03-22 16:16,R13,11,off-peak,56,56,0,15,17,0.0
2026-05-08 17:40,R05,12,off-peak,55,51,0,2,16,-7.3
2026-08-13 22:52,R07,17,peak,80,102,22,37,24,27.5
2026-06-20 21:24,R05,16,off-peak,55,63,8,27,16,14.5
2026-04-01 18:34,R01,13,off-peak,95,89,0,39,28,-6.3
2026-06-01 21:58,R03,16,off-peak,85,90,5,37,26,5.9
2026-04-27 19:17,R11,14,off-peak,62,59,0,39,19,-4.8
2026-04-01 23:11,R08,18,peak,78,111,33,45,23,42.3
2026-07-04 20:06,R17,15,off-peak,67,70,3,9,20,4.5
2026-03-13 19:10,R10,14,off-peak,68,72,4,24,20,5.9
2026-08-21 23:50,R11,18,peak,62,69,7,29,19,11.3
2026-05-07 02:00,R13,21,off-peak,56,59,3,24,17,5.4
2026-04-06 15:24,R17,10,off-peak,67,71,4,19,20,6.0
2026-06-16 18:45,R12,13,off-peak,50,53,3,24,15,6.0
2026-05-30 16:51,R15,11,off-peak,73,74,1,18,21,1.4
2026-03-23 18:19,R14,13,off-peak,88,87,0,29,27,-1.1
2026-08-10 21:05,R14,16,off-peak,88,98,10,35,27,11.4
2026-03-22 16:47,R03,11,off-peak,85,89,4,32,26,4.7
2026-03-04 02:27,R10,21,off-peak,68,75,7,15,20,10.3
2026-08-24 02:43,R05,21,off-peak,55,56,1,3,16,1.8
2026-08-05 14:12,R18,9,peak,105,127,22,60,31,21.0
2026-08-17 22:58,R14,17,peak,88,100,12,34,27,13.6
2026-04-13 12:43,R17,7,peak,67,86,19,60,20,28.4
2026-04-04 16:32,R08,11,off-peak,78,73,0,19,23,-6.4
2026-06-06 12:10,R12,7,peak,50,60,10,40,15,20.0
2026-07-02 14:18,R08,9,peak,78,90,12,49,23,15.4
2026-08-09 17:36,R09,12,off-peak,100,92,0,6,30,-8.0
2026-08-06 12:54,R17,7,peak,67,95,28,60,20,41.8
2026-08-05 12:29,R16,7,peak,115,137,22,39,34,19.1
2026-04-17 22:25,R01,17,peak,95,133,38,54,28,40.0
2026-07-04 11:12,R12,6,off-peak,50,47,0,40,15,-6.0
2026-07-04 00:00,R05,19,peak,55,60,5,52,16,9.1
2026-06-10 19:23,R05,14,off-peak,55,53,0,24,16,-3.6
2026-06-21 19:42,R06,14,off-peak,110,103,0,40,32,-6.4
2026-06-20 16:00,R15,11,off-peak,73,69,0,12,21,-5.5
2026-03-11 14:08,R07,9,peak,80,90,10,60,24,12.5
2026-03-10 00:10,R13,19,peak,56,75,19,30,17,33.9
2026-07-19 14:31,R09,9,peak,100,121,21,19,30,21.0
2026-06-11 21:32,R05,16,off-peak,55,60,5,25,16,9.1
2026-03-28 15:50,R13,10,off-peak,56,52,0,8,17,-7.1
2026-07-07 15:00,R01,10,off-peak,95,90,0,28,28,-5.3
2026-03-04 00:27,R11,19,peak,62,89,27,36,19,43.5
2026-03-22 20:48,R16,15,off-peak,115,113,0,12,34,-1.7
2026-03-30 16:55,R17,11,off-peak,67,65,0,35,20,-3.0
2026-06-18 18:12,R09,13,off-peak,100,107,7,7,30,7.0
2026-07-30 16:40,R04,11,off-peak,65,62,0,31,18,-4.6
2026-06-11 18:02,R05,13,off-peak,55,52,0,26,16,-5.5
2026-04-22 00:05,R05,19,peak,55,58,3,52,16,5.5
2026-05-18 23:44,R02,18,peak,75,90,15,39,22,20.0
2026-07-10 00:27,R11,19,peak,62,76,14,38,19,22.6
2026-06-02 20:17,R02,15,off-peak,75,70,0,45,22,-6.7
2026-04-16 21:02,R08,16,off-peak,78,87,9,21,23,11.5
2026-05-22 12:13,R01,7,peak,95,124,29,42,28,30.5
2026-05-04 14:31,R20,9,peak,108,132,24,54,33,22.2
2026-03-25 21:42,R12,16,off-peak,50,49,0,43,15,-2.0
2026-06-01 21:47,R05,16,off-peak,55,55,0,29,16,0.0
2026-05-10 22:13,R19,17,peak,93,106,13,40,29,14.0
2026-08-02 15:07,R04,10,off-peak,65,69,4,25,18,6.2
2026-06-23 17:59,R02,12,off-peak,75,72,0,51,22,-4.0
2026-06-30 21:48,R20,16,off-peak,108,106,0,44,33,-1.9
2026-04-19 15:26,R07,10,off-peak,80,74,0,19,24,-7.5
2026-06-23 22:40,R18,17,peak,105,147,42,42,31,40.0
2026-06-17 00:33,R04,19,peak,65,70,5,57,18,7.7
2026-08-26 16:08,R01,11,off-peak,95,100,5,22,28,5.3
2026-03-16 12:50,R10,7,peak,68,97,29,52,20,42.6
2026-07-11 02:04,R13,21,off-peak,56,60,4,26,17,7.1
2026-06-08 01:35,R06,20,off-peak,110,120,10,30,32,9.1
2026-04-10 17:36,R09,12,off-peak,100,96,0,16,30,-4.0
2026-07-10 11:29,R07,6,off-peak,80,89,9,8,24,11.2
2026-05-15 20:45,R09,15,off-peak,100,111,11,27,30,11.0
2026-03-12 14:34,R09,9,peak,100,111,11,45,30,11.0
2026-05-09 19:55,R05,14,off-peak,55,62,7,31,16,12.7
2026-04-23 18:34,R02,13,off-peak,75,86,11,40,22,14.7
2026-07-19 22:16,R20,17,peak,108,127,19,56,33,17.6
2026-05-16 00:20,R05,19,peak,55,77,22,60,16,40.0
2026-05-11 22:11,R01,17,peak,95,108,13,43,28,13.7
2026-07-28 11:06,R09,6,off-peak,100,104,4,24,30,4.0
2026-04-26 17:20,R09,12,off-peak,100,110,10,9,30,10.0
2026-06-10 17:09,R09,12,off-peak,100,105,5,9,30,5.0
2026-07-01 22:05,R14,17,peak,88,97,9,51,27,10.2
2026-04-15 16:12,R16,11,off-peak,115,117,2,1,34,1.7
2026-04-11 20:56,R06,15,off-peak,110,101,0,15,32,-8.2
2026-04-18 23:04,R06,18,peak,110,145,35,52,32,31.8
2026-07-13 23:08,R15,18,peak,73,79,6,54,21,8.2
2026-03-06 14:07,R01,9,peak,95,114,19,54,28,20.0
2026-03-22 15:17,R02,10,off-peak,75,73,0,9,22,-2.7
2026-03-03 11:50,R05,6,off-peak,55,60,5,43,16,9.1
2026-07-01 13:48,R11,8,peak,62,70,8,57,19,12.9
2026-05-19 01:21,R19,20,off-peak,93,103,10,19,29,10.8
2026-04-01 19:01,R18,14,off-peak,105,111,6,29,31,5.7
2026-03-27 14:32,R02,9,peak,75,95,20,54,22,26.7
2026-06-18 18:24,R01,13,off-peak,95,87,0,19,28,-8.4
2026-04-27 22:58,R05,17,peak,55,72,17,53,16,30.9
2026-03-30 02:14,R04,21,off-peak,65,62,0,19,18,-4.6
2026-08-05 20:21,R04,15,off-peak,65,65,0,48,18,0.0
2026-04-15 12:27,R03,7,peak,85,109,24,60,26,28.2
2026-08-21 21:27,R17,16,off-peak,67,70,3,38,20,4.5
2026-03-27 20:17,R10,15,off-peak,68,68,0,42,20,0.0
2026-03-20 22:50,R16,17,peak,115,163,48,60,34,41.7
2026-06-08 15:28,R05,10,off-peak,55,54,0,28,16,-1.8
2026-06-18 13:46,R16,8,peak,115,125,10,44,34,8.7
2026-05-30 16:20,R05,11,off-peak,55,60,5,33,16,9.1
2026-06-15 00:38,R16,19,peak,115,142,27,47,34,23.5
2026-07-06 23:34,R08,18,peak,78,94,16,34,23,20.5
2026-04-29 02:24,R18,21,off-peak,105,109,4,44,31,3.8
2026-04-30 18:23,R17,13,off-peak,67,72,5,37,20,7.5
2026-03-05 17:23,R01,12,off-peak,95,109,14,1,28,14.7
2026-06-01 12:54,R04,7,peak,65,91,26,34,18,40.0
2026-07-20 20:59,R05,15,off-peak,55,56,1,35,16,1.8
2026-03-31 12:44,R08,7,peak,78,105,27,40,23,34.6
2026-08-26 23:27,R05,18,peak,55,73,18,32,16,32.7
2026-07-31 13:55,R19,8,peak,93,115,22,58,29,23.7
2026-04-06 11:05,R06,6,off-peak,110,104,0,28,32,-5.5
2026-06-29 15:47,R14,10,off-peak,88,96,8,29,27,9.1
2026-05-26 20:28,R05,15,off-peak,55,56,1,31,16,1.8
2026-08-12 14:02,R10,9,peak,68,75,7,26,20,10.3
2026-03-03 16:25,R20,11,off-peak,108,111,3,36,33,2.8
2026-07-07 19:19,R15,14,off-peak,73,82,9,12,21,12.3
2026-05-10 00:05,R08,19,peak,78,110,32,12,23,41.0
2026-03-15 17:14,R05,12,off-peak,55,55,0,23,16,0.0
2026-07-22 16:38,R13,11,off-peak,56,62,6,40,17,10.7
2026-08-13 02:25,R15,21,off-peak,73,72,0,9,21,-1.4
2026-06-04 16:41,R13,11,off-peak,56,52,0,19,17,-7.1
2026-05-25 13:01,R04,8,peak,65,77,12,49,18,18.5
2026-03-28 20:04,R08,15,off-peak,78,74,0,28,23,-5.1
2026-08-11 17:59,R10,12,off-peak,68,71,3,29,20,4.4
2026-07-24 18:36,R02,13,off-peak,75,73,0,60,22,-2.7
2026-03-24 12:19,R16,7,peak,115,122,7,54,34,6.1
2026-06-10 22:32,R01,17,peak,95,128,33,51,28,34.7
2026-03-25 15:21,R12,10,off-peak,50,54,4,46,15,8.0
2026-04-08 14:01,R14,9,peak,88,110,22,34,27,25.0
2026-04-08 12:43,R19,7,peak,93,108,15,38,29,16.1
2026-03-24 13:45,R15,8,peak,73,102,29,45,21,39.7
2026-07-07 16:33,R05,11,off-peak,55,63,8,36,16,14.5
2026-04-03 21:21,R20,16,off-peak,108,110,2,23,33,1.9
2026-08-22 12:24,R14,7,peak,88,123,35,60,27,39.8
2026-08-03 17:04,R08,12,off-peak,78,89,11,42,23,14.1
2026-04-06 14:49,R16,9,peak,115,157,42,40,34,36.5
2026-06-25 13:20,R10,8,peak,68,84,16,49,20,23.5
2026-05-30 19:05,R03,14,off-peak,85,89,4,36,26,4.7
2026-06-26 16:16,R03,11,off-peak,85,92,7,60,26,8.2
2026-07-24 15:31,R15,10,off-peak,73,82,9,25,21,12.3
2026-06-11 22:26,R02,17,peak,75,104,29,60,22,38.7
2026-08-08 01:20,R05,20,off-peak,55,55,0,7,16,0.0
2026-07-08 13:28,R12,8,peak,50,66,16,43,15,32.0
2026-05-02 12:44,R02,7,peak,75,100,25,60,22,33.3
2026-03-27 11:18,R18,6,off-peak,105,100,0,16,31,-4.8
2026-06-27 18:42,R03,13,off-peak,85,85,0,38,26,0.0
2026-08-12 22:34,R03,17,peak,85,105,20,55,26,23.5
2026-06-10 16:49,R03,11,off-peak,85,92,7,20,26,8.2
2026-03-17 17:20,R14,12,off-peak,88,89,1,19,27,1.1
2026-06-26 02:02,R07,21,off-peak,80,75,0,41,24,-6.2
2026-04-07 15:40,R18,10,off-peak,105,119,14,31,31,13.3
2026-06-01 23:50,R20,18,peak,108,116,8,60,33,7.4
2026-04-25 02:55,R14,21,off-peak,88,85,0,48,27,-3.4
2026-04-15 19:05,R14,14,off-peak,88,86,0,30,27,-2.3
2026-03-21 13:19,R05,8,peak,55,63,8,54,16,14.5
2026-05-06 17:11,R14,12,off-peak,88,94,6,18,27,6.8
2026-06-18 13:21,R02,8,peak,75,105,30,54,22,40.0
2026-07-02 22:30,R07,17,peak,80,114,34,42,24,42.5
2026-06-20 16:22,R18,11,off-peak,105,119,14,41,31,13.3
2026-08-18 17:37,R01,12,off-peak,95,89,0,19,28,-6.3
2026-05-21 15:00,R20,10,off-peak,108,107,0,35,33,-0.9
2026-03-31 02:50,R05,21,off-peak,55,61,6,38,16,10.9
2026-03-01 19:28,R14,14,off-peak,88,91,3,50,27,3.4
2026-04-18 14:26,R15,9,peak,73,77,4,36,21,5.5
2026-04-25 16:22,R18,11,off-peak,105,111,6,29,31,5.7
2026-06-02 11:01,R19,6,off-peak,93,93,0,35,29,0.0
2026-04-01 20:44,R10,15,off-peak,68,70,2,1,20,2.9
2026-07-18 00:27,R14,19,peak,88,104,16,45,27,18.2
2026-04-15 21:29,R17,16,off-peak,67,63,0,21,20,-6.0
2026-06-06 16:18,R20,11,off-peak,108,112,4,31,33,3.7
2026-03-26 20:05,R14,15,off-peak,88,95,7,29,27,8.0
2026-08-08 00:59,R01,19,peak,95,103,8,39,28,8.4
2026-07-07 14:37,R18,9,peak,105,136,31,51,31,29.5
2026-06-25 17:35,R14,12,off-peak,88,85,0,11,27,-3.4
2026-06-29 14:07,R13,9,peak,56,63,7,32,17,12.5
2026-08-14 00:45,R15,19,peak,73,103,30,60,21,41.1
2026-04-27 11:32,R13,6,off-peak,56,63,7,22,17,12.5
2026-06-15 20:43,R09,15,off-peak,100,111,11,52,30,11.0
2026-06-15 11:02,R08,6,off-peak,78,87,9,34,23,11.5
2026-07-25 21:27,R12,16,off-peak,50,49,0,28,15,-2.0
2026-08-12 23:25,R08,18,peak,78,87,9,55,23,11.5
2026-08-11 00:24,R19,19,peak,93,102,9,26,29,9.7
2026-07-11 23:10,R06,18,peak,110,155,45,39,32,40.9
2026-06-09 14:53,R05,9,peak,55,71,16,47,16,29.1
2026-04-22 16:05,R09,11,off-peak,100,113,13,38,30,13.0
2026-07-18 15:58,R19,10,off-peak,93,86,0,35,29,-7.5
2026-04-03 23:29,R03,18,peak,85,90,5,31,26,5.9
2026-04-26 18:19,R06,13,off-peak,110,117,7,12,32,6.4
2026-06-05 18:49,R07,13,off-peak,80,86,6,27,24,7.5
2026-08-11 15:37,R03,10,off-peak,85,90,5,31,26,5.9
2026-07-31 14:07,R04,9,peak,65,80,15,52,18,23.1
2026-06-01 13:58,R06,8,peak,110,118,8,51,32,7.3
2026-03-06 23:26,R07,18,peak,80,87,7,60,24,8.8
2026-06-05 17:56,R03,12,off-peak,85,91,6,41,26,7.1
2026-04-17 01:19,R11,20,off-peak,62,68,6,35,19,9.7
2026-05-27 12:22,R19,7,peak,93,102,9,45,29,9.7
2026-05-05 11:59,R16,6,off-peak,115,109,0,39,34,-5.2
2026-04-09 11:13,R18,6,off-peak,105,109,4,39,31,3.8
2026-03-08 14:20,R12,9,peak,50,70,20,48,15,40.0
2026-04-21 19:05,R05,14,off-peak,55,54,0,31,16,-1.8
2026-07-05 20:27,R12,15,off-peak,50,51,1,15,15,2.0
2026-08-23 19:54,R07,14,off-peak,80,76,0,27,24,-5.0
2026-07-29 23:19,R09,18,peak,100,109,9,49,30,9.0
2026-06-18 00:38,R16,19,peak,115,161,46,52,34,40.0
2026-08-03 21:24,R09,16,off-peak,100,106,6,13,30,6.0
2026-03-09 13:32,R12,8,peak,50,61,11,51,15,22.0
2026-08-14 00:33,R09,19,peak,100,116,16,43,30,16.0
2026-04-17 21:22,R06,16,off-peak,110,112,2,30,32,1.8
2026-06-04 13:23,R08,8,peak,78,88,10,51,23,12.8
2026-05-24 21:13,R01,16,off-peak,95,102,7,36,28,7.4
2026-07-22 21:04,R15,16,off-peak,73,82,9,15,21,12.3
2026-05-11 17:45,R17,12,off-peak,67,63,0,38,20,-6.0
2026-08-13 13:26,R20,8,peak,108,138,30,39,33,27.8
2026-07-05 17:31,R11,12,off-peak,62,59,0,16,19,-4.8
2026-04-01 19:28,R02,14,off-peak,75,76,1,33,22,1.3
2026-05-12 18:01,R13,13,off-peak,56,58,2,37,17,3.6
2026-05-12 11:08,R19,6,off-peak,93,105,12,34,29,12.9
2026-03-05 12:04,R18,7,peak,105,124,19,34,31,18.1
2026-06-15 14:46,R16,9,peak,115,158,43,41,34,37.4
2026-05-20 23:31,R12,18,peak,50,54,4,54,15,8.0
2026-08-26 12:29,R20,7,peak,108,130,22,27,33,20.4
2026-03-27 22:01,R04,17,peak,65,92,27,45,18,41.5
2026-04-05 12:06,R08,7,peak,78,107,29,60,23,37.2
2026-04-18 18:46,R14,13,off-peak,88,84,0,27,27,-4.5
2026-03-14 11:16,R12,6,off-peak,50,56,6,30,15,12.0
2026-05-24 20:44,R02,15,off-peak,75,70,0,25,22,-6.7
2026-04-13 23:59,R20,18,peak,108,125,17,53,33,15.7
2026-07-28 21:56,R05,16,off-peak,55,61,6,38,16,10.9
2026-07-13 01:33,R14,20,off-peak,88,94,6,28,27,6.8
2026-07-02 19:14,R16,14,off-peak,115,114,0,41,34,-0.9
2026-03-22 19:22,R03,14,off-peak,85,93,8,5,26,9.4
2026-07-05 13:03,R07,8,peak,80,86,6,36,24,7.5
2026-06-28 11:52,R07,6,off-peak,80,85,5,17,24,6.2
2026-07-14 17:32,R11,12,off-peak,62,68,6,37,19,9.7
2026-08-15 20:09,R11,15,off-peak,62,67,5,31,19,8.1
2026-06-07 18:28,R05,13,off-peak,55,62,7,23,16,12.7
2026-04-18 17:04,R20,12,off-peak,108,118,10,26,33,9.3
2026-03-28 14:47,R10,9,peak,68,75,7,52,20,10.3
2026-06-26 18:11,R04,13,off-peak,65,60,0,26,18,-7.7
2026-04-01 01:59,R17,20,off-peak,67,67,0,41,20,0.0
2026-04-24 13:09,R18,8,peak,105,125,20,34,31,19.0
2026-06-03 12:06,R11,7,peak,62,76,14,52,19,22.6
2026-06-17 23:12,R02,18,peak,75,100,25,41,22,33.3
2026-07-05 19:33,R20,14,off-peak,108,112,4,39,33,3.7
2026-08-13 14:15,R14,9,peak,88,116,28,53,27,31.8
2026-05-01 12:04,R02,7,peak,75,96,21,42,22,28.0
2026-08-06 14:44,R18,9,peak,105,121,16,42,31,15.2
2026-08-25 18:17,R04,13,off-peak,65,70,5,16,18,7.7
2026-04-22 17:22,R16,12,off-peak,115,110,0,15,34,-4.3
2026-07-07 11:58,R10,6,off-peak,68,64,0,13,20,-5.9
2026-08-25 02:15,R20,21,off-peak,108,117,9,36,33,8.3
2026-06-25 16:09,R06,11,off-peak,110,109,0,43,32,-0.9
2026-03-07 02:11,R01,21,off-peak,95,96,1,52,28,1.1
2026-06-30 11:37,R06,6,off-peak,110,116,6,24,32,5.5
2026-06-30 02:07,R01,21,off-peak,95,106,11,30,28,11.6
2026-04-12 18:48,R10,13,off-peak,68,70,2,28,20,2.9
2026-05-25 14:28,R05,9,peak,55,59,4,33,16,7.3
2026-05-04 19:23,R18,14,off-peak,105,112,7,28,31,6.7
2026-05-17 11:45,R15,6,off-peak,73,81,8,20,21,11.0
2026-08-24 02:33,R20,21,off-peak,108,102,0,40,33,-5.6
2026-04-26 15:42,R01,10,off-peak,95,108,13,39,28,13.7
2026-08-26 18:27,R01,13,off-peak,95,100,5,27,28,5.3
2026-04-19 17:58,R12,12,off-peak,50,54,4,44,15,8.0
2026-07-14 01:11,R09,20,off-peak,100,114,14,23,30,14.0
2026-06-09 22:37,R09,17,peak,100,140,40,11,30,40.0
2026-07-12 17:44,R10,12,off-peak,68,63,0,47,20,-7.4
2026-06-25 14:36,R11,9,peak,62,75,13,60,19,21.0
2026-07-06 14:59,R10,9,peak,68,97,29,40,20,42.6
2026-07-13 01:18,R05,20,off-peak,55,59,4,15,16,7.3
2026-05-16 02:00,R10,21,off-peak,68,67,0,15,20,-1.5
2026-07-30 12:07,R15,7,peak,73,82,9,54,21,12.3
2026-03-01 22:03,R14,17,peak,88,115,27,48,27,30.7
2026-05-12 15:50,R09,10,off-peak,100,100,0,39,30,0.0
2026-05-09 15:09,R18,10,off-peak,105,119,14,14,31,13.3
2026-03-22 00:18,R07,19,peak,80,102,22,47,24,27.5
2026-08-11 18:24,R12,13,off-peak,50,55,5,41,15,10.0
2026-03-26 23:57,R14,18,peak,88,126,38,44,27,43.2
2026-08-21 16:56,R10,11,off-peak,68,71,3,38,20,4.4
2026-04-21 15:16,R11,10,off-peak,62,66,4,38,19,6.5
2026-07-24 20:59,R10,15,off-peak,68,63,0,39,20,-7.4
2026-06-20 16:06,R15,11,off-peak,73,73,0,36,21,0.0
2026-06-18 22:29,R11,17,peak,62,76,14,54,19,22.6
2026-07-23 00:01,R14,19,peak,88,108,20,57,27,22.7
2026-07-27 20:32,R05,15,off-peak,55,60,5,24,16,9.1
2026-07-23 15:56,R12,10,off-peak,50,53,3,22,15,6.0
2026-03-02 15:29,R13,10,off-peak,56,56,0,47,17,0.0
2026-03-23 01:03,R17,20,off-peak,67,74,7,23,20,10.4
2026-05-14 21:36,R04,16,off-peak,65,68,3,60,18,4.6
2026-04-01 21:47,R16,16,off-peak,115,128,13,15,34,11.3
2026-07-22 17:47,R02,12,off-peak,75,77,2,20,22,2.7
2026-08-20 15:40,R16,10,off-peak,115,111,0,34,34,-3.5
2026-08-07 11:44,R10,6,off-peak,68,75,7,19,20,10.3
2026-04-09 14:38,R07,9,peak,80,86,6,55,24,7.5
2026-03-07 17:53,R08,12,off-peak,78,73,0,18,23,-6.4
2026-04-02 01:19,R17,20,off-peak,67,67,0,1,20,0.0
2026-08-22 19:28,R08,14,off-peak,78,86,8,47,23,10.3
2026-08-10 14:01,R20,9,peak,108,132,24,53,33,22.2
2026-08-27 16:34,R08,11,off-peak,78,80,2,48,23,2.6
2026-05-15 02:42,R07,21,off-peak,80,82,2,40,24,2.5
2026-08-26 19:51,R12,14,off-peak,50,50,0,37,15,0.0
2026-06-18 01:09,R04,20,off-peak,65,66,1,41,18,1.5
2026-05-17 23:02,R19,18,peak,93,98,5,47,29,5.4
2026-05-31 01:08,R20,20,off-peak,108,100,0,9,33,-7.4
2026-05-31 11:32,R09,6,off-peak,100,114,14,31,30,14.0
2026-07-13 17:24,R17,12,off-peak,67,67,0,20,20,0.0
2026-07-23 22:21,R05,17,peak,55,72,17,44,16,30.9
2026-08-16 15:19,R15,10,off-peak,73,71,0,31,21,-2.7
2026-08-03 23:42,R16,18,peak,115,165,50,42,34,43.5
2026-05-22 19:37,R06,14,off-peak,110,104,0,38,32,-5.5
2026-03-08 23:54,R20,18,peak,108,116,8,41,33,7.4
2026-03-28 18:31,R06,13,off-peak,110,103,0,40,32,-6.4
2026-04-14 18:46,R08,13,off-peak,78,73,0,22,23,-6.4
2026-03-17 00:39,R13,19,peak,56,79,23,44,17,41.1
2026-08-04 01:40,R03,20,off-peak,85,93,8,31,26,9.4
2026-08-26 16:28,R01,11,off-peak,95,94,0,2,28,-1.1
2026-07-04 17:28,R19,12,off-peak,93,89,0,53,29,-4.3
2026-04-11 18:27,R10,13,off-peak,68,65,0,36,20,-4.4
2026-08-09 13:42,R07,8,peak,80,102,22,24,24,27.5
2026-04-05 17:57,R04,12,off-peak,65,60,0,48,18,-7.7
2026-08-22 13:46,R19,8,peak,93,110,17,45,29,18.3
2026-04-24 02:36,R17,21,off-peak,67,64,0,34,20,-4.5
2026-06-21 15:27,R12,10,off-peak,50,55,5,15,15,10.0
2026-04-02 13:50,R13,8,peak,56,71,15,39,17,26.8
2026-07-17 18:21,R16,13,off-peak,115,107,0,27,34,-7.0
2026-05-14 18:59,R01,13,off-peak,95,105,10,33,28,10.5
2026-04-10 13:18,R12,8,peak,50,69,19,34,15,38.0
2026-08-04 18:32,R03,13,off-peak,85,94,9,21,26,10.6
2026-05-07 14:41,R18,9,peak,105,134,29,60,31,27.6
2026-05-06 12:12,R01,7,peak,95,112,17,34,28,17.9
2026-05-24 17:59,R05,12,off-peak,55,57,2,45,16,3.6
2026-07-23 18:57,R02,13,off-peak,75,77,2,10,22,2.7
2026-06-15 22:38,R02,17,peak,75,108,33,30,22,44.0
2026-07-01 13:08,R20,8,peak,108,151,43,44,33,39.8
2026-08-15 02:22,R02,21,off-peak,75,77,2,31,22,2.7
2026-04-29 02:01,R14,21,off-peak,88,87,0,30,27,-1.1
2026-03-05 23:35,R07,18,peak,80,105,25,43,24,31.2
2026-06-05 12:44,R16,7,peak,115,138,23,58,34,20.0
2026-03-31 15:57,R18,10,off-peak,105,99,0,41,31,-5.7
2026-05-27 22:27,R20,17,peak,108,128,20,52,33,18.5
2026-07-16 11:36,R03,6,off-peak,85,82,0,23,26,-3.5
2026-05-03 11:52,R02,6,off-peak,75,84,9,31,22,12.0
2026-05-20 16:22,R15,11,off-peak,73,71,0,29,21,-2.7
2026-04-03 18:38,R20,13,off-peak,108,124,16,13,33,14.8
2026-07-18 13:13,R03,8,peak,85,97,12,55,26,14.1
2026-04-26 22:28,R16,17,peak,115,162,47,38,34,40.9
2026-05-02 20:33,R18,15,off-peak,105,117,12,1,31,11.4
2026-07-07 21:06,R09,16,off-peak,100,108,8,52,30,8.0
2026-04-23 02:58,R20,21,off-peak,108,106,0,36,33,-1.9
2026-07-20 18:13,R05,13,off-peak,55,54,0,41,16,-1.8
2026-08-26 12:28,R05,7,peak,55,79,24,58,16,43.6
2026-03-09 14:17,R15,9,peak,73,77,4,42,21,5.5
2026-08-04 12:24,R03,7,peak,85,98,13,56,26,15.3
2026-06-07 11:28,R16,6,off-peak,115,128,13,35,34,11.3
2026-08-18 00:19,R06,19,peak,110,138,28,47,32,25.5
2026-08-03 22:48,R02,17,peak,75,106,31,60,22,41.3
2026-05-27 17:46,R09,12,off-peak,100,109,9,11,30,9.0
2026-03-16 00:51,R20,19,peak,108,150,42,54,33,38.9
2026-07-25 01:49,R10,20,off-peak,68,69,1,35,20,1.5
2026-06-06 19:29,R17,14,off-peak,67,64,0,27,20,-4.5
2026-08-22 11:17,R05,6,off-peak,55,54,0,1,16,-1.8
2026-05-15 18:21,R03,13,off-peak,85,93,8,24,26,9.4
2026-05-04 22:50,R09,17,peak,100,115,15,43,30,15.0
2026-07-24 11:42,R20,6,off-peak,108,102,0,23,33,-5.6
2026-06-22 01:00,R06,20,off-peak,110,112,2,36,32,1.8
2026-07-01 12:40,R15,7,peak,73,104,31,49,21,42.5
2026-08-04 13:35,R02,8,peak,75,87,12,38,22,16.0
2026-05-06 13:49,R11,8,peak,62,76,14,47,19,22.6
2026-04-14 15:09,R16,10,off-peak,115,111,0,18,34,-3.5
2026-08-15 12:02,R20,7,peak,108,123,15,50,33,13.9
2026-04-28 21:03,R15,16,off-peak,73,67,0,41,21,-8.2
2026-05-30 19:34,R09,14,off-peak,100,92,0,24,30,-8.0
2026-06-22 14:07,R12,9,peak,50,54,4,29,15,8.0
2026-05-23 13:36,R17,8,peak,67,76,9,29,20,13.4
2026-05-12 13:09,R14,8,peak,88,114,26,60,27,29.5
2026-06-01 21:21,R01,16,off-peak,95,100,5,53,28,5.3
2026-05-16 02:39,R12,21,off-peak,50,56,6,24,15,12.0
2026-05-14 16:59,R01,11,off-peak,95,95,0,37,28,0.0
2026-07-09 17:45,R04,12,off-peak,65,71,6,40,18,9.2
2026-06-05 22:53,R17,17,peak,67,95,28,29,20,41.8
2026-08-14 23:05,R05,18,peak,55,74,19,36,16,34.5
2026-07-26 18:40,R03,13,off-peak,85,89,4,16,26,4.7
2026-08-16 12:33,R04,7,peak,65,84,19,41,18,29.2
2026-04-20 01:53,R17,20,off-peak,67,66,0,4,20,-1.5
2026-06-01 18:14,R11,13,off-peak,62,68,6,15,19,9.7
2026-03-30 21:44,R15,16,off-peak,73,79,6,29,21,8.2
2026-07-22 22:32,R14,17,peak,88,95,7,60,27,8.0
2026-08-02 22:14,R03,17,peak,85,111,26,33,26,30.6
2026-05-02 15:49,R19,10,off-peak,93,105,12,31,29,12.9
2026-05-13 15:21,R14,10,off-peak,88,93,5,26,27,5.7
2026-08-09 15:56,R14,10,off-peak,88,92,4,32,27,4.5
2026-03-04 16:10,R07,11,off-peak,80,89,9,34,24,11.2
2026-04-03 02:55,R18,21,off-peak,105,114,9,34,31,8.6
2026-04-13 00:04,R02,19,peak,75,79,4,60,22,5.3
2026-06-12 00:44,R13,19,peak,56,66,10,60,17,17.9
2026-03-31 18:21,R18,13,off-peak,105,113,8,48,31,7.6
2026-03-12 14:04,R19,9,peak,93,134,41,29,29,44.1
2026-08-10 01:28,R12,20,off-peak,50,56,6,27,15,12.0
2026-07-29 15:58,R16,10,off-peak,115,125,10,15,34,8.7
2026-03-02 13:37,R17,8,peak,67,74,7,30,20,10.4
2026-04-15 23:32,R15,18,peak,73,86,13,35,21,17.8
2026-03-25 19:14,R19,14,off-peak,93,105,12,24,29,12.9
2026-06-08 00:20,R19,19,peak,93,108,15,55,29,16.1
2026-04-23 15:27,R06,10,off-peak,110,102,0,12,32,-7.3
2026-05-12 21:10,R20,16,off-peak,108,101,0,26,33,-6.5
2026-06-21 20:14,R04,15,off-peak,65,63,0,35,18,-3.1
2026-08-18 14:17,R09,9,peak,100,141,41,38,30,41.0
2026-07-09 14:48,R05,9,peak,55,62,7,52,16,12.7
2026-03-07 17:23,R02,12,off-peak,75,69,0,42,22,-8.0
2026-07-25 20:27,R07,15,off-peak,80,90,10,26,24,12.5
2026-03-31 20:28,R15,15,off-peak,73,82,9,13,21,12.3
2026-04-06 02:17,R14,21,off-peak,88,86,0,27,27,-2.3
2026-04-26 13:46,R12,8,peak,50,67,17,39,15,34.0
2026-05-25 21:17,R03,16,off-peak,85,81,0,9,26,-4.7
2026-03-10 21:27,R03,16,off-peak,85,95,10,33,26,11.8
2026-07-21 21:42,R04,16,off-peak,65,62,0,36,18,-4.6
2026-06-05 18:55,R01,13,off-peak,95,90,0,13,28,-5.3
2026-04-08 17:31,R08,12,off-peak,78,76,0,35,23,-2.6
2026-03-23 15:33,R10,10,off-peak,68,65,0,10,20,-4.4
2026-07-04 11:35,R07,6,off-peak,80,81,1,13,24,1.2
2026-08-06 00:24,R02,19,peak,75,99,24,32,22,32.0
2026-07-02 18:33,R19,13,off-peak,93,99,6,23,29,6.5
2026-08-19 18:31,R10,13,off-peak,68,76,8,21,20,11.8
2026-07-18 23:30,R16,18,peak,115,148,33,42,34,28.7
2026-05-24 00:15,R10,19,peak,68,97,29,53,20,42.6
2026-05-21 14:42,R14,9,peak,88,98,10,59,27,11.4
2026-07-05 02:38,R05,21,off-peak,55,61,6,40,16,10.9
2026-05-08 18:32,R14,13,off-peak,88,81,0,33,27,-8.0
2026-05-22 12:16,R14,7,peak,88,112,24,60,27,27.3
2026-06-23 00:27,R11,19,peak,62,74,12,23,19,19.4
2026-05-27 02:40,R09,21,off-peak,100,108,8,43,30,8.0
2026-04-26 20:36,R02,15,off-peak,75,76,1,38,22,1.3
2026-07-17 21:01,R04,16,off-peak,65,61,0,17,18,-6.2
2026-05-25 23:58,R01,18,peak,95,103,8,32,28,8.4
2026-06-01 12:34,R03,7,peak,85,106,21,60,26,24.7
2026-06-10 16:55,R07,11,off-peak,80,89,9,26,24,11.2
2026-04-25 22:35,R06,17,peak,110,130,20,35,32,18.2
2026-03-06 11:48,R08,6,off-peak,78,72,0,33,23,-7.7
2026-05-13 02:19,R13,21,off-peak,56,52,0,25,17,-7.1
2026-08-24 18:15,R01,13,off-peak,95,101,6,47,28,6.3
2026-05-09 23:55,R13,18,peak,56,61,5,49,17,8.9
2026-06-15 13:01,R03,8,peak,85,91,6,60,26,7.1
2026-07-29 15:50,R20,10,off-peak,108,101,0,30,33,-6.5
2026-05-19 17:50,R13,12,off-peak,56,62,6,21,17,10.7
2026-04-21 20:06,R01,15,off-peak,95,93,0,40,28,-2.1
2026-06-19 02:05,R09,21,off-peak,100,100,0,30,30,0.0
2026-08-28 02:34,R09,21,off-peak,100,98,0,40,30,-2.0
2026-07-06 18:46,R17,13,off-peak,67,67,0,18,20,0.0
2026-07-26 14:01,R18,9,peak,105,129,24,52,31,22.9
2026-07-01 18:36,R13,13,off-peak,56,57,1,36,17,1.8
2026-04-13 13:13,R05,8,peak,55,59,4,51,16,7.3
2026-06-12 18:39,R16,13,off-peak,115,108,0,35,34,-6.1
2026-07-05 18:16,R19,13,off-peak,93,86,0,15,29,-7.5
2026-04-08 20:02,R14,15,off-peak,88,95,7,21,27,8.0
2026-04-23 11:48,R14,6,off-peak,88,86,0,41,27,-2.3
2026-05-21 02:41,R18,21,off-peak,105,109,4,29,31,3.8
2026-06-17 13:44,R16,8,peak,115,163,48,58,34,41.7
2026-03-04 23:10,R03,18,peak,85,93,8,38,26,9.4
2026-03-31 01:02,R07,20,off-peak,80,89,9,27,24,11.2
2026-07-14 02:31,R14,21,off-peak,88,84,0,43,27,-4.5
2026-03-31 23:27,R14,18,peak,88,92,4,60,27,4.5
2026-08-05 19:56,R10,14,off-peak,68,70,2,15,20,2.9
2026-04-22 20:51,R05,15,off-peak,55,57,2,40,16,3.6
2026-05-04 22:30,R20,17,peak,108,135,27,17,33,25.0
2026-06-30 16:00,R05,11,off-peak,55,57,2,34,16,3.6
2026-06-30 00:04,R11,19,peak,62,69,7,46,19,11.3
2026-07-16 17:29,R07,12,off-peak,80,86,6,27,24,7.5
2026-06-28 14:38,R11,9,peak,62,66,4,51,19,6.5
2026-03-04 18:59,R18,13,off-peak,105,104,0,37,31,-1.0
2026-06-18 19:37,R07,14,off-peak,80,78,0,26,24,-2.5
2026-08-12 19:42,R13,14,off-peak,56,58,2,16,17,3.6
2026-03-27 13:46,R07,8,peak,80,102,22,46,24,27.5
2026-07-12 14:37,R19,9,peak,93,102,9,52,29,9.7
2026-07-30 21:38,R13,16,off-peak,56,58,2,24,17,3.6
2026-03-02 02:50,R20,21,off-peak,108,104,0,49,33,-3.7
2026-08-05 17:09,R08,12,off-peak,78,73,0,36,23,-6.4
2026-03-14 21:08,R01,16,off-peak,95,89,0,38,28,-6.3
2026-06-30 01:20,R17,20,off-peak,67,68,1,21,20,1.5
2026-06-07 23:45,R08,18,peak,78,93,15,60,23,19.2
2026-07-12 22:20,R16,17,peak,115,135,20,20,34,17.4
2026-05-11 16:45,R07,11,off-peak,80,90,10,23,24,12.5
2026-07-05 00:44,R05,19,peak,55,70,15,49,16,27.3
2026-04-16 00:01,R18,19,peak,105,137,32,27,31,30.5
2026-05-29 01:46,R12,20,off-peak,50,54,4,13,15,8.0
2026-03-03 23:12,R07,18,peak,80,95,15,52,24,18.8
2026-03-02 22:37,R15,17,peak,73,92,19,43,21,26.0
2026-03-04 19:38,R12,14,off-peak,50,51,1,32,15,2.0
2026-08-12 12:30,R09,7,peak,100,130,30,13,30,30.0
2026-07-25 19:52,R09,14,off-peak,100,106,6,51,30,6.0
2026-08-10 02:29,R01,21,off-peak,95,109,14,14,28,14.7
2026-03-08 14:39,R18,9,peak,105,111,6,45,31,5.7
2026-04-03 16:05,R05,11,off-peak,55,61,6,7,16,10.9
2026-03-17 01:20,R02,20,off-peak,75,79,4,39,22,5.3
2026-04-19 19:41,R04,14,off-peak,65,74,9,26,18,13.8
2026-07-29 16:46,R11,11,off-peak,62,69,7,26,19,11.3
2026-06-12 11:26,R12,6,off-peak,50,56,6,37,15,12.0
2026-07-07 17:09,R03,12,off-peak,85,94,9,12,26,10.6
2026-03-12 13:17,R09,8,peak,100,111,11,30,30,11.0
2026-03-01 16:19,R14,11,off-peak,88,93,5,16,27,5.7
2026-06-28 22:36,R09,17,peak,100,109,9,47,30,9.0
2026-03-24 13:11,R15,8,peak,73,80,7,40,21,9.6
2026-08-08 16:01,R03,11,off-peak,85,84,0,30,26,-1.2
2026-05-03 22:19,R07,17,peak,80,98,18,23,24,22.5
2026-06-06 15:45,R07,10,off-peak,80,79,0,25,24,-1.2
2026-04-18 21:17,R19,16,off-peak,93,94,1,37,29,1.1
2026-05-06 16:44,R07,11,off-peak,80,91,11,23,24,13.8
2026-08-12 22:33,R12,17,peak,50,59,9,46,15,18.0
2026-07-28 16:24,R15,11,off-peak,73,67,0,36,21,-8.2
2026-08-22 22:50,R14,17,peak,88,115,27,57,27,30.7
2026-07-07 17:35,R10,12,off-peak,68,67,0,38,20,-1.5
2026-06-28 17:16,R03,12,off-peak,85,83,0,9,26,-2.4
2026-08-09 14:11,R02,9,peak,75,94,19,31,22,25.3
2026-08-16 22:37,R11,17,peak,62,79,17,47,19,27.4
2026-08-09 21:22,R02,16,off-peak,75,81,6,29,22,8.0
2026-08-14 02:57,R14,21,off-peak,88,87,0,26,27,-1.1
2026-05-18 16:10,R04,11,off-peak,65,73,8,20,18,12.3
2026-06-26 01:37,R01,20,off-peak,95,105,10,29,28,10.5
2026-07-01 00:53,R19,19,peak,93,124,31,45,29,33.3
2026-06-11 21:19,R20,16,off-peak,108,111,3,47,33,2.8
2026-07-08 18:06,R02,13,off-peak,75,82,7,9,22,9.3
2026-04-11 23:32,R19,18,peak,93,119,26,54,29,28.0
2026-08-26 20:33,R06,15,off-peak,110,123,13,38,32,11.8
2026-03-14 15:05,R05,10,off-peak,55,58,3,58,16,5.5
2026-06-26 15:25,R10,10,off-peak,68,75,7,28,20,10.3
2026-05-17 17:19,R05,12,off-peak,55,61,6,28,16,10.9
2026-04-22 16:27,R03,11,off-peak,85,82,0,35,26,-3.5
2026-04-10 22:22,R18,17,peak,105,110,5,49,31,4.8
2026-06-10 02:44,R04,21,off-peak,65,68,3,31,18,4.6
2026-03-26 01:24,R13,20,off-peak,56,60,4,41,17,7.1
2026-04-04 21:25,R05,16,off-peak,55,60,5,31,16,9.1
2026-05-28 23:31,R14,18,peak,88,111,23,19,27,26.1
2026-08-03 11:11,R19,6,off-peak,93,90,0,29,29,-3.2
2026-06-10 11:58,R11,6,off-peak,62,65,3,16,19,4.8
2026-04-18 18:02,R03,13,off-peak,85,80,0,31,26,-5.9
2026-06-17 23:09,R11,18,peak,62,81,19,57,19,30.6
2026-07-02 20:02,R10,15,off-peak,68,68,0,25,20,0.0
2026-07-11 16:53,R06,11,off-peak,110,111,1,57,32,0.9
2026-05-29 01:43,R04,20,off-peak,65,71,6,26,18,9.2
2026-04-02 11:36,R13,6,off-peak,56,53,0,10,17,-5.4
2026-03-03 23:31,R17,18,peak,67,88,21,34,20,31.3
2026-05-06 12:47,R14,7,peak,88,103,15,30,27,17.0
2026-07-01 01:45,R04,20,off-peak,65,67,2,20,18,3.1
2026-06-17 14:34,R12,9,peak,50,68,18,57,15,36.0
2026-05-26 13:59,R13,8,peak,56,62,6,42,17,10.7
2026-06-28 01:18,R17,20,off-peak,67,68,1,19,20,1.5
2026-06-26 14:23,R02,9,peak,75,104,29,60,22,38.7
2026-08-20 19:18,R12,14,off-peak,50,50,0,33,15,0.0
2026-05-31 19:26,R01,14,off-peak,95,91,0,38,28,-4.2
2026-03-10 14:34,R02,9,peak,75,89,14,46,22,18.7
2026-07-15 18:06,R13,13,off-peak,56,53,0,32,17,-5.4
2026-05-29 00:29,R16,19,peak,115,161,46,49,34,40.0
2026-07-13 18:36,R20,13,off-peak,108,122,14,23,33,13.0
2026-08-11 12:51,R12,7,peak,50,55,5,46,15,10.0
2026-03-21 23:21,R04,18,peak,65,81,16,60,18,24.6
2026-05-05 23:46,R14,18,peak,88,93,5,36,27,5.7
2026-04-20 00:36,R03,19,peak,85,122,37,44,26,43.5
2026-03-13 18:23,R17,13,off-peak,67,72,5,38,20,7.5
2026-06-21 02:17,R19,21,off-peak,93,90,0,27,29,-3.2
2026-04-16 12:43,R09,7,peak,100,129,29,24,30,29.0
2026-04-23 19:01,R10,14,off-peak,68,62,0,31,20,-8.8
2026-08-10 19:20,R09,14,off-peak,100,102,2,10,30,2.0
2026-05-23 18:14,R04,13,off-peak,65,63,0,37,18,-3.1
2026-08-11 01:38,R20,20,off-peak,108,113,5,31,33,4.6
2026-07-21 23:00,R11,18,peak,62,76,14,39,19,22.6
2026-07-06 15:13,R15,10,off-peak,73,74,1,36,21,1.4
2026-05-05 16:25,R18,11,off-peak,105,112,7,50,31,6.7
2026-05-29 02:05,R03,21,off-peak,85,89,4,32,26,4.7
2026-05-20 22:28,R07,17,peak,80,93,13,43,24,16.2
2026-07-23 16:27,R20,11,off-peak,108,114,6,25,33,5.6
2026-05-12 11:35,R14,6,off-peak,88,96,8,26,27,9.1
2026-04-01 15:06,R13,10,off-peak,56,56,0,1,17,0.0
2026-03-29 17:36,R13,12,off-peak,56,54,0,22,17,-3.6
2026-04-26 00:26,R13,19,peak,56,66,10,60,17,17.9
2026-06-01 19:40,R20,14,off-peak,108,107,0,47,33,-0.9
2026-06-12 23:31,R11,18,peak,62,70,8,60,19,12.9
2026-06-24 20:10,R15,15,off-peak,73,81,8,34,21,11.0
2026-05-25 11:48,R10,6,off-peak,68,70,2,24,20,2.9
2026-03-26 16:24,R15,11,off-peak,73,78,5,17,21,6.8
2026-03-09 00:39,R14,19,peak,88,99,11,38,27,12.5
2026-07-07 15:05,R08,10,off-peak,78,82,4,12,23,5.1
2026-04-12 21:36,R01,16,off-peak,95,100,5,16,28,5.3
2026-03-06 13:47,R16,8,peak,115,164,49,27,34,42.6
2026-04-11 17:29,R13,12,off-peak,56,62,6,15,17,10.7
2026-04-21 18:20,R12,13,off-peak,50,48,0,30,15,-4.0
2026-06-26 17:15,R01,12,off-peak,95,100,5,31,28,5.3
2026-04-16 01:29,R20,20,off-peak,108,123,15,22,33,13.9
2026-04-10 21:15,R20,16,off-peak,108,121,13,27,33,12.0
2026-03-09 13:43,R15,8,peak,73,76,3,34,21,4.1
2026-06-15 23:16,R16,18,peak,115,123,8,23,34,7.0
2026-08-03 14:41,R18,9,peak,105,140,35,60,31,33.3
2026-03-17 02:18,R15,21,off-peak,73,81,8,26,21,11.0
2026-07-09 12:40,R13,7,peak,56,66,10,37,17,17.9
2026-05-07 14:48,R04,9,peak,65,72,7,34,18,10.8
2026-06-02 14:26,R19,9,peak,93,124,31,41,29,33.3
2026-03-26 02:21,R08,21,off-peak,78,75,0,22,23,-3.8
2026-07-05 01:48,R03,20,off-peak,85,95,10,28,26,11.8
2026-06-25 01:44,R10,20,off-peak,68,67,0,37,20,-1.5
2026-04-05 19:09,R09,14,off-peak,100,105,5,25,30,5.0
2026-05-18 22:45,R12,17,peak,50,66,16,44,15,32.0
2026-06-21 20:43,R06,15,off-peak,110,113,3,22,32,2.7
2026-06-07 15:16,R05,10,off-peak,55,58,3,47,16,5.5
2026-07-28 11:19,R08,6,off-peak,78,87,9,29,23,11.5
2026-04-13 23:22,R12,18,peak,50,62,12,46,15,24.0
2026-06-05 21:55,R05,16,off-peak,55,57,2,43,16,3.6
2026-06-07 02:00,R17,21,off-peak,67,64,0,20,20,-4.5
2026-04-22 21:14,R03,16,off-peak,85,82,0,37,26,-3.5
2026-06-26 17:36,R04,12,off-peak,65,65,0,41,18,0.0
2026-06-02 18:42,R01,13,off-peak,95,103,8,44,28,8.4
2026-07-15 13:54,R11,8,peak,62,71,9,48,19,14.5
2026-03-15 13:28,R18,8,peak,105,151,46,36,31,43.8
2026-08-14 16:54,R09,11,off-peak,100,107,7,24,30,7.0
2026-06-25 18:11,R08,13,off-peak,78,84,6,43,23,7.7
2026-04-18 19:46,R18,14,off-peak,105,98,0,32,31,-6.7
2026-03-16 15:13,R03,10,off-peak,85,88,3,30,26,3.5
2026-07-17 02:56,R19,21,off-peak,93,95,2,43,29,2.2
2026-03-19 21:12,R02,16,off-peak,75,82,7,15,22,9.3
2026-07-29 17:13,R16,12,off-peak,115,108,0,29,34,-6.1
2026-03-04 02:37,R20,21,off-peak,108,106,0,4,33,-1.9
2026-08-10 17:39,R15,12,off-peak,73,77,4,39,21,5.5
2026-06-13 11:38,R15,6,off-peak,73,71,0,25,21,-2.7
2026-08-14 02:19,R11,21,off-peak,62,64,2,44,19,3.2
2026-08-21 18:35,R09,13,off-peak,100,99,0,11,30,-1.0
2026-05-21 16:57,R04,11,off-peak,65,67,2,27,18,3.1
2026-04-16 02:04,R17,21,off-peak,67,69,2,29,20,3.0
2026-08-24 01:34,R04,20,off-peak,65,64,0,10,18,-1.5
2026-04-29 17:13,R06,12,off-peak,110,120,10,24,32,9.1
2026-05-17 02:59,R17,21,off-peak,67,63,0,37,20,-6.0
2026-04-09 17:20,R20,12,off-peak,108,113,5,39,33,4.6
2026-04-10 16:20,R06,11,off-peak,110,116,6,45,32,5.5
2026-06-16 02:49,R17,21,off-peak,67,71,4,26,20,6.0
2026-05-18 02:23,R09,21,off-peak,100,113,13,19,30,13.0
2026-05-30 20:53,R05,15,off-peak,55,54,0,27,16,-1.8
2026-03-02 23:48,R14,18,peak,88,119,31,31,27,35.2
2026-05-30 12:41,R13,7,peak,56,80,24,56,17,42.9
2026-04-21 11:13,R09,6,off-peak,100,110,10,1,30,10.0
2026-03-07 20:20,R09,15,off-peak,100,111,11,17,30,11.0
2026-08-06 17:32,R18,12,off-peak,105,115,10,33,31,9.5
2026-05-02 19:10,R15,14,off-peak,73,68,0,21,21,-6.8
2026-03-13 02:49,R19,21,off-peak,93,105,12,40,29,12.9
2026-08-04 02:37,R13,21,off-peak,56,54,0,24,17,-3.6
2026-06-21 19:59,R11,14,off-peak,62,64,2,31,19,3.2
2026-03-19 14:20,R10,9,peak,68,84,16,60,20,23.5
2026-07-25 15:12,R05,10,off-peak,55,58,3,25,16,5.5
2026-05-23 13:36,R18,8,peak,105,128,23,28,31,21.9
2026-04-05 20:49,R18,15,off-peak,105,113,8,22,31,7.6
2026-06-01 21:57,R03,16,off-peak,85,96,11,30,26,12.9
2026-04-28 16:29,R07,11,off-peak,80,79,0,8,24,-1.2
2026-05-06 21:16,R12,16,off-peak,50,48,0,5,15,-4.0
2026-06-18 14:25,R05,9,peak,55,71,16,28,16,29.1
2026-03-16 12:58,R16,7,peak,115,159,44,56,34,38.3
2026-07-09 00:55,R19,19,peak,93,134,41,44,29,44.1
2026-05-26 02:40,R11,21,off-peak,62,61,0,32,19,-1.6
2026-07-10 14:54,R03,9,peak,85,107,22,46,26,25.9
2026-04-19 01:48,R03,20,off-peak,85,90,5,44,26,5.9
2026-04-09 01:41,R09,20,off-peak,100,102,2,36,30,2.0
2026-07-26 13:21,R11,8,peak,62,69,7,24,19,11.3
2026-05-15 11:00,R14,6,off-peak,88,89,1,33,27,1.1
2026-04-27 23:20,R20,18,peak,108,114,6,36,33,5.6
2026-08-15 21:42,R08,16,off-peak,78,81,3,32,23,3.8
2026-07-26 22:09,R07,17,peak,80,112,32,47,24,40.0
2026-07-15 16:38,R10,11,off-peak,68,64,0,34,20,-5.9
2026-03-18 15:20,R02,10,off-peak,75,78,3,46,22,4.0
2026-06-17 17:17,R07,12,off-peak,80,79,0,7,24,-1.2
2026-03-07 17:08,R08,12,off-peak,78,85,7,48,23,9.0
2026-04-23 23:24,R04,18,peak,65,68,3,24,18,4.6
2026-04-21 01:13,R02,20,off-peak,75,76,1,30,22,1.3
2026-07-08 13:58,R04,8,peak,65,93,28,29,18,43.1
2026-04-23 14:07,R19,9,peak,93,103,10,60,29,10.8
2026-04-23 21:05,R12,16,off-peak,50,50,0,20,15,0.0
2026-07-09 22:07,R17,17,peak,67,83,16,47,20,23.9
2026-03-27 00:22,R13,19,peak,56,67,11,44,17,19.6
2026-06-20 20:54,R12,15,off-peak,50,55,5,22,15,10.0
2026-03-05 23:17,R03,18,peak,85,119,34,37,26,40.0
2026-05-03 12:11,R11,7,peak,62,68,6,39,19,9.7
2026-03-10 15:03,R05,10,off-peak,55,59,4,25,16,7.3
2026-08-17 17:18,R20,12,off-peak,108,120,12,19,33,11.1
2026-07-12 00:09,R06,19,peak,110,123,13,53,32,11.8
2026-03-29 22:50,R06,17,peak,110,154,44,52,32,40.0
2026-05-07 23:39,R10,18,peak,68,88,20,56,20,29.4
2026-05-24 11:01,R11,6,off-peak,62,68,6,30,19,9.7
2026-06-06 00:48,R05,19,peak,55,58,3,42,16,5.5
2026-03-04 16:22,R20,11,off-peak,108,103,0,32,33,-4.6
2026-06-27 14:26,R03,9,peak,85,122,37,41,26,43.5
2026-08-03 01:51,R18,20,off-peak,105,99,0,21,31,-5.7
2026-08-16 19:34,R16,14,off-peak,115,109,0,20,34,-5.2
2026-07-25 14:12,R12,9,peak,50,62,12,55,15,24.0
2026-03-25 18:45,R05,13,off-peak,55,58,3,38,16,5.5
2026-03-27 20:15,R13,15,off-peak,56,62,6,29,17,10.7
2026-06-27 21:42,R10,16,off-peak,68,73,5,35,20,7.4
2026-04-03 19:20,R19,14,off-peak,93,101,8,12,29,8.6
2026-06-07 12:40,R19,7,peak,93,125,32,53,29,34.4
2026-03-04 17:09,R02,12,off-peak,75,85,10,12,22,13.3
2026-03-03 16:36,R08,11,off-peak,78,78,0,10,23,0.0
2026-04-19 02:40,R16,21,off-peak,115,128,13,49,34,11.3
2026-06-26 01:39,R13,20,off-peak,56,64,8,4,17,14.3
2026-05-12 01:41,R09,20,off-peak,100,94,0,31,30,-6.0
2026-07-03 16:49,R11,11,off-peak,62,60,0,1,19,-3.2
2026-08-20 01:54,R18,20,off-peak,105,112,7,20,31,6.7
2026-03-07 22:34,R03,17,peak,85,103,18,57,26,21.2
2026-06-26 14:53,R05,9,peak,55,62,7,56,16,12.7
2026-05-18 15:28,R10,10,off-peak,68,76,8,37,20,11.8
2026-07-08 13:11,R14,8,peak,88,126,38,22,27,43.2
2026-08-22 17:14,R17,12,off-peak,67,63,0,45,20,-6.0
2026-05-30 17:33,R01,12,off-peak,95,103,8,22,28,8.4
2026-06-01 12:34,R17,7,peak,67,91,24,40,20,35.8
2026-03-26 16:43,R08,11,off-peak,78,78,0,36,23,0.0
2026-04-08 18:34,R20,13,off-peak,108,120,12,42,33,11.1
2026-05-12 00:03,R20,19,peak,108,150,42,60,33,38.9
2026-06-16 23:57,R10,18,peak,68,95,27,37,20,39.7
2026-05-17 01:00,R16,20,off-peak,115,114,0,44,34,-0.9
2026-08-04 17:38,R10,12,off-peak,68,76,8,36,20,11.8
2026-04-05 12:09,R03,7,peak,85,114,29,37,26,34.1
2026-08-13 23:26,R08,18,peak,78,106,28,45,23,35.9
2026-05-29 17:04,R13,12,off-peak,56,54,0,32,17,-3.6
2026-07-28 23:43,R05,18,peak,55,60,5,60,16,9.1
2026-08-20 17:17,R05,12,off-peak,55,56,1,28,16,1.8
2026-08-08 20:38,R04,15,off-peak,65,67,2,26,18,3.1
2026-05-16 18:52,R16,13,off-peak,115,123,8,41,34,7.0
2026-05-27 15:56,R15,10,off-peak,73,68,0,41,21,-6.8
2026-05-05 12:07,R09,7,peak,100,120,20,36,30,20.0
2026-04-28 02:33,R06,21,off-peak,110,120,10,18,32,9.1
2026-08-02 13:38,R04,8,peak,65,94,29,50,18,44.6
2026-08-12 00:06,R16,19,peak,115,140,25,38,34,21.7
2026-08-11 19:32,R09,14,off-peak,100,112,12,19,30,12.0
2026-03-26 22:45,R09,17,peak,100,108,8,60,30,8.0
2026-04-26 18:37,R16,13,off-peak,115,121,6,19,34,5.2
2026-08-18 23:24,R16,18,peak,115,148,33,48,34,28.7
2026-08-12 14:06,R02,9,peak,75,96,21,39,22,28.0
2026-08-02 22:26,R08,17,peak,78,99,21,42,23,26.9
2026-06-21 12:54,R13,7,peak,56,66,10,21,17,17.9
2026-08-08 23:47,R02,18,peak,75,103,28,50,22,37.3
2026-04-16 11:01,R14,6,off-peak,88,85,0,20,27,-3.4
2026-06-26 00:54,R10,19,peak,68,93,25,37,20,36.8
2026-05-28 22:22,R09,17,peak,100,137,37,53,30,37.0
2026-08-26 12:40,R15,7,peak,73,86,13,43,21,17.8
2026-07-19 16:41,R09,11,off-peak,100,96,0,22,30,-4.0
2026-03-23 16:21,R12,11,off-peak,50,55,5,38,15,10.0
2026-05-18 18:06,R12,13,off-peak,50,49,0,32,15,-2.0
2026-08-11 21:11,R13,16,off-peak,56,59,3,25,17,5.4
2026-07-03 17:22,R13,12,off-peak,56,54,0,21,17,-3.6
2026-05-22 16:01,R12,11,off-peak,50,57,7,39,15,14.0
2026-07-08 17:44,R04,12,off-peak,65,68,3,21,18,4.6
2026-08-26 16:04,R18,11,off-peak,105,106,1,20,31,1.0
2026-08-01 13:58,R07,8,peak,80,86,6,53,24,7.5
2026-07-15 15:22,R09,10,off-peak,100,108,8,19,30,8.0
2026-03-27 15:54,R13,10,off-peak,56,63,7,49,17,12.5
2026-04-27 13:28,R10,8,peak,68,80,12,38,20,17.6
2026-08-18 18:17,R02,13,off-peak,75,78,3,36,22,4.0
2026-06-21 18:41,R08,13,off-peak,78,87,9,29,23,11.5
2026-05-02 15:01,R07,10,off-peak,80,73,0,36,24,-8.8
2026-07-25 00:12,R15,19,peak,73,92,19,34,21,26.0
2026-07-27 16:25,R14,11,off-peak,88,98,10,10,27,11.4
2026-06-02 19:51,R13,14,off-peak,56,60,4,9,17,7.1
2026-05-01 00:20,R09,19,peak,100,119,19,40,30,19.0
2026-08-27 21:15,R05,16,off-peak,55,61,6,26,16,10.9
2026-07-08 15:45,R18,10,off-peak,105,98,0,17,31,-6.7
2026-08-27 18:41,R20,13,off-peak,108,117,9,29,33,8.3
2026-07-26 18:53,R18,13,off-peak,105,107,2,43,31,1.9
2026-04-14 00:01,R16,19,peak,115,123,8,50,34,7.0
2026-03-16 01:57,R18,20,off-peak,105,110,5,14,31,4.8
2026-03-17 13:46,R05,8,peak,55,72,17,60,16,30.9
2026-03-08 19:45,R09,14,off-peak,100,113,13,17,30,13.0
2026-06-24 23:19,R05,18,peak,55,62,7,37,16,12.7
2026-07-24 20:51,R18,15,off-peak,105,104,0,48,31,-1.0
2026-08-04 21:03,R05,16,off-peak,55,61,6,7,16,10.9
2026-03-19 14:39,R12,9,peak,50,67,17,56,15,34.0
2026-08-01 17:49,R06,12,off-peak,110,107,0,32,32,-2.7
2026-07-05 16:46,R06,11,off-peak,110,101,0,31,32,-8.2
2026-06-06 23:44,R13,18,peak,56,76,20,48,17,35.7
2026-04-16 15:06,R16,10,off-peak,115,128,13,25,34,11.3
2026-04-17 19:16,R14,14,off-peak,88,91,3,34,27,3.4
2026-08-13 17:40,R13,12,off-peak,56,54,0,39,17,-3.6
2026-08-03 19:03,R04,14,off-peak,65,60,0,34,18,-7.7
2026-03-25 12:10,R18,7,peak,105,138,33,60,31,31.4
2026-05-18 11:01,R01,6,off-peak,95,94,0,28,28,-1.1
2026-04-14 22:12,R19,17,peak,93,129,36,35,29,38.7
2026-03-25 17:55,R18,12,off-peak,105,120,15,17,31,14.3
2026-06-21 22:45,R05,17,peak,55,70,15,56,16,27.3
2026-06-22 15:01,R17,10,off-peak,67,74,7,11,20,10.4
2026-03-31 12:51,R20,7,peak,108,153,45,60,33,41.7
2026-07-30 22:33,R04,17,peak,65,86,21,33,18,32.3
2026-08-02 14:09,R06,9,peak,110,137,27,60,32,24.5
2026-03-30 23:42,R15,18,peak,73,99,26,44,21,35.6
2026-06-02 13:09,R18,8,peak,105,124,19,46,31,18.1
2026-03-16 23:58,R07,18,peak,80,85,5,60,24,6.2
2026-03-24 14:42,R16,9,peak,115,159,44,30,34,38.3
2026-08-12 23:12,R19,18,peak,93,125,32,23,29,34.4
2026-04-20 21:18,R10,16,off-peak,68,64,0,39,20,-5.9
2026-03-07 23:31,R14,18,peak,88,95,7,40,27,8.0
2026-08-04 21:24,R04,16,off-peak,65,68,3,15,18,4.6
2026-03-11 12:12,R10,7,peak,68,85,17,60,20,25.0
2026-07-25 20:34,R03,15,off-peak,85,95,10,32,26,11.8
2026-05-17 11:24,R02,6,off-peak,75,69,0,37,22,-8.0
2026-03-14 22:52,R07,17,peak,80,114,34,56,24,42.5
2026-08-22 16:44,R17,11,off-peak,67,69,2,6,20,3.0
2026-04-17 17:57,R02,12,off-peak,75,70,0,29,22,-6.7
2026-08-12 02:39,R07,21,off-peak,80,77,0,38,24,-3.8
2026-04-22 12:57,R01,7,peak,95,134,39,34,28,41.1
2026-05-24 18:11,R01,13,off-peak,95,101,6,2,28,6.3
2026-06-11 18:02,R13,13,off-peak,56,56,0,37,17,0.0
2026-06-17 19:43,R20,14,off-peak,108,121,13,41,33,12.0
2026-08-15 20:47,R19,15,off-peak,93,89,0,38,29,-4.3
2026-06-06 00:17,R01,19,peak,95,131,36,38,28,37.9
2026-03-04 02:40,R07,21,off-peak,80,78,0,26,24,-2.5
2026-04-27 15:04,R15,10,off-peak,73,78,5,24,21,6.8
2026-07-04 14:04,R04,9,peak,65,72,7,49,18,10.8
2026-05-13 23:18,R09,18,peak,100,116,16,54,30,16.0
2026-03-31 19:25,R19,14,off-peak,93,87,0,39,29,-6.5
2026-07-12 02:02,R03,21,off-peak,85,82,0,5,26,-3.5
2026-04-29 02:02,R16,21,off-peak,115,108,0,31,34,-6.1
2026-06-03 18:28,R03,13,off-peak,85,86,1,21,26,1.2
2026-03-12 01:42,R05,20,off-peak,55,58,3,46,16,5.5
2026-03-12 17:36,R07,12,off-peak,80,86,6,19,24,7.5
2026-05-04 15:58,R01,10,off-peak,95,94,0,34,28,-1.1
2026-05-14 23:32,R02,18,peak,75,90,15,56,22,20.0
2026-04-19 18:21,R03,13,off-peak,85,81,0,20,26,-4.7
2026-08-02 13:33,R15,8,peak,73,101,28,34,21,38.4
2026-05-21 16:03,R10,11,off-peak,68,64,0,31,20,-5.9
2026-04-13 11:46,R17,6,off-peak,67,71,4,30,20,6.0
2026-03-27 22:43,R11,17,peak,62,66,4,46,19,6.5
2026-07-24 12:07,R19,7,peak,93,127,34,56,29,36.6
2026-03-19 12:01,R08,7,peak,78,99,21,29,23,26.9
2026-08-05 23:24,R19,18,peak,93,108,15,23,29,16.1
2026-08-04 18:16,R15,13,off-peak,73,78,5,7,21,6.8
2026-04-10 02:29,R15,21,off-peak,73,82,9,57,21,12.3
2026-05-13 22:40,R18,17,peak,105,119,14,41,31,13.3
2026-06-03 19:47,R13,14,off-peak,56,62,6,1,17,10.7
2026-04-07 00:02,R01,19,peak,95,130,35,26,28,36.8
2026-04-02 18:53,R18,13,off-peak,105,120,15,32,31,14.3
2026-06-16 17:56,R12,12,off-peak,50,56,6,11,15,12.0
2026-05-26 23:20,R15,18,peak,73,90,17,54,21,23.3
2026-04-22 15:15,R13,10,off-peak,56,60,4,29,17,7.1
2026-07-19 22:55,R07,17,peak,80,112,32,52,24,40.0
2026-04-24 22:25,R14,17,peak,88,115,27,48,27,30.7
2026-08-07 20:26,R15,15,off-peak,73,82,9,32,21,12.3
2026-07-20 17:56,R02,12,off-peak,75,72,0,34,22,-4.0
2026-06-23 00:01,R17,19,peak,67,75,8,54,20,11.9
2026-04-14 23:17,R07,18,peak,80,102,22,60,24,27.5
2026-04-20 23:09,R05,18,peak,55,70,15,43,16,27.3
2026-04-03 21:48,R14,16,off-peak,88,90,2,37,27,2.3
2026-03-17 12:05,R20,7,peak,108,142,34,40,33,31.5
2026-03-14 11:21,R01,6,off-peak,95,107,12,34,28,12.6
2026-04-24 17:19,R12,12,off-peak,50,54,4,19,15,8.0
2026-05-20 22:37,R03,17,peak,85,110,25,55,26,29.4
2026-03-26 16:51,R11,11,off-peak,62,61,0,20,19,-1.6
2026-04-08 16:10,R18,11,off-peak,105,118,13,15,31,12.4
2026-07-21 00:40,R20,19,peak,108,120,12,52,33,11.1
2026-05-03 19:07,R16,14,off-peak,115,124,9,24,34,7.8
2026-04-04 14:56,R15,9,peak,73,98,25,39,21,34.2
2026-04-14 02:49,R13,21,off-peak,56,56,0,46,17,0.0
2026-04-17 01:28,R12,20,off-peak,50,52,2,30,15,4.0
2026-07-25 02:22,R01,21,off-peak,95,108,13,54,28,13.7
2026-08-07 13:19,R12,8,peak,50,56,6,21,15,12.0
2026-08-19 15:12,R13,10,off-peak,56,52,0,38,17,-7.1
2026-07-05 22:01,R03,17,peak,85,109,24,42,26,28.2
2026-06-03 00:54,R20,19,peak,108,156,48,44,33,44.4
2026-04-12 11:03,R17,6,off-peak,67,69,2,42,20,3.0
2026-06-19 20:21,R08,15,off-peak,78,76,0,47,23,-2.6
2026-03-09 13:08,R15,8,peak,73,86,13,50,21,17.8
2026-03-05 11:19,R20,6,off-peak,108,117,9,8,33,8.3
2026-08-20 23:17,R13,18,peak,56,59,3,60,17,5.4
2026-07-10 21:54,R13,16,off-peak,56,56,0,40,17,0.0
2026-05-06 15:35,R11,10,off-peak,62,70,8,27,19,12.9
2026-03-23 02:58,R07,21,off-peak,80,78,0,10,24,-2.5
2026-04-02 14:51,R11,9,peak,62,65,3,50,19,4.8
2026-06-04 18:04,R04,13,off-peak,65,60,0,40,18,-7.7
2026-03-04 13:47,R03,8,peak,85,89,4,60,26,4.7
2026-08-08 13:55,R11,8,peak,62,68,6,60,19,9.7
2026-03-15 14:45,R11,9,peak,62,80,18,41,19,29.0
2026-03-21 17:11,R05,12,off-peak,55,62,7,52,16,12.7
2026-04-30 00:13,R01,19,peak,95,129,34,60,28,35.8
2026-08-08 13:33,R02,8,peak,75,90,15,52,22,20.0
2026-08-21 16:37,R16,11,off-peak,115,118,3,48,34,2.6
2026-03-03 01:05,R02,20,off-peak,75,72,0,31,22,-4.0
2026-08-27 17:48,R05,12,off-peak,55,59,4,35,16,7.3
2026-05-22 17:48,R03,12,off-peak,85,81,0,35,26,-4.7
2026-07-08 20:40,R19,15,off-peak,93,98,5,27,29,5.4
2026-05-28 17:47,R10,12,off-peak,68,69,1,28,20,1.5
2026-03-17 20:03,R09,15,off-peak,100,109,9,29,30,9.0
2026-03-17 02:39,R03,21,off-peak,85,84,0,28,26,-1.2
2026-08-20 11:05,R15,6,off-peak,73,83,10,15,21,13.7
2026-08-03 22:43,R11,17,peak,62,82,20,60,19,32.3
2026-07-02 01:23,R11,20,off-peak,62,62,0,24,19,0.0
2026-05-20 20:34,R16,15,off-peak,115,125,10,35,34,8.7
2026-05-30 16:26,R19,11,off-peak,93,86,0,27,29,-7.5
2026-06-13 01:29,R15,20,off-peak,73,72,0,37,21,-1.4
2026-06-07 15:26,R05,10,off-peak,55,59,4,18,16,7.3
2026-06-06 15:55,R01,10,off-peak,95,104,9,19,28,9.5
2026-08-18 00:57,R01,19,peak,95,129,34,36,28,35.8
2026-04-17 15:13,R06,10,off-peak,110,116,6,37,32,5.5
2026-03-06 19:31,R05,14,off-peak,55,54,0,34,16,-1.8
2026-07-19 16:17,R13,11,off-peak,56,55,0,29,17,-1.8
2026-04-11 00:31,R16,19,peak,115,140,25,58,34,21.7
2026-03-18 22:20,R02,17,peak,75,107,32,40,22,42.7
2026-07-05 18:51,R05,13,off-peak,55,57,2,12,16,3.6
2026-05-19 00:40,R07,19,peak,80,99,19,54,24,23.8
2026-08-02 00:08,R20,19,peak,108,139,31,59,33,28.7
2026-06-04 20:51,R17,15,off-peak,67,66,0,25,20,-1.5
2026-06-24 02:23,R19,21,off-peak,93,86,0,22,29,-7.5
2026-05-23 18:44,R14,13,off-peak,88,85,0,30,27,-3.4
2026-07-22 02:21,R11,21,off-peak,62,68,6,52,19,9.7
2026-04-02 21:20,R19,16,off-peak,93,100,7,31,29,7.5
2026-05-03 18:31,R08,13,off-peak,78,86,8,12,23,10.3
2026-05-21 02:32,R19,21,off-peak,93,104,11,36,29,11.8
2026-07-04 21:29,R05,16,off-peak,55,51,0,19,16,-7.3
2026-06-08 19:49,R20,14,off-peak,108,101,0,35,33,-6.5
2026-03-16 22:30,R05,17,peak,55,76,21,60,16,38.2
2026-05-23 18:22,R08,13,off-peak,78,83,5,34,23,6.4
2026-07-03 19:20,R05,14,off-peak,55,62,7,15,16,12.7
2026-08-13 17:12,R20,12,off-peak,108,119,11,43,33,10.2
2026-04-19 20:33,R04,15,off-peak,65,70,5,23,18,7.7
2026-06-05 20:27,R17,15,off-peak,67,65,0,20,20,-3.0
2026-05-15 19:01,R10,14,off-peak,68,65,0,5,20,-4.4
2026-06-29 00:49,R01,19,peak,95,102,7,50,28,7.4
2026-05-20 16:06,R13,11,off-peak,56,59,3,24,17,5.4
2026-08-04 01:29,R09,20,off-peak,100,98,0,24,30,-2.0
2026-05-23 11:35,R11,6,off-peak,62,58,0,43,19,-6.5
2026-06-05 22:35,R16,17,peak,115,127,12,57,34,10.4
2026-08-04 23:53,R11,18,peak,62,69,7,47,19,11.3
2026-07-24 20:02,R02,15,off-peak,75,74,0,31,22,-1.3
2026-03-19 02:08,R05,21,off-peak,55,51,0,25,16,-7.3
2026-04-30 14:05,R05,9,peak,55,69,14,45,16,25.5
2026-03-18 13:31,R11,8,peak,62,75,13,12,19,21.0
2026-08-12 12:50,R13,7,peak,56,70,14,39,17,25.0
2026-03-30 17:48,R03,12,off-peak,85,86,1,32,26,1.2
2026-08-13 18:43,R09,13,off-peak,100,97,0,24,30,-3.0
2026-04-27 02:48,R08,21,off-peak,78,72,0,26,23,-7.7
2026-04-05 15:32,R08,10,off-peak,78,88,10,22,23,12.8
2026-05-14 11:31,R13,6,off-peak,56,58,2,38,17,3.6
2026-03-12 00:12,R01,19,peak,95,120,25,38,28,26.3
2026-08-28 02:05,R19,21,off-peak,93,85,0,23,29,-8.6
2026-04-12 22:25,R19,17,peak,93,116,23,48,29,24.7
2026-06-04 20:32,R20,15,off-peak,108,105,0,42,33,-2.8
2026-08-03 16:16,R13,11,off-peak,56,62,6,22,17,10.7
2026-05-13 23:28,R09,18,peak,100,109,9,54,30,9.0
2026-08-15 01:42,R01,20,off-peak,95,100,5,15,28,5.3
2026-03-28 14:47,R06,9,peak,110,117,7,44,32,6.4
2026-05-16 17:53,R07,12,off-peak,80,87,7,24,24,8.8
2026-03-14 20:41,R19,15,off-peak,93,93,0,20,29,0.0
2026-03-07 19:19,R08,14,off-peak,78,75,0,50,23,-3.8
2026-06-08 17:46,R11,12,off-peak,62,64,2,29,19,3.2
2026-08-03 01:48,R11,20,off-peak,62,71,9,35,19,14.5
2026-08-18 20:54,R18,15,off-peak,105,115,10,40,31,9.5
2026-03-01 13:54,R08,8,peak,78,101,23,48,23,29.5
2026-05-17 19:28,R01,14,off-peak,95,107,12,28,28,12.6
2026-06-03 16:13,R13,11,off-peak,56,52,0,8,17,-7.1
2026-08-15 13:01,R12,8,peak,50,58,8,19,15,16.0
2026-05-17 12:09,R10,7,peak,68,95,27,42,20,39.7
2026-08-22 14:50,R07,9,peak,80,113,33,60,24,41.2
2026-03-30 02:05,R01,21,off-peak,95,91,0,25,28,-4.2
2026-08-27 19:36,R19,14,off-peak,93,91,0,14,29,-2.2
2026-04-09 13:13,R16,8,peak,115,154,39,60,34,33.9
2026-06-28 12:26,R01,7,peak,95,118,23,52,28,24.2
2026-03-12 11:42,R06,6,off-peak,110,115,5,46,32,4.5
2026-04-21 20:51,R09,15,off-peak,100,108,8,35,30,8.0
2026-04-18 11:15,R09,6,off-peak,100,107,7,19,30,7.0
2026-08-28 00:31,R02,19,peak,75,95,20,24,22,26.7
2026-03-23 12:38,R08,7,peak,78,90,12,30,23,15.4
2026-06-04 16:46,R18,11,off-peak,105,105,0,44,31,0.0
2026-08-11 15:22,R18,10,off-peak,105,104,0,14,31,-1.0
2026-05-15 01:09,R12,20,off-peak,50,57,7,36,15,14.0
2026-06-20 00:05,R16,19,peak,115,137,22,25,34,19.1
2026-06-24 22:48,R11,17,peak,62,81,19,30,19,30.6
2026-05-27 16:32,R18,11,off-peak,105,118,13,57,31,12.4
2026-04-10 21:54,R05,16,off-peak,55,57,2,11,16,3.6
2026-04-22 15:52,R19,10,off-peak,93,106,13,26,29,14.0
2026-07-18 14:02,R14,9,peak,88,127,39,40,27,44.3
2026-05-05 14:59,R17,9,peak,67,85,18,17,20,26.9
2026-05-23 21:46,R08,16,off-peak,78,80,2,19,23,2.6
2026-06-09 23:14,R12,18,peak,50,62,12,27,15,24.0
2026-06-25 18:09,R04,13,off-peak,65,69,4,18,18,6.2
2026-07-08 11:51,R07,6,off-peak,80,90,10,33,24,12.5
2026-06-12 20:19,R03,15,off-peak,85,82,0,32,26,-3.5
2026-04-18 14:01,R07,9,peak,80,114,34,54,24,42.5
2026-08-22 16:04,R07,11,off-peak,80,88,8,29,24,10.0
2026-03-31 19:27,R03,14,off-peak,85,87,2,44,26,2.4
2026-06-04 20:13,R01,15,off-peak,95,94,0,22,28,-1.1
2026-07-02 00:40,R10,19,peak,68,88,20,42,20,29.4
2026-05-29 12:01,R16,7,peak,115,143,28,42,34,24.3
2026-06-08 02:48,R09,21,off-peak,100,111,11,22,30,11.0
2026-08-23 22:31,R19,17,peak,93,132,39,43,29,41.9
2026-07-03 23:48,R01,18,peak,95,101,6,56,28,6.3
2026-08-09 13:59,R18,8,peak,105,113,8,37,31,7.6
2026-05-27 01:15,R04,20,off-peak,65,65,0,17,18,0.0
2026-06-24 20:13,R11,15,off-peak,62,64,2,19,19,3.2
2026-08-24 00:08,R20,19,peak,108,117,9,30,33,8.3
2026-04-17 01:29,R01,20,off-peak,95,88,0,18,28,-7.4
2026-07-16 23:41,R09,18,peak,100,137,37,43,30,37.0
2026-06-25 02:18,R04,21,off-peak,65,62,0,18,18,-4.6
2026-05-24 12:27,R06,7,peak,110,128,18,50,32,16.4
2026-05-03 17:00,R03,12,off-peak,85,87,2,32,26,2.4
2026-03-12 16:19,R13,11,off-peak,56,61,5,32,17,8.9
2026-06-23 02:51,R19,21,off-peak,93,90,0,37,29,-3.2
2026-04-03 14:47,R04,9,peak,65,72,7,60,18,10.8
2026-08-27 01:27,R01,20,off-peak,95,98,3,25,28,3.2
2026-03-28 22:26,R01,17,peak,95,123,28,35,28,29.5
2026-03-24 00:16,R18,19,peak,105,113,8,46,31,7.6
2026-05-03 02:58,R12,21,off-peak,50,50,0,33,15,0.0
2026-04-17 16:42,R01,11,off-peak,95,89,0,25,28,-6.3
2026-07-19 01:23,R07,20,off-peak,80,85,5,15,24,6.2
2026-03-12 00:14,R06,19,peak,110,120,10,40,32,9.1
2026-08-27 15:25,R07,10,off-peak,80,79,0,32,24,-1.2
2026-05-08 14:37,R01,9,peak,95,119,24,45,28,25.3
2026-04-05 11:20,R17,6,off-peak,67,66,0,48,20,-1.5
2026-07-01 17:30,R07,12,off-peak,80,85,5,16,24,6.2
2026-07-20 14:40,R07,9,peak,80,89,9,28,24,11.2
2026-07-09 15:09,R03,10,off-peak,85,91,6,11,26,7.1
2026-03-20 02:36,R03,21,off-peak,85,88,3,36,26,3.5
2026-05-07 22:26,R14,17,peak,88,125,37,59,27,42.0
2026-05-23 00:49,R02,19,peak,75,80,5,38,22,6.7
2026-04-27 23:47,R12,18,peak,50,61,11,49,15,22.0
2026-07-10 02:56,R05,21,off-peak,55,58,3,7,16,5.5
2026-05-13 18:31,R06,13,off-peak,110,116,6,41,32,5.5
2026-06-16 00:04,R03,19,peak,85,109,24,27,26,28.2
2026-06-09 12:17,R05,7,peak,55,65,10,37,16,18.2
2026-07-16 21:38,R15,16,off-peak,73,72,0,23,21,-1.4
2026-08-25 02:37,R16,21,off-peak,115,116,1,37,34,0.9
2026-03-24 15:44,R18,10,off-peak,105,107,2,17,31,1.9
2026-05-08 13:59,R17,8,peak,67,77,10,45,20,14.9
2026-04-28 20:20,R09,15,off-peak,100,105,5,37,30,5.0
2026-05-18 17:12,R08,12,off-peak,78,78,0,23,23,0.0
2026-08-02 00:27,R11,19,peak,62,72,10,41,19,16.1
2026-08-24 15:18,R20,10,off-peak,108,119,11,21,33,10.2
2026-07-20 22:20,R07,17,peak,80,106,26,48,24,32.5
2026-05-14 16:40,R17,11,off-peak,67,63,0,40,20,-6.0
2026-08-10 17:53,R08,12,off-peak,78,82,4,14,23,5.1
2026-07-02 22:45,R16,17,peak,115,132,17,60,34,14.8
2026-04-08 01:16,R09,20,off-peak,100,104,4,20,30,4.0
2026-04-18 23:51,R13,18,peak,56,58,2,39,17,3.6
2026-07-20 02:37,R09,21,off-peak,100,102,2,34,30,2.0
2026-06-18 17:40,R14,12,off-peak,88,86,0,15,27,-2.3
2026-06-08 14:20,R16,9,peak,115,142,27,50,34,23.5
2026-03-18 12:17,R12,7,peak,50,53,3,50,15,6.0
2026-03-25 19:59,R04,14,off-peak,65,61,0,27,18,-6.2
2026-05-26 12:39,R02,7,peak,75,79,4,32,22,5.3
2026-04-29 20:14,R09,15,off-peak,100,101,1,16,30,1.0
2026-04-08 22:01,R09,17,peak,100,138,38,34,30,38.0
2026-04-13 21:51,R18,16,off-peak,105,115,10,39,31,9.5
2026-03-24 11:36,R18,6,off-peak,105,119,14,25,31,13.3
2026-04-01 19:06,R20,14,off-peak,108,119,11,28,33,10.2
2026-04-15 01:58,R08,20,off-peak,78,82,4,40,23,5.1
2026-05-01 19:42,R08,14,off-peak,78,73,0,22,23,-6.4
2026-04-29 23:06,R20,18,peak,108,132,24,59,33,22.2
2026-06-23 00:09,R03,19,peak,85,113,28,44,26,32.9
2026-05-09 23:13,R20,18,peak,108,114,6,33,33,5.6
2026-07-14 00:21,R16,19,peak,115,157,42,38,34,36.5
2026-08-03 23:13,R20,18,peak,108,149,41,57,33,38.0
2026-08-01 15:53,R12,10,off-peak,50,54,4,24,15,8.0
2026-05-30 17:25,R13,12,off-peak,56,54,0,16,17,-3.6
2026-04-29 18:24,R09,13,off-peak,100,108,8,17,30,8.0
2026-03-17 18:28,R01,13,off-peak,95,101,6,20,28,6.3
2026-06-01 23:24,R01,18,peak,95,121,26,57,28,27.4
2026-05-06 00:22,R15,19,peak,73,79,6,46,21,8.2
2026-05-06 19:30,R08,14,off-peak,78,78,0,32,23,0.0
2026-06-06 17:23,R19,12,off-peak,93,103,10,35,29,10.8
2026-04-10 18:05,R02,13,off-peak,75,70,0,16,22,-6.7
2026-05-05 13:28,R09,8,peak,100,126,26,34,30,26.0
2026-06-20 20:17,R05,15,off-peak,55,52,0,33,16,-5.5
2026-03-18 20:14,R14,15,off-peak,88,84,0,22,27,-4.5
2026-04-15 12:18,R03,7,peak,85,108,23,17,26,27.1
2026-04-20 18:38,R06,13,off-peak,110,101,0,19,32,-8.2
2026-05-08 13:52,R03,8,peak,85,115,30,48,26,35.3
2026-04-09 22:34,R15,17,peak,73,97,24,30,21,32.9
2026-05-23 18:54,R06,13,off-peak,110,121,11,32,32,10.0
2026-04-12 12:03,R01,7,peak,95,114,19,53,28,20.0
2026-05-01 15:55,R16,10,off-peak,115,128,13,19,34,11.3
2026-04-15 01:45,R09,20,off-peak,100,97,0,20,30,-3.0
2026-08-03 18:48,R04,13,off-peak,65,62,0,60,18,-4.6
2026-07-14 11:51,R05,6,off-peak,55,54,0,36,16,-1.8
2026-06-12 23:56,R16,18,peak,115,146,31,14,34,27.0
2026-07-26 22:45,R17,17,peak,67,91,24,40,20,35.8
2026-06-13 19:10,R13,14,off-peak,56,58,2,13,17,3.6
2026-06-03 17:53,R02,12,off-peak,75,70,0,27,22,-6.7
2026-06-14 14:24,R10,9,peak,68,87,19,36,20,27.9
2026-03-06 02:13,R11,21,off-peak,62,59,0,36,19,-4.8
2026-07-30 15:50,R14,10,off-peak,88,90,2,28,27,2.3
2026-03-05 23:57,R10,18,peak,68,78,10,38,20,14.7
2026-06-12 01:29,R08,20,off-peak,78,76,0,25,23,-2.6
2026-03-15 01:15,R07,20,off-peak,80,75,0,16,24,-6.2
2026-03-14 14:22,R05,9,peak,55,64,9,33,16,16.4
2026-05-30 13:52,R14,8,peak,88,113,25,47,27,28.4
2026-07-02 02:04,R17,21,off-peak,67,62,0,23,20,-7.5
2026-03-26 16:09,R17,11,off-peak,67,61,0,34,20,-9.0
2026-07-09 19:13,R18,14,off-peak,105,98,0,20,31,-6.7
2026-08-04 23:29,R15,18,peak,73,86,13,36,21,17.8
2026-03-14 21:51,R12,16,off-peak,50,49,0,21,15,-2.0
2026-07-11 02:02,R15,21,off-peak,73,74,1,27,21,1.4
2026-04-09 13:59,R18,8,peak,105,152,47,49,31,44.8
2026-04-20 19:05,R15,14,off-peak,73,69,0,18,21,-5.5
2026-04-26 23:02,R20,18,peak,108,125,17,46,33,15.7
2026-04-19 17:26,R05,12,off-peak,55,55,0,28,16,0.0
2026-05-06 00:58,R05,19,peak,55,69,14,54,16,25.5
2026-07-02 12:50,R06,7,peak,110,127,17,60,32,15.5
2026-04-12 18:59,R03,13,off-peak,85,87,2,25,26,2.4
2026-06-04 21:54,R15,16,off-peak,73,77,4,22,21,5.5
2026-07-19 19:56,R16,14,off-peak,115,121,6,44,34,5.2
2026-07-29 15:33,R11,10,off-peak,62,66,4,16,19,6.5
2026-03-06 18:27,R09,13,off-peak,100,97,0,17,30,-3.0
2026-06-12 20:03,R17,15,off-peak,67,69,2,29,20,3.0
2026-05-05 20:06,R19,15,off-peak,93,102,9,34,29,9.7
2026-04-09 18:59,R08,13,off-peak,78,80,2,14,23,2.6
2026-06-11 22:26,R04,17,peak,65,78,13,35,18,20.0
2026-08-17 16:04,R08,11,off-peak,78,82,4,23,23,5.1
2026-06-19 12:09,R11,7,peak,62,75,13,16,19,21.0
2026-04-30 22:31,R11,17,peak,62,68,6,60,19,9.7
2026-06-12 23:27,R16,18,peak,115,147,32,50,34,27.8
2026-08-01 16:20,R20,11,off-peak,108,107,0,20,33,-0.9
2026-03-26 23:05,R19,18,peak,93,129,36,60,29,38.7
2026-03-25 00:59,R05,19,peak,55,68,13,54,16,23.6
2026-04-15 12:02,R05,7,peak,55,57,2,60,16,3.6
2026-03-23 22:02,R12,17,peak,50,65,15,60,15,30.0
2026-03-10 20:37,R06,15,off-peak,110,109,0,30,32,-0.9
2026-06-09 17:52,R01,12,off-peak,95,104,9,29,28,9.5
2026-05-14 14:39,R16,9,peak,115,133,18,47,34,15.7
2026-06-27 20:38,R20,15,off-peak,108,102,0,24,33,-5.6
2026-08-27 16:32,R09,11,off-peak,100,106,6,41,30,6.0
2026-05-26 12:42,R10,7,peak,68,82,14,54,20,20.6
2026-06-01 02:32,R06,21,off-peak,110,121,11,21,32,10.0
2026-05-01 00:50,R13,19,peak,56,76,20,60,17,35.7
2026-06-27 21:09,R10,16,off-peak,68,65,0,27,20,-4.4
2026-06-23 14:08,R02,9,peak,75,83,8,41,22,10.7
2026-05-25 13:44,R05,8,peak,55,63,8,41,16,14.5
2026-08-13 00:42,R16,19,peak,115,139,24,53,34,20.9
2026-04-23 20:57,R18,15,off-peak,105,119,14,24,31,13.3
2026-03-17 23:03,R06,18,peak,110,123,13,45,32,11.8
2026-07-06 19:29,R02,14,off-peak,75,75,0,21,22,0.0
2026-05-24 01:47,R11,20,off-peak,62,58,0,17,19,-6.5
2026-07-24 21:55,R14,16,off-peak,88,100,12,27,27,13.6
2026-07-03 19:56,R06,14,off-peak,110,111,1,26,32,0.9
2026-04-05 15:15,R11,10,off-peak,62,57,0,14,19,-8.1
2026-06-15 17:02,R09,12,off-peak,100,108,8,26,30,8.0
2026-08-05 22:23,R01,17,peak,95,126,31,42,28,32.6
2026-05-25 17:43,R17,12,off-peak,67,64,0,32,20,-4.5
2026-07-14 19:37,R17,14,off-peak,67,69,2,15,20,3.0
2026-07-30 12:35,R14,7,peak,88,108,20,34,27,22.7
2026-05-26 01:01,R10,20,off-peak,68,63,0,13,20,-7.4
2026-06-16 02:59,R03,21,off-peak,85,94,9,37,26,10.6
2026-07-30 18:14,R15,13,off-peak,73,82,9,18,21,12.3
2026-07-27 18:16,R02,13,off-peak,75,80,5,31,22,6.7
2026-04-28 19:02,R13,14,off-peak,56,51,0,31,17,-8.9
2026-03-13 23:04,R08,18,peak,78,81,3,60,23,3.8
2026-08-12 00:50,R09,19,peak,100,105,5,39,30,5.0
2026-04-25 02:34,R02,21,off-peak,75,86,11,43,22,14.7
2026-04-30 20:59,R18,15,off-peak,105,115,10,43,31,9.5
2026-04-21 16:00,R11,11,off-peak,62,64,2,26,19,3.2
2026-05-02 13:30,R14,8,peak,88,103,15,51,27,17.0
2026-08-19 16:16,R09,11,off-peak,100,107,7,28,30,7.0
2026-04-22 16:46,R14,11,off-peak,88,99,11,30,27,12.5
2026-08-25 20:35,R10,15,off-peak,68,78,10,32,20,14.7
2026-04-01 13:54,R03,8,peak,85,122,37,60,26,43.5
2026-03-30 19:48,R03,14,off-peak,85,97,12,16,26,14.1
2026-07-15 21:29,R15,16,off-peak,73,69,0,14,21,-5.5
2026-05-31 19:50,R20,14,off-peak,108,118,10,27,33,9.3
2026-04-18 22:34,R03,17,peak,85,95,10,60,26,11.8
2026-04-11 13:09,R20,8,peak,108,156,48,38,33,44.4
2026-08-24 16:34,R11,11,off-peak,62,64,2,40,19,3.2
2026-06-08 11:50,R12,6,off-peak,50,49,0,60,15,-2.0
2026-06-12 14:13,R14,9,peak,88,120,32,53,27,36.4
2026-04-28 13:53,R16,8,peak,115,165,50,59,34,43.5
2026-08-13 01:23,R16,20,off-peak,115,116,1,29,34,0.9
2026-05-30 17:01,R15,12,off-peak,73,67,0,31,21,-8.2
2026-03-02 21:20,R12,16,off-peak,50,50,0,31,15,0.0
2026-06-30 14:31,R04,9,peak,65,83,18,41,18,27.7
2026-03-09 21:50,R18,16,off-peak,105,99,0,33,31,-5.7
2026-03-29 00:03,R10,19,peak,68,79,11,35,20,16.2
2026-06-06 15:09,R10,10,off-peak,68,73,5,23,20,7.4
2026-05-18 22:47,R03,17,peak,85,91,6,60,26,7.1
2026-05-13 00:20,R10,19,peak,68,72,4,47,20,5.9
2026-03-25 14:16,R05,9,peak,55,65,10,49,16,18.2
2026-04-16 21:36,R11,16,off-peak,62,69,7,33,19,11.3
2026-07-19 12:48,R08,7,peak,78,90,12,60,23,15.4
2026-07-19 13:59,R18,8,peak,105,144,39,28,31,37.1
2026-06-12 20:48,R10,15,off-peak,68,64,0,19,20,-5.9
2026-06-16 20:05,R02,15,off-peak,75,84,9,22,22,12.0
2026-07-29 15:00,R02,10,off-peak,75,70,0,20,22,-6.7
2026-06-02 02:25,R04,21,off-peak,65,60,0,18,18,-7.7
2026-04-13 18:11,R19,13,off-peak,93,87,0,25,29,-6.5
2026-03-05 14:30,R19,9,peak,93,121,28,48,29,30.1
2026-03-02 18:43,R06,13,off-peak,110,126,16,46,32,14.5
2026-04-18 19:31,R17,14,off-peak,67,70,3,23,20,4.5
2026-07-14 23:18,R07,18,peak,80,90,10,43,24,12.5
2026-07-30 15:26,R12,10,off-peak,50,50,0,36,15,0.0
2026-05-05 14:41,R08,9,peak,78,103,25,39,23,32.1
2026-03-31 02:25,R20,21,off-peak,108,99,0,11,33,-8.3
2026-07-27 16:07,R05,11,off-peak,55,60,5,17,16,9.1
2026-04-29 15:15,R08,10,off-peak,78,84,6,27,23,7.7
2026-05-10 15:07,R13,10,off-peak,56,63,7,8,17,12.5
2026-03-29 11:53,R19,6,off-peak,93,99,6,23,29,6.5
2026-04-07 17:46,R11,12,off-peak,62,63,1,16,19,1.6
2026-06-14 22:24,R04,17,peak,65,76,11,35,18,16.9
2026-04-07 17:13,R15,12,off-peak,73,81,8,12,21,11.0
2026-08-18 22:54,R13,17,peak,56,63,7,53,17,12.5
2026-05-04 19:00,R16,14,off-peak,115,117,2,25,34,1.7
2026-03-17 01:47,R14,20,off-peak,88,84,0,18,27,-4.5
2026-04-06 14:18,R14,9,peak,88,123,35,47,27,39.8
2026-03-04 16:30,R09,11,off-peak,100,101,1,31,30,1.0
2026-08-13 01:14,R19,20,off-peak,93,93,0,13,29,0.0
2026-05-10 17:53,R15,12,off-peak,73,78,5,16,21,6.8
2026-04-05 02:01,R06,21,off-peak,110,106,0,29,32,-3.6
2026-07-21 02:32,R08,21,off-peak,78,78,0,23,23,0.0
2026-08-24 22:06,R09,17,peak,100,125,25,39,30,25.0
2026-03-06 20:04,R09,15,off-peak,100,109,9,5,30,9.0
2026-05-02 20:48,R08,15,off-peak,78,76,0,17,23,-2.6
2026-07-14 16:00,R18,11,off-peak,105,111,6,29,31,5.7
2026-03-02 00:30,R18,19,peak,105,134,29,46,31,27.6
2026-05-18 16:46,R07,11,off-peak,80,75,0,28,24,-6.2
2026-08-19 17:53,R09,12,off-peak,100,106,6,18,30,6.0
2026-06-29 22:39,R20,17,peak,108,117,9,47,33,8.3
2026-05-01 21:34,R02,16,off-peak,75,75,0,36,22,0.0
2026-07-23 02:01,R11,21,off-peak,62,60,0,25,19,-3.2
2026-03-12 18:13,R05,13,off-peak,55,55,0,22,16,0.0
2026-03-20 00:06,R15,19,peak,73,92,19,31,21,26.0
2026-04-24 15:13,R15,10,off-peak,73,70,0,1,21,-4.1
2026-03-03 14:58,R12,9,peak,50,53,3,39,15,6.0
2026-03-25 01:21,R09,20,off-peak,100,112,12,24,30,12.0
2026-05-04 14:50,R08,9,peak,78,84,6,28,23,7.7
2026-05-10 12:34,R08,7,peak,78,96,18,33,23,23.1
2026-07-04 11:52,R06,6,off-peak,110,124,14,49,32,12.7
2026-07-28 14:14,R11,9,peak,62,67,5,43,19,8.1
2026-08-26 19:22,R19,14,off-peak,93,85,0,46,29,-8.6
2026-03-25 16:40,R18,11,off-peak,105,97,0,19,31,-7.6
2026-04-19 11:11,R19,6,off-peak,93,99,6,31,29,6.5
2026-04-23 16:12,R02,11,off-peak,75,72,0,20,22,-4.0
2026-08-17 20:28,R05,15,off-peak,55,56,1,28,16,1.8
2026-05-16 17:53,R04,12,off-peak,65,65,0,34,18,0.0
2026-04-10 15:30,R14,10,off-peak,88,94,6,22,27,6.8
2026-06-16 16:06,R02,11,off-peak,75,80,5,33,22,6.7
2026-04-09 16:26,R03,11,off-peak,85,82,0,34,26,-3.5
2026-07-21 19:56,R06,14,off-peak,110,119,9,33,32,8.2
2026-04-10 21:53,R17,16,off-peak,67,75,8,42,20,11.9
2026-06-17 17:11,R19,12,off-peak,93,105,12,27,29,12.9
2026-05-07 01:38,R20,20,off-peak,108,106,0,32,33,-1.9
2026-06-05 17:49,R01,12,off-peak,95,96,1,47,28,1.1
2026-07-28 01:07,R18,20,off-peak,105,118,13,29,31,12.4
2026-07-15 18:54,R02,13,off-peak,75,81,6,22,22,8.0
2026-08-15 02:37,R04,21,off-peak,65,65,0,22,18,0.0
2026-04-29 16:51,R02,11,off-peak,75,78,3,6,22,4.0
2026-07-09 18:54,R05,13,off-peak,55,62,7,8,16,12.7
2026-07-16 13:05,R08,8,peak,78,92,14,29,23,17.9
2026-04-04 19:52,R09,14,off-peak,100,99,0,33,30,-1.0
2026-04-26 15:44,R07,10,off-peak,80,88,8,39,24,10.0
2026-03-19 15:27,R03,10,off-peak,85,90,5,25,26,5.9
2026-05-11 01:54,R11,20,off-peak,62,59,0,13,19,-4.8
2026-03-03 11:49,R11,6,off-peak,62,57,0,45,19,-8.1
2026-04-12 11:48,R01,6,off-peak,95,89,0,31,28,-6.3
2026-04-18 13:30,R19,8,peak,93,100,7,50,29,7.5
2026-08-09 22:47,R18,17,peak,105,112,7,43,31,6.7
2026-05-30 11:20,R20,6,off-peak,108,117,9,23,33,8.3
2026-05-06 20:10,R17,15,off-peak,67,73,6,32,20,9.0
2026-07-26 15:34,R03,10,off-peak,85,89,4,14,26,4.7
2026-05-13 15:32,R03,10,off-peak,85,81,0,30,26,-4.7
2026-06-29 12:02,R20,7,peak,108,126,18,31,33,16.7
2026-05-06 12:56,R02,7,peak,75,78,3,44,22,4.0
2026-05-27 23:05,R08,18,peak,78,92,14,35,23,17.9
2026-07-23 15:07,R17,10,off-peak,67,67,0,39,20,0.0
2026-05-09 00:32,R08,19,peak,78,86,8,46,23,10.3
2026-04-13 22:50,R02,17,peak,75,88,13,55,22,17.3
2026-07-20 23:45,R19,18,peak,93,124,31,58,29,33.3
2026-08-02 17:54,R14,12,off-peak,88,85,0,31,27,-3.4
2026-03-06 01:49,R20,20,off-peak,108,114,6,15,33,5.6
2026-03-16 16:17,R17,11,off-peak,67,63,0,15,20,-6.0
2026-05-04 14:53,R02,9,peak,75,104,29,20,22,38.7
2026-05-06 11:54,R17,6,off-peak,67,65,0,23,20,-3.0
2026-05-04 02:33,R06,21,off-peak,110,113,3,34,32,2.7
2026-05-02 13:09,R07,8,peak,80,96,16,60,24,20.0
2026-08-06 15:43,R03,10,off-peak,85,91,6,25,26,7.1
2026-04-10 20:01,R19,15,off-peak,93,94,1,35,29,1.1
2026-04-04 00:23,R08,19,peak,78,105,27,40,23,34.6
2026-05-04 17:05,R14,12,off-peak,88,83,0,5,27,-5.7
2026-05-14 12:40,R15,7,peak,73,100,27,36,21,37.0
2026-03-11 20:11,R12,15,off-peak,50,55,5,35,15,10.0
2026-06-03 18:21,R13,13,off-peak,56,60,4,20,17,7.1
2026-06-29 11:24,R07,6,off-peak,80,85,5,25,24,6.2
2026-05-15 00:32,R10,19,peak,68,92,24,25,20,35.3
2026-03-28 11:23,R17,6,off-peak,67,73,6,17,20,9.0
2026-05-10 16:21,R08,11,off-peak,78,86,8,27,23,10.3
2026-05-27 12:02,R20,7,peak,108,142,34,38,33,31.5
2026-05-14 12:15,R10,7,peak,68,98,30,47,20,44.1
2026-05-05 17:37,R12,12,off-peak,50,55,5,36,15,10.0
2026-04-26 14:51,R11,9,peak,62,74,12,48,19,19.4
2026-04-02 01:34,R04,20,off-peak,65,67,2,32,18,3.1
2026-03-24 17:40,R02,12,off-peak,75,73,0,21,22,-2.7
2026-04-27 23:02,R05,18,peak,55,71,16,32,16,29.1
2026-03-22 12:58,R14,7,peak,88,117,29,45,27,33.0
2026-03-25 21:29,R16,16,off-peak,115,132,17,7,34,14.8
2026-07-14 00:57,R17,19,peak,67,91,24,60,20,35.8
2026-03-08 11:37,R07,6,off-peak,80,91,11,29,24,13.8
2026-03-29 21:35,R04,16,off-peak,65,71,6,39,18,9.2
2026-05-25 18:30,R01,13,off-peak,95,102,7,39,28,7.4
2026-07-31 19:07,R16,14,off-peak,115,125,10,53,34,8.7
2026-08-04 17:50,R01,12,off-peak,95,95,0,21,28,0.0
2026-03-20 15:19,R12,10,off-peak,50,56,6,10,15,12.0
2026-05-14 20:14,R17,15,off-peak,67,63,0,14,20,-6.0
2026-05-27 23:53,R08,18,peak,78,98,20,51,23,25.6
2026-04-10 17:13,R14,12,off-peak,88,84,0,29,27,-4.5
2026-06-24 15:17,R20,10,off-peak,108,101,0,21,33,-6.5
2026-08-26 19:47,R03,14,off-peak,85,96,11,38,26,12.9
2026-06-13 15:47,R10,10,off-peak,68,70,2,39,20,2.9
2026-06-10 21:27,R01,16,off-peak,95,92,0,31,28,-3.2
2026-03-25 12:07,R14,7,peak,88,110,22,44,27,25.0
2026-03-15 12:33,R01,7,peak,95,135,40,32,28,42.1
2026-08-03 22:05,R07,17,peak,80,96,16,53,24,20.0
2026-03-19 15:20,R13,10,off-peak,56,60,4,9,17,7.1
2026-04-25 14:16,R07,9,peak,80,114,34,53,24,42.5
2026-03-28 16:31,R14,11,off-peak,88,89,1,21,27,1.1
2026-08-13 00:57,R16,19,peak,115,155,40,50,34,34.8
2026-03-11 19:07,R17,14,off-peak,67,66,0,34,20,-1.5
2026-03-02 20:50,R08,15,off-peak,78,87,9,15,23,11.5
2026-07-01 21:55,R07,16,off-peak,80,79,0,25,24,-1.2
2026-04-24 15:14,R18,10,off-peak,105,106,1,17,31,1.0
2026-06-03 12:28,R04,7,peak,65,70,5,31,18,7.7
2026-07-23 12:37,R01,7,peak,95,119,24,39,28,25.3
2026-06-24 16:16,R10,11,off-peak,68,77,9,7,20,13.2
2026-08-01 16:45,R19,11,off-peak,93,94,1,2,29,1.1
2026-08-16 23:18,R14,18,peak,88,123,35,32,27,39.8
2026-07-13 01:18,R18,20,off-peak,105,98,0,40,31,-6.7
2026-07-24 23:15,R19,18,peak,93,121,28,60,29,30.1
2026-05-15 21:01,R05,16,off-peak,55,57,2,31,16,3.6
2026-04-18 17:06,R19,12,off-peak,93,105,12,3,29,12.9
2026-04-06 18:49,R06,13,off-peak,110,108,0,39,32,-1.8
2026-08-27 12:01,R18,7,peak,105,127,22,42,31,21.0
2026-08-12 02:07,R18,21,off-peak,105,100,0,15,31,-4.8
2026-04-26 01:19,R01,20,off-peak,95,91,0,31,28,-4.2
2026-04-26 18:20,R18,13,off-peak,105,109,4,20,31,3.8
2026-07-12 18:08,R12,13,off-peak,50,56,6,13,15,12.0
2026-05-12 11:52,R18,6,off-peak,105,116,11,39,31,10.5
2026-08-25 14:36,R14,9,peak,88,126,38,45,27,43.2
2026-07-20 00:51,R20,19,peak,108,128,20,48,33,18.5
2026-04-07 22:27,R19,17,peak,93,117,24,39,29,25.8
2026-06-06 13:36,R09,8,peak,100,136,36,36,30,36.0
2026-07-02 17:51,R03,12,off-peak,85,78,0,36,26,-8.2
2026-08-23 14:56,R14,9,peak,88,116,28,49,27,31.8
2026-03-31 21:16,R17,16,off-peak,67,70,3,34,20,4.5
2026-04-08 19:15,R07,14,off-peak,80,80,0,10,24,0.0
2026-03-11 19:54,R17,14,off-peak,67,71,4,17,20,6.0
2026-04-27 16:00,R01,11,off-peak,95,97,2,51,28,2.1
2026-06-08 23:04,R14,18,peak,88,124,36,45,27,40.9
2026-06-08 14:32,R02,9,peak,75,103,28,46,22,37.3
2026-03-07 21:03,R07,16,off-peak,80,88,8,32,24,10.0
2026-08-04 23:41,R03,18,peak,85,107,22,43,26,25.9
2026-05-22 13:03,R20,8,peak,108,150,42,54,33,38.9
2026-08-10 00:33,R15,19,peak,73,99,26,50,21,35.6
2026-03-14 00:46,R15,19,peak,73,94,21,59,21,28.8
2026-05-09 18:01,R12,13,off-peak,50,53,3,38,15,6.0
2026-03-15 20:45,R20,15,off-peak,108,109,1,20,33,0.9
2026-06-14 15:42,R15,10,off-peak,73,79,6,32,21,8.2
2026-07-04 13:46,R01,8,peak,95,128,33,49,28,34.7
2026-04-11 23:36,R16,18,peak,115,163,48,39,34,41.7
2026-07-13 11:43,R09,6,off-peak,100,101,1,12,30,1.0
2026-04-19 19:12,R18,14,off-peak,105,98,0,30,31,-6.7
2026-04-13 21:12,R05,16,off-peak,55,55,0,36,16,0.0
2026-07-18 23:59,R12,18,peak,50,54,4,46,15,8.0
2026-04-11 14:00,R06,9,peak,110,118,8,45,32,7.3
2026-06-17 14:15,R13,9,peak,56,63,7,60,17,12.5
2026-07-18 15:36,R11,10,off-peak,62,63,1,1,19,1.6
2026-04-25 23:28,R12,18,peak,50,54,4,60,15,8.0
2026-03-13 20:46,R10,15,off-peak,68,66,0,36,20,-2.9
2026-06-10 21:18,R06,16,off-peak,110,102,0,1,32,-7.3
2026-03-15 00:15,R04,19,peak,65,75,10,42,18,15.4
2026-03-27 17:25,R15,12,off-peak,73,78,5,22,21,6.8
2026-07-07 01:42,R05,20,off-peak,55,59,4,29,16,7.3
2026-03-20 16:00,R17,11,off-peak,67,75,8,36,20,11.9
2026-04-19 16:16,R16,11,off-peak,115,108,0,13,34,-6.1
2026-07-19 00:21,R17,19,peak,67,74,7,43,20,10.4
2026-06-19 01:55,R20,20,off-peak,108,105,0,14,33,-2.8
2026-07-10 18:11,R08,13,off-peak,78,87,9,1,23,11.5
2026-07-25 11:48,R14,6,off-peak,88,87,0,17,27,-1.1
2026-08-27 11:37,R15,6,off-peak,73,75,2,11,21,2.7
2026-08-27 14:03,R13,9,peak,56,68,12,40,17,21.4
2026-06-13 02:33,R13,21,off-peak,56,54,0,29,17,-3.6
2026-06-05 22:34,R01,17,peak,95,128,33,38,28,34.7
2026-04-13 13:11,R05,8,peak,55,72,17,46,16,30.9
2026-08-21 13:55,R06,8,peak,110,159,49,55,32,44.5
2026-07-17 11:28,R12,6,off-peak,50,54,4,44,15,8.0
2026-07-12 15:41,R13,10,off-peak,56,60,4,20,17,7.1
2026-04-05 13:20,R06,8,peak,110,158,48,16,32,43.6
2026-07-15 12:49,R20,7,peak,108,137,29,31,33,26.9
2026-08-03 18:34,R09,13,off-peak,100,101,1,24,30,1.0
2026-03-10 16:54,R01,11,off-peak,95,90,0,42,28,-5.3
2026-08-25 12:46,R11,7,peak,62,88,26,47,19,41.9
2026-05-14 19:41,R14,14,off-peak,88,91,3,50,27,3.4
2026-05-26 20:54,R05,15,off-peak,55,61,6,26,16,10.9
2026-06-24 13:40,R03,8,peak,85,98,13,30,26,15.3
2026-03-11 01:44,R18,20,off-peak,105,119,14,25,31,13.3
2026-06-11 18:28,R06,13,off-peak,110,123,13,23,32,11.8
2026-08-17 02:11,R13,21,off-peak,56,54,0,44,17,-3.6
2026-08-05 23:04,R09,18,peak,100,136,36,47,30,36.0
2026-07-06 02:24,R15,21,off-peak,73,77,4,5,21,5.5
2026-04-10 00:53,R19,19,peak,93,116,23,38,29,24.7
2026-04-20 21:31,R05,16,off-peak,55,57,2,31,16,3.6
2026-03-01 21:25,R18,16,off-peak,105,113,8,27,31,7.6
2026-08-26 18:17,R06,13,off-peak,110,110,0,41,32,0.0
2026-08-06 23:21,R12,18,peak,50,60,10,33,15,20.0
2026-04-01 12:10,R15,7,peak,73,77,4,42,21,5.5
2026-04-16 22:59,R11,17,peak,62,71,9,59,19,14.5
2026-06-09 23:12,R17,18,peak,67,82,15,59,20,22.4
2026-05-03 20:40,R20,15,off-peak,108,103,0,45,33,-4.6
2026-04-26 19:55,R05,14,off-peak,55,60,5,42,16,9.1
2026-04-12 14:16,R19,9,peak,93,110,17,39,29,18.3
2026-05-26 21:46,R03,16,off-peak,85,81,0,41,26,-4.7
2026-07-26 23:10,R11,18,peak,62,69,7,44,19,11.3
2026-04-26 18:21,R13,13,off-peak,56,62,6,7,17,10.7
2026-07-08 14:06,R12,9,peak,50,56,6,41,15,12.0
2026-03-07 23:41,R18,18,peak,105,125,20,35,31,19.0
2026-05-22 21:48,R13,16,off-peak,56,51,0,28,17,-8.9
2026-04-27 20:00,R16,15,off-peak,115,127,12,33,34,10.4
2026-03-29 13:58,R04,8,peak,65,92,27,60,18,41.5
2026-04-21 02:33,R16,21,off-peak,115,110,0,33,34,-4.3
2026-03-23 19:53,R08,14,off-peak,78,85,7,18,23,9.0
2026-03-23 17:20,R12,12,off-peak,50,50,0,26,15,0.0
2026-04-14 17:23,R11,12,off-peak,62,58,0,33,19,-6.5
2026-06-30 17:46,R20,12,off-peak,108,119,11,36,33,10.2
2026-05-22 00:02,R08,19,peak,78,95,17,32,23,21.8
2026-04-08 19:44,R01,14,off-peak,95,108,13,42,28,13.7
2026-05-30 13:11,R10,8,peak,68,72,4,28,20,5.9
2026-04-01 23:44,R15,18,peak,73,94,21,33,21,28.8
2026-03-02 15:17,R02,10,off-peak,75,82,7,20,22,9.3
2026-07-10 15:33,R12,10,off-peak,50,48,0,8,15,-4.0
2026-05-24 16:35,R13,11,off-peak,56,62,6,20,17,10.7
2026-05-24 00:55,R14,19,peak,88,94,6,47,27,6.8
2026-04-13 01:08,R15,20,off-peak,73,71,0,13,21,-2.7
2026-08-19 21:17,R16,16,off-peak,115,119,4,17,34,3.5
2026-05-22 00:50,R19,19,peak,93,133,40,42,29,43.0
2026-04-02 20:19,R20,15,off-peak,108,103,0,53,33,-4.6
2026-03-08 00:08,R03,19,peak,85,122,37,38,26,43.5
2026-05-18 12:23,R01,7,peak,95,101,6,34,28,6.3
2026-04-03 13:41,R08,8,peak,78,111,33,32,23,42.3
2026-03-18 21:13,R04,16,off-peak,65,72,7,38,18,10.8
2026-06-17 17:35,R02,12,off-peak,75,79,4,28,22,5.3
2026-05-12 14:54,R06,9,peak,110,127,17,28,32,15.5
2026-08-25 02:59,R13,21,off-peak,56,53,0,25,17,-5.4
2026-08-12 00:50,R08,19,peak,78,95,17,17,23,21.8
2026-04-03 15:23,R14,10,off-peak,88,96,8,38,27,9.1
2026-05-13 16:13,R17,11,off-peak,67,75,8,32,20,11.9
2026-03-28 16:47,R07,11,off-peak,80,86,6,26,24,7.5
2026-04-02 17:12,R05,12,off-peak,55,61,6,8,16,10.9
2026-03-16 20:24,R01,15,off-peak,95,101,6,12,28,6.3
2026-06-15 13:16,R01,8,peak,95,119,24,36,28,25.3
2026-07-16 01:10,R18,20,off-peak,105,104,0,28,31,-1.0
2026-03-23 23:42,R16,18,peak,115,144,29,24,34,25.2
2026-05-07 02:47,R12,21,off-peak,50,51,1,33,15,2.0
2026-06-06 19:09,R12,14,off-peak,50,51,1,46,15,2.0
2026-07-09 15:52,R11,10,off-peak,62,65,3,6,19,4.8
2026-07-20 23:15,R15,18,peak,73,102,29,43,21,39.7
2026-03-31 16:41,R18,11,off-peak,105,113,8,16,31,7.6
2026-08-23 16:13,R16,11,off-peak,115,107,0,34,34,-7.0
2026-03-08 16:20,R07,11,off-peak,80,91,11,48,24,13.8
2026-07-24 16:58,R06,11,off-peak,110,105,0,13,32,-4.5
2026-05-23 14:42,R06,9,peak,110,147,37,31,32,33.6
2026-04-30 13:35,R19,8,peak,93,121,28,36,29,30.1
2026-08-27 21:15,R06,16,off-peak,110,117,7,25,32,6.4
2026-05-18 17:17,R19,12,off-peak,93,92,0,15,29,-1.1
2026-06-10 02:18,R15,21,off-peak,73,70,0,34,21,-4.1
2026-05-06 11:55,R08,6,off-peak,78,82,4,27,23,5.1
2026-06-23 14:38,R16,9,peak,115,129,14,60,34,12.2
2026-07-26 01:11,R19,20,off-peak,93,85,0,21,29,-8.6
2026-07-31 18:29,R11,13,off-peak,62,66,4,30,19,6.5
2026-04-25 02:31,R17,21,off-peak,67,72,5,22,20,7.5
2026-03-08 18:51,R05,13,off-peak,55,52,0,6,16,-5.5
2026-06-10 15:46,R04,10,off-peak,65,71,6,34,18,9.2
2026-03-12 17:16,R18,12,off-peak,105,100,0,4,31,-4.8
2026-08-24 02:56,R18,21,off-peak,105,111,6,14,31,5.7
2026-04-24 01:44,R19,20,off-peak,93,93,0,31,29,0.0
2026-08-11 22:34,R12,17,peak,50,56,6,41,15,12.0
2026-05-17 17:15,R02,12,off-peak,75,69,0,30,22,-8.0
2026-07-25 13:20,R13,8,peak,56,77,21,48,17,37.5
2026-07-25 17:57,R06,12,off-peak,110,123,13,30,32,11.8
2026-08-12 11:36,R03,6,off-peak,85,93,8,41,26,9.4
2026-03-24 22:19,R19,17,peak,93,122,29,60,29,31.2
2026-07-10 02:12,R07,21,off-peak,80,78,0,48,24,-2.5
2026-03-23 00:13,R01,19,peak,95,137,42,52,28,44.2
2026-03-31 02:09,R19,21,off-peak,93,87,0,14,29,-6.5
2026-03-31 14:55,R05,9,peak,55,62,7,55,16,12.7
2026-08-18 00:08,R15,19,peak,73,90,17,60,21,23.3
2026-06-12 14:06,R03,9,peak,85,93,8,50,26,9.4
2026-08-06 16:46,R05,11,off-peak,55,51,0,34,16,-7.3
2026-04-21 01:59,R11,20,off-peak,62,70,8,29,19,12.9
2026-07-25 17:12,R20,12,off-peak,108,100,0,18,33,-7.4
2026-06-25 11:41,R18,6,off-peak,105,112,7,32,31,6.7
2026-05-12 14:11,R10,9,peak,68,75,7,52,20,10.3
2026-04-05 23:59,R18,18,peak,105,136,31,50,31,29.5
2026-05-23 11:08,R11,6,off-peak,62,65,3,33,19,4.8
2026-07-30 11:12,R05,6,off-peak,55,61,6,35,16,10.9
2026-03-17 22:51,R12,17,peak,50,66,16,44,15,32.0
2026-08-25 22:37,R07,17,peak,80,88,8,27,24,10.0
2026-04-28 11:29,R16,6,off-peak,115,126,11,35,34,9.6
2026-07-17 22:23,R14,17,peak,88,111,23,51,27,26.1
2026-04-03 20:13,R13,15,off-peak,56,61,5,33,17,8.9
2026-07-02 15:59,R03,10,off-peak,85,78,0,20,26,-8.2
2026-08-06 00:10,R02,19,peak,75,82,7,29,22,9.3
2026-08-06 12:03,R09,7,peak,100,111,11,46,30,11.0
2026-07-30 13:01,R15,8,peak,73,89,16,39,21,21.9
2026-05-06 14:55,R10,9,peak,68,80,12,48,20,17.6
2026-05-13 11:02,R06,6,off-peak,110,106,0,28,32,-3.6
2026-06-12 22:31,R20,17,peak,108,152,44,51,33,40.7
2026-05-19 01:39,R19,20,off-peak,93,93,0,39,29,0.0
2026-04-14 22:15,R12,17,peak,50,58,8,50,15,16.0
2026-04-06 02:53,R09,21,off-peak,100,111,11,32,30,11.0
2026-03-16 14:49,R01,9,peak,95,101,6,32,28,6.3
2026-03-07 14:51,R04,9,peak,65,69,4,60,18,6.2
2026-06-11 18:17,R18,13,off-peak,105,99,0,16,31,-5.7
2026-07-12 02:02,R03,21,off-peak,85,81,0,14,26,-4.7
2026-07-31 01:01,R12,20,off-peak,50,47,0,24,15,-6.0
2026-06-27 21:05,R04,16,off-peak,65,70,5,29,18,7.7
2026-06-27 14:45,R15,9,peak,73,83,10,48,21,13.7
2026-03-13 21:52,R08,16,off-peak,78,73,0,35,23,-6.4
2026-04-21 19:51,R17,14,off-peak,67,69,2,19,20,3.0
2026-04-20 16:01,R13,11,off-peak,56,52,0,40,17,-7.1
2026-06-18 22:38,R12,17,peak,50,61,11,46,15,22.0
2026-04-01 02:35,R09,21,off-peak,100,92,0,35,30,-8.0
2026-06-21 23:59,R07,18,peak,80,89,9,45,24,11.2
2026-06-21 00:52,R09,19,peak,100,140,40,51,30,40.0
2026-08-27 18:54,R03,13,off-peak,85,94,9,37,26,10.6
2026-05-08 11:25,R16,6,off-peak,115,106,0,23,34,-7.8
2026-03-30 11:03,R11,6,off-peak,62,67,5,30,19,8.1
2026-04-02 02:58,R15,21,off-peak,73,78,5,27,21,6.8
2026-07-20 18:04,R09,13,off-peak,100,104,4,30,30,4.0
2026-05-20 19:15,R19,14,off-peak,93,97,4,18,29,4.3
2026-08-04 16:38,R11,11,off-peak,62,57,0,11,19,-8.1
2026-05-16 12:41,R17,7,peak,67,91,24,55,20,35.8
2026-08-14 02:04,R13,21,off-peak,56,59,3,8,17,5.4
2026-08-24 01:07,R07,20,off-peak,80,84,4,32,24,5.0
2026-06-06 20:06,R18,15,off-peak,105,99,0,17,31,-5.7
2026-03-13 17:31,R05,12,off-peak,55,56,1,18,16,1.8
2026-06-20 16:11,R08,11,off-peak,78,85,7,29,23,9.0
2026-03-30 20:39,R07,15,off-peak,80,84,4,26,24,5.0
2026-08-17 16:08,R09,11,off-peak,100,112,12,28,30,12.0
2026-07-10 17:29,R01,12,off-peak,95,97,2,34,28,2.1
2026-03-15 14:53,R06,9,peak,110,119,9,31,32,8.2
2026-08-17 11:40,R06,6,off-peak,110,117,7,26,32,6.4
2026-08-23 13:44,R18,8,peak,105,120,15,60,31,14.3
2026-03-30 01:05,R20,20,off-peak,108,121,13,58,33,12.0
2026-07-09 20:01,R18,15,off-peak,105,119,14,23,31,13.3
2026-05-17 23:34,R03,18,peak,85,119,34,58,26,40.0
2026-04-29 22:36,R15,17,peak,73,91,18,60,21,24.7
2026-03-03 22:34,R15,17,peak,73,89,16,55,21,21.9
2026-05-21 12:30,R09,7,peak,100,121,21,60,30,21.0
2026-06-06 16:36,R03,11,off-peak,85,94,9,41,26,10.6
2026-07-09 13:57,R03,8,peak,85,121,36,53,26,42.4
2026-08-01 19:42,R16,14,off-peak,115,126,11,4,34,9.6
2026-06-10 01:37,R05,20,off-peak,55,59,4,40,16,7.3
2026-07-29 12:22,R16,7,peak,115,133,18,45,34,15.7
2026-06-19 00:02,R03,19,peak,85,93,8,50,26,9.4
2026-05-12 18:43,R16,13,off-peak,115,110,0,42,34,-4.3
2026-06-05 18:22,R18,13,off-peak,105,104,0,16,31,-1.0
2026-08-17 01:42,R04,20,off-peak,65,68,3,23,18,4.6
2026-05-13 00:53,R02,19,peak,75,99,24,39,22,32.0
2026-05-03 23:46,R20,18,peak,108,129,21,43,33,19.4
2026-05-19 19:09,R01,14,off-peak,95,97,2,44,28,2.1
2026-07-23 01:21,R03,20,off-peak,85,78,0,33,26,-8.2
2026-06-13 18:17,R12,13,off-peak,50,55,5,31,15,10.0
2026-07-25 15:50,R18,10,off-peak,105,96,0,29,31,-8.6
2026-06-20 18:08,R13,13,off-peak,56,59,3,18,17,5.4
2026-07-13 23:28,R09,18,peak,100,124,24,41,30,24.0
2026-03-19 13:13,R01,8,peak,95,103,8,42,28,8.4
2026-08-01 18:40,R04,13,off-peak,65,65,0,45,18,0.0
2026-04-25 00:30,R07,19,peak,80,87,7,5,24,8.8
2026-05-03 11:02,R14,6,off-peak,88,87,0,37,27,-1.1
2026-08-27 14:01,R17,9,peak,67,81,14,39,20,20.9
2026-05-11 22:48,R06,17,peak,110,155,45,42,32,40.9
2026-08-14 14:02,R04,9,peak,65,79,14,51,18,21.5
2026-07-24 20:26,R07,15,off-peak,80,78,0,24,24,-2.5
2026-04-02 13:44,R16,8,peak,115,156,41,47,34,35.7
2026-03-01 12:55,R09,7,peak,100,126,26,26,30,26.0
2026-06-22 14:17,R05,9,peak,55,63,8,58,16,14.5
2026-05-23 14:39,R14,9,peak,88,120,32,49,27,36.4
2026-08-05 19:42,R13,14,off-peak,56,58,2,39,17,3.6
2026-07-27 18:25,R18,13,off-peak,105,113,8,22,31,7.6
2026-08-24 23:57,R10,18,peak,68,86,18,30,20,26.5
2026-05-06 21:20,R03,16,off-peak,85,84,0,29,26,-1.2
2026-08-21 15:11,R04,10,off-peak,65,70,5,24,18,7.7
2026-05-04 02:44,R02,21,off-peak,75,86,11,50,22,14.7
2026-06-30 22:05,R02,17,peak,75,82,7,34,22,9.3
2026-07-31 12:34,R14,7,peak,88,100,12,45,27,13.6
2026-05-03 17:26,R13,12,off-peak,56,56,0,12,17,0.0
2026-05-06 14:20,R05,9,peak,55,69,14,42,16,25.5
2026-07-31 11:41,R16,6,off-peak,115,107,0,30,34,-7.0
2026-05-16 20:33,R19,15,off-peak,93,102,9,36,29,9.7
2026-06-05 20:43,R02,15,off-peak,75,84,9,26,22,12.0
2026-06-15 00:03,R09,19,peak,100,122,22,39,30,22.0
2026-05-19 11:20,R06,6,off-peak,110,121,11,39,32,10.0
2026-06-22 22:21,R14,17,peak,88,109,21,42,27,23.9
2026-04-26 20:12,R15,15,off-peak,73,80,7,27,21,9.6
2026-05-02 11:54,R17,6,off-peak,67,68,1,29,20,1.5
2026-08-10 23:11,R13,18,peak,56,76,20,35,17,35.7
2026-03-14 21:06,R14,16,off-peak,88,95,7,19,27,8.0
2026-03-14 22:00,R20,17,peak,108,123,15,51,33,13.9
2026-03-31 16:11,R14,11,off-peak,88,98,10,32,27,11.4
2026-07-02 00:44,R15,19,peak,73,104,31,51,21,42.5
2026-05-20 20:39,R16,15,off-peak,115,116,1,30,34,0.9
2026-03-26 16:05,R03,11,off-peak,85,83,0,29,26,-2.4
2026-07-11 19:40,R12,14,off-peak,50,52,2,24,15,4.0
2026-07-29 11:33,R18,6,off-peak,105,99,0,30,31,-5.7
2026-07-23 02:08,R13,21,off-peak,56,60,4,29,17,7.1
2026-03-04 22:59,R19,17,peak,93,114,21,49,29,22.6
2026-06-14 01:50,R09,20,off-peak,100,95,0,27,30,-5.0
2026-03-29 13:58,R14,8,peak,88,97,9,52,27,10.2
2026-05-04 12:14,R06,7,peak,110,124,14,42,32,12.7
2026-08-26 18:37,R11,13,off-peak,62,63,1,3,19,1.6
2026-05-29 12:52,R13,7,peak,56,69,13,37,17,23.2
2026-04-01 16:42,R09,11,off-peak,100,99,0,19,30,-1.0
2026-05-04 18:23,R18,13,off-peak,105,108,3,37,31,2.9
2026-06-18 12:16,R09,7,peak,100,106,6,12,30,6.0
2026-06-28 22:21,R10,17,peak,68,79,11,43,20,16.2
2026-04-19 14:09,R03,9,peak,85,94,9,20,26,10.6
2026-08-05 20:48,R15,15,off-peak,73,80,7,25,21,9.6
2026-06-10 13:48,R20,8,peak,108,132,24,12,33,22.2
2026-08-13 18:41,R07,13,off-peak,80,85,5,24,24,6.2
2026-07-21 11:34,R06,6,off-peak,110,106,0,21,32,-3.6
2026-06-30 16:22,R13,11,off-peak,56,62,6,24,17,10.7
2026-06-08 13:15,R02,8,peak,75,96,21,27,22,28.0
2026-08-10 19:12,R02,14,off-peak,75,74,0,44,22,-1.3
2026-07-07 21:53,R08,16,off-peak,78,84,6,31,23,7.7
2026-04-28 19:21,R05,14,off-peak,55,58,3,42,16,5.5
2026-08-27 12:50,R01,7,peak,95,132,37,24,28,38.9
2026-06-10 13:28,R04,8,peak,65,86,21,35,18,32.3
2026-04-15 00:17,R03,19,peak,85,100,15,46,26,17.6
2026-06-01 19:16,R09,14,off-peak,100,113,13,27,30,13.0
2026-06-01 17:44,R18,12,off-peak,105,116,11,31,31,10.5
2026-04-26 02:28,R03,21,off-peak,85,89,4,23,26,4.7
2026-07-31 21:07,R01,16,off-peak,95,92,0,13,28,-3.2
2026-07-11 01:42,R05,20,off-peak,55,62,7,27,16,12.7
2026-07-15 00:32,R13,19,peak,56,80,24,59,17,42.9
2026-05-20 12:30,R05,7,peak,55,64,9,39,16,16.4
2026-06-24 14:43,R16,9,peak,115,133,18,41,34,15.7
2026-03-10 19:51,R05,14,off-peak,55,55,0,44,16,0.0
2026-04-14 23:17,R20,18,peak,108,144,36,55,33,33.3
2026-08-14 17:14,R05,12,off-peak,55,61,6,22,16,10.9
2026-03-27 18:09,R08,13,off-peak,78,81,3,24,23,3.8
2026-04-11 02:56,R04,21,off-peak,65,60,0,1,18,-7.7
2026-07-21 12:59,R17,7,peak,67,89,22,31,20,32.8
2026-03-12 16:52,R07,11,off-peak,80,76,0,33,24,-5.0
2026-08-25 11:33,R06,6,off-peak,110,101,0,33,32,-8.2
2026-03-31 01:02,R13,20,off-peak,56,57,1,40,17,1.8
2026-04-02 02:00,R20,21,off-peak,108,117,9,20,33,8.3
2026-04-18 13:23,R18,8,peak,105,144,39,41,31,37.1
2026-05-14 18:59,R02,13,off-peak,75,84,9,31,22,12.0
2026-03-22 18:37,R11,13,off-peak,62,66,4,24,19,6.5
2026-07-19 19:41,R16,14,off-peak,115,116,1,27,34,0.9
2026-06-13 17:55,R05,12,off-peak,55,54,0,38,16,-1.8
2026-03-05 12:29,R04,7,peak,65,68,3,43,18,4.6
2026-05-11 16:21,R13,11,off-peak,56,51,0,43,17,-8.9
2026-08-24 13:02,R15,8,peak,73,86,13,40,21,17.8
2026-08-20 00:24,R14,19,peak,88,126,38,40,27,43.2
2026-05-16 23:55,R01,18,peak,95,134,39,47,28,41.1
2026-04-27 13:18,R03,8,peak,85,113,28,58,26,32.9
2026-07-30 14:17,R11,9,peak,62,74,12,45,19,19.4
2026-08-06 02:00,R20,21,off-peak,108,100,0,17,33,-7.4
2026-04-22 00:18,R07,19,peak,80,97,17,56,24,21.2
2026-07-24 15:36,R18,10,off-peak,105,105,0,22,31,0.0
2026-07-15 01:14,R20,20,off-peak,108,118,10,23,33,9.3
2026-07-13 00:57,R18,19,peak,105,133,28,41,31,26.7
2026-03-20 02:23,R17,21,off-peak,67,73,6,23,20,9.0
2026-06-18 22:11,R01,17,peak,95,130,35,29,28,36.8
2026-03-07 01:44,R19,20,off-peak,93,104,11,45,29,11.8
2026-03-23 18:08,R20,13,off-peak,108,102,0,11,33,-5.6
2026-08-10 01:33,R12,20,off-peak,50,55,5,35,15,10.0
2026-05-17 16:05,R19,11,off-peak,93,93,0,26,29,0.0
2026-03-19 22:50,R19,17,peak,93,132,39,44,29,41.9
2026-05-20 22:07,R15,17,peak,73,86,13,32,21,17.8
2026-06-07 15:38,R03,10,off-peak,85,87,2,31,26,2.4
2026-08-20 13:51,R06,8,peak,110,119,9,52,32,8.2
2026-07-30 13:25,R09,8,peak,100,129,29,31,30,29.0
2026-04-12 00:09,R05,19,peak,55,63,8,34,16,14.5
2026-05-07 13:46,R17,8,peak,67,82,15,36,20,22.4
2026-03-27 19:52,R12,14,off-peak,50,56,6,10,15,12.0
2026-03-13 02:20,R12,21,off-peak,50,55,5,22,15,10.0
2026-07-26 15:09,R14,10,off-peak,88,81,0,44,27,-8.0
2026-03-05 11:46,R16,6,off-peak,115,124,9,45,34,7.8
2026-04-26 13:59,R02,8,peak,75,97,22,41,22,29.3
2026-04-24 12:52,R09,7,peak,100,123,23,34,30,23.0
2026-06-29 19:11,R05,14,off-peak,55,61,6,1,16,10.9
2026-05-11 21:00,R20,16,off-peak,108,121,13,27,33,12.0
2026-08-14 13:58,R02,8,peak,75,93,18,48,22,24.0
2026-04-05 01:26,R09,20,off-peak,100,97,0,21,30,-3.0
2026-07-17 23:59,R03,18,peak,85,121,36,60,26,42.4
2026-05-30 02:35,R01,21,off-peak,95,88,0,19,28,-7.4
2026-06-04 13:00,R02,8,peak,75,82,7,27,22,9.3
2026-06-18 13:05,R04,8,peak,65,76,11,30,18,16.9
2026-06-21 22:03,R02,17,peak,75,85,10,47,22,13.3
2026-06-19 12:37,R02,7,peak,75,92,17,39,22,22.7
2026-07-02 11:16,R11,6,off-peak,62,57,0,46,19,-8.1
2026-05-23 20:44,R03,15,off-peak,85,89,4,15,26,4.7
2026-04-06 18:51,R10,13,off-peak,68,75,7,15,20,10.3
2026-06-14 17:22,R19,12,off-peak,93,104,11,22,29,11.8
2026-06-29 19:49,R05,14,off-peak,55,54,0,45,16,-1.8
2026-04-21 15:51,R03,10,off-peak,85,97,12,43,26,14.1
2026-03-19 13:02,R10,8,peak,68,77,9,44,20,13.2
2026-04-16 23:04,R12,18,peak,50,56,6,48,15,12.0
2026-06-01 20:28,R15,15,off-peak,73,70,0,27,21,-4.1
2026-04-08 21:26,R08,16,off-peak,78,87,9,48,23,11.5
2026-05-09 12:34,R17,7,peak,67,81,14,26,20,20.9
2026-04-26 17:45,R15,12,off-peak,73,77,4,35,21,5.5
2026-07-07 20:12,R09,15,off-peak,100,113,13,1,30,13.0
2026-08-09 18:54,R11,13,off-peak,62,62,0,18,19,0.0
2026-07-17 23:03,R10,18,peak,68,96,28,43,20,41.2
2026-06-09 19:23,R15,14,off-peak,73,78,5,31,21,6.8
2026-06-02 21:25,R15,16,off-peak,73,73,0,36,21,0.0
2026-05-25 12:57,R01,7,peak,95,120,25,58,28,26.3
2026-08-09 14:44,R11,9,peak,62,66,4,43,19,6.5
2026-03-26 14:05,R20,9,peak,108,151,43,47,33,39.8
2026-06-09 01:06,R04,20,off-peak,65,71,6,13,18,9.2
2026-06-22 21:43,R05,16,off-peak,55,60,5,17,16,9.1
2026-04-15 12:10,R13,7,peak,56,74,18,36,17,32.1
2026-05-20 22:52,R20,17,peak,108,153,45,35,33,41.7
2026-03-01 13:57,R09,8,peak,100,132,32,50,30,32.0
2026-07-23 21:22,R15,16,off-peak,73,80,7,31,21,9.6
2026-06-15 11:48,R02,6,off-peak,75,71,0,38,22,-5.3
2026-04-24 21:55,R03,16,off-peak,85,80,0,3,26,-5.9
2026-08-15 22:43,R06,17,peak,110,158,48,41,32,43.6
2026-05-12 21:02,R20,16,off-peak,108,100,0,19,33,-7.4
2026-04-18 14:54,R16,9,peak,115,155,40,56,34,34.8
2026-07-30 22:43,R02,17,peak,75,99,24,56,22,32.0
2026-08-18 11:48,R12,6,off-peak,50,56,6,29,15,12.0
2026-08-07 20:13,R13,15,off-peak,56,63,7,24,17,12.5
2026-07-27 11:07,R10,6,off-peak,68,65,0,39,20,-4.4
2026-07-08 17:39,R02,12,off-peak,75,76,1,28,22,1.3
2026-05-16 13:40,R10,8,peak,68,73,5,40,20,7.4
2026-08-05 21:57,R08,16,off-peak,78,87,9,24,23,11.5
2026-05-02 22:58,R06,17,peak,110,130,20,34,32,18.2
2026-03-19 12:02,R05,7,peak,55,65,10,56,16,18.2
2026-07-25 00:36,R02,19,peak,75,107,32,47,22,42.7
2026-07-20 00:03,R19,19,peak,93,132,39,45,29,41.9
2026-07-01 23:16,R03,18,peak,85,113,28,60,26,32.9
2026-08-26 02:43,R08,21,off-peak,78,80,2,33,23,2.6
2026-07-24 17:54,R05,12,off-peak,55,58,3,24,16,5.5
2026-06-09 18:31,R12,13,off-peak,50,46,0,43,15,-8.0
2026-04-10 23:21,R15,18,peak,73,98,25,41,21,34.2
2026-04-24 11:24,R12,6,off-peak,50,46,0,35,15,-8.0
2026-06-09 19:11,R11,14,off-peak,62,58,0,25,19,-6.5
2026-08-08 16:11,R09,11,off-peak,100,105,5,40,30,5.0
2026-04-26 15:19,R19,10,off-peak,93,90,0,25,29,-3.2
2026-08-12 12:57,R01,7,peak,95,121,26,49,28,27.4
2026-03-02 12:40,R14,7,peak,88,104,16,46,27,18.2
2026-04-08 19:56,R14,14,off-peak,88,85,0,13,27,-3.4
2026-06-22 13:14,R04,8,peak,65,78,13,49,18,20.0
2026-05-25 20:59,R01,15,off-peak,95,106,11,12,28,11.6
2026-07-23 21:35,R15,16,off-peak,73,79,6,31,21,8.2
2026-07-30 16:47,R11,11,off-peak,62,58,0,13,19,-6.5
2026-06-11 00:02,R19,19,peak,93,109,16,47,29,17.2
2026-08-25 16:09,R14,11,off-peak,88,97,9,50,27,10.2
2026-04-17 22:04,R15,17,peak,73,86,13,43,21,17.8
2026-06-22 15:07,R01,10,off-peak,95,87,0,60,28,-8.4
2026-04-27 22:45,R03,17,peak,85,117,32,45,26,37.6
2026-04-14 00:06,R07,19,peak,80,106,26,43,24,32.5
2026-07-13 16:50,R20,11,off-peak,108,101,0,39,33,-6.5
2026-07-23 11:06,R16,6,off-peak,115,123,8,39,34,7.0
2026-07-07 14:27,R14,9,peak,88,119,31,47,27,35.2
2026-05-20 13:36,R18,8,peak,105,140,35,56,31,33.3
2026-08-25 02:06,R15,21,off-peak,73,69,0,17,21,-5.5
2026-07-01 21:34,R02,16,off-peak,75,84,9,37,22,12.0
2026-06-05 17:38,R20,12,off-peak,108,101,0,41,33,-6.5
2026-07-10 02:17,R19,21,off-peak,93,104,11,22,29,11.8
2026-08-16 20:06,R11,15,off-peak,62,69,7,34,19,11.3
2026-04-15 16:35,R16,11,off-peak,115,105,0,27,34,-8.7
2026-08-08 20:59,R07,15,off-peak,80,83,3,32,24,3.8
2026-05-11 12:17,R05,7,peak,55,63,8,37,16,14.5
2026-04-03 19:59,R16,14,off-peak,115,123,8,27,34,7.0
2026-06-01 13:36,R04,8,peak,65,79,14,30,18,21.5
2026-08-20 17:08,R20,12,off-peak,108,116,8,26,33,7.4
2026-03-13 12:17,R05,7,peak,55,71,16,25,16,29.1
2026-04-03 18:45,R05,13,off-peak,55,61,6,17,16,10.9
2026-04-19 14:02,R05,9,peak,55,63,8,49,16,14.5
2026-03-13 13:26,R05,8,peak,55,66,11,44,16,20.0
2026-07-31 22:14,R02,17,peak,75,100,25,52,22,33.3
2026-06-11 01:57,R15,20,off-peak,73,74,1,13,21,1.4
2026-08-23 15:01,R08,10,off-peak,78,85,7,19,23,9.0
2026-08-23 13:47,R06,8,peak,110,133,23,54,32,20.9
2026-04-10 12:37,R20,7,peak,108,150,42,49,33,38.9
2026-03-08 17:16,R17,12,off-peak,67,63,0,28,20,-6.0
2026-06-08 19:25,R18,14,off-peak,105,98,0,59,31,-6.7
2026-04-21 15:07,R06,10,off-peak,110,115,5,26,32,4.5
2026-06-03 22:53,R02,17,peak,75,90,15,45,22,20.0
2026-03-11 23:24,R14,18,peak,88,108,20,46,27,22.7
2026-06-09 13:23,R05,8,peak,55,70,15,56,16,27.3
2026-05-13 12:49,R12,7,peak,50,58,8,45,15,16.0
2026-06-10 01:12,R02,20,off-peak,75,85,10,18,22,13.3
2026-07-24 17:26,R10,12,off-peak,68,73,5,22,20,7.4
2026-04-18 23:08,R20,18,peak,108,120,12,53,33,11.1
2026-03-31 23:05,R06,18,peak,110,121,11,43,32,10.0
2026-05-28 00:41,R07,19,peak,80,105,25,51,24,31.2
2026-04-08 21:06,R18,16,off-peak,105,103,0,17,31,-1.9
2026-08-01 02:43,R02,21,off-peak,75,85,10,6,22,13.3
2026-06-13 14:09,R20,9,peak,108,145,37,32,33,34.3
2026-04-21 23:35,R03,18,peak,85,98,13,30,26,15.3
2026-05-12 18:29,R11,13,off-peak,62,69,7,35,19,11.3
2026-04-30 12:14,R12,7,peak,50,59,9,43,15,18.0
2026-03-09 19:51,R08,14,off-peak,78,88,10,26,23,12.8
2026-06-05 02:46,R12,21,off-peak,50,50,0,23,15,0.0
2026-06-08 22:58,R09,17,peak,100,139,39,38,30,39.0
2026-06-11 21:37,R16,16,off-peak,115,126,11,11,34,9.6
2026-06-01 21:15,R09,16,off-peak,100,113,13,13,30,13.0
2026-07-31 23:49,R09,18,peak,100,120,20,51,30,20.0
2026-03-17 23:27,R17,18,peak,67,96,29,47,20,43.3
2026-06-03 16:01,R03,11,off-peak,85,84,0,37,26,-1.2
2026-08-06 11:58,R18,6,off-peak,105,110,5,41,31,4.8
2026-07-31 16:09,R11,11,off-peak,62,67,5,22,19,8.1
2026-06-10 22:19,R11,17,peak,62,79,17,49,19,27.4
2026-05-10 11:08,R08,6,off-peak,78,79,1,21,23,1.3
2026-07-29 22:07,R08,17,peak,78,106,28,43,23,35.9
2026-05-07 12:41,R10,7,peak,68,98,30,56,20,44.1
2026-04-10 17:26,R18,12,off-peak,105,102,0,32,31,-2.9
2026-03-15 20:28,R11,15,off-peak,62,60,0,18,19,-3.2
2026-06-27 00:14,R19,19,peak,93,105,12,60,29,12.9
2026-08-23 11:46,R01,6,off-peak,95,99,4,43,28,4.2
2026-06-01 02:58,R04,21,off-peak,65,73,8,41,18,12.3
2026-06-23 22:05,R03,17,peak,85,114,29,60,26,34.1
2026-04-23 19:23,R18,14,off-peak,105,104,0,35,31,-1.0
2026-07-09 00:51,R06,19,peak,110,154,44,28,32,40.0
2026-08-22 19:41,R15,14,off-peak,73,71,0,38,21,-2.7
2026-04-12 02:55,R04,21,off-peak,65,62,0,19,18,-4.6
2026-04-08 00:14,R01,19,peak,95,130,35,56,28,36.8
2026-05-23 00:26,R05,19,peak,55,66,11,37,16,20.0
2026-03-29 17:17,R07,12,off-peak,80,82,2,42,24,2.5
2026-06-21 22:59,R02,17,peak,75,103,28,35,22,37.3
2026-06-03 13:20,R18,8,peak,105,111,6,34,31,5.7
2026-04-08 12:30,R02,7,peak,75,79,4,30,22,5.3
2026-04-17 15:20,R06,10,off-peak,110,102,0,5,32,-7.3
2026-08-02 14:19,R07,9,peak,80,97,17,50,24,21.2
2026-04-25 14:48,R08,9,peak,78,105,27,27,23,34.6
2026-03-10 02:12,R03,21,off-peak,85,97,12,40,26,14.1
2026-05-28 17:22,R04,12,off-peak,65,65,0,24,18,0.0
2026-03-07 16:38,R13,11,off-peak,56,63,7,13,17,12.5
2026-05-29 02:08,R06,21,off-peak,110,121,11,21,32,10.0
2026-04-07 17:10,R12,12,off-peak,50,56,6,1,15,12.0
2026-08-06 01:12,R05,20,off-peak,55,53,0,40,16,-3.6
2026-06-30 11:44,R06,6,off-peak,110,108,0,17,32,-1.8
2026-04-28 22:27,R08,17,peak,78,88,10,32,23,12.8
2026-03-14 02:35,R02,21,off-peak,75,75,0,34,22,0.0
2026-06-08 12:38,R15,7,peak,73,91,18,14,21,24.7
2026-04-21 16:24,R17,11,off-peak,67,74,7,28,20,10.4
2026-04-01 14:09,R02,9,peak,75,79,4,36,22,5.3
2026-07-21 18:43,R18,13,off-peak,105,118,13,34,31,12.4
2026-07-05 16:42,R18,11,off-peak,105,113,8,32,31,7.6
2026-07-01 19:12,R09,14,off-peak,100,109,9,11,30,9.0
2026-04-04 01:09,R11,20,off-peak,62,67,5,35,19,8.1
2026-04-11 15:58,R07,10,off-peak,80,76,0,58,24,-5.0
2026-08-03 11:18,R17,6,off-peak,67,71,4,27,20,6.0
2026-08-18 15:43,R18,10,off-peak,105,113,8,34,31,7.6
2026-05-30 16:25,R06,11,off-peak,110,119,9,35,32,8.2
2026-08-15 21:03,R20,16,off-peak,108,104,0,30,33,-3.7
2026-08-10 18:50,R13,13,off-peak,56,62,6,23,17,10.7
2026-03-30 13:34,R08,8,peak,78,108,30,21,23,38.5
2026-07-04 19:17,R02,14,off-peak,75,75,0,34,22,0.0
2026-07-22 21:19,R16,16,off-peak,115,111,0,33,34,-3.5
2026-08-16 21:04,R04,16,off-peak,65,62,0,30,18,-4.6
2026-05-13 12:42,R13,7,peak,56,70,14,56,17,25.0
2026-06-30 18:42,R13,13,off-peak,56,58,2,25,17,3.6
2026-05-22 02:16,R09,21,off-peak,100,93,0,31,30,-7.0
2026-08-08 13:42,R19,8,peak,93,127,34,49,29,36.6
2026-08-20 13:21,R09,8,peak,100,108,8,47,30,8.0
2026-07-25 00:59,R11,19,peak,62,71,9,37,19,14.5
2026-06-24 17:35,R13,12,off-peak,56,59,3,14,17,5.4
2026-03-16 22:30,R16,17,peak,115,157,42,52,34,36.5
2026-04-10 19:42,R01,14,off-peak,95,91,0,7,28,-4.2
2026-08-14 13:31,R01,8,peak,95,123,28,60,28,29.5
2026-04-21 15:36,R03,10,off-peak,85,84,0,39,26,-1.2
2026-08-07 00:25,R08,19,peak,78,110,32,29,23,41.0
2026-07-12 23:30,R15,18,peak,73,77,4,48,21,5.5
2026-07-04 13:57,R07,8,peak,80,89,9,40,24,11.2
2026-08-14 16:24,R20,11,off-peak,108,102,0,28,33,-5.6
2026-08-27 01:36,R01,20,off-peak,95,108,13,42,28,13.7
2026-08-12 00:59,R16,19,peak,115,136,21,41,34,18.3
2026-08-02 20:05,R07,15,off-peak,80,77,0,19,24,-3.8
2026-07-10 17:43,R10,12,off-peak,68,63,0,19,20,-7.4
2026-04-01 21:09,R19,16,off-peak,93,89,0,33,29,-4.3
2026-05-29 22:31,R03,17,peak,85,117,32,46,26,37.6
2026-07-23 19:40,R13,14,off-peak,56,64,8,1,17,14.3
2026-03-01 11:08,R16,6,off-peak,115,124,9,35,34,7.8
2026-05-20 01:34,R14,20,off-peak,88,88,0,21,27,0.0
2026-07-30 20:28,R13,15,off-peak,56,58,2,16,17,3.6
2026-04-21 13:24,R10,8,peak,68,82,14,54,20,20.6
2026-03-09 19:01,R02,14,off-peak,75,83,8,19,22,10.7
2026-08-26 18:14,R14,13,off-peak,88,88,0,24,27,0.0
2026-08-05 19:11,R13,14,off-peak,56,58,2,28,17,3.6
2026-08-11 01:36,R15,20,off-peak,73,68,0,24,21,-6.8
2026-03-13 18:44,R13,13,off-peak,56,55,0,22,17,-1.8
2026-04-16 01:23,R12,20,off-peak,50,54,4,23,15,8.0
2026-04-23 01:27,R06,20,off-peak,110,111,1,33,32,0.9
2026-05-20 18:39,R10,13,off-peak,68,78,10,24,20,14.7
2026-05-29 21:59,R18,16,off-peak,105,111,6,42,31,5.7
2026-05-04 00:19,R10,19,peak,68,89,21,60,20,30.9
2026-05-05 18:50,R10,13,off-peak,68,67,0,24,20,-1.5
2026-06-10 20:36,R03,15,off-peak,85,90,5,42,26,5.9
2026-05-06 18:17,R20,13,off-peak,108,120,12,21,33,11.1
2026-07-27 01:56,R19,20,off-peak,93,91,0,26,29,-2.2
2026-03-13 16:37,R01,11,off-peak,95,90,0,40,28,-5.3
2026-07-02 00:46,R11,19,peak,62,68,6,60,19,9.7
2026-04-10 19:06,R18,14,off-peak,105,99,0,13,31,-5.7
2026-08-25 01:11,R01,20,off-peak,95,90,0,38,28,-5.3
2026-07-12 02:22,R02,21,off-peak,75,74,0,37,22,-1.3
2026-06-14 20:23,R07,15,off-peak,80,85,5,16,24,6.2
2026-03-03 15:02,R05,10,off-peak,55,51,0,46,16,-7.3
2026-05-17 19:24,R10,14,off-peak,68,71,3,34,20,4.4
2026-03-08 18:09,R20,13,off-peak,108,113,5,25,33,4.6
2026-03-30 14:13,R12,9,peak,50,55,5,43,15,10.0
2026-07-31 22:25,R13,17,peak,56,70,14,31,17,25.0
2026-08-08 21:43,R07,16,off-peak,80,84,4,44,24,5.0
2026-03-22 00:59,R18,19,peak,105,151,46,18,31,43.8
2026-05-06 17:45,R19,12,off-peak,93,105,12,21,29,12.9
2026-04-26 21:05,R09,16,off-peak,100,101,1,35,30,1.0
2026-07-19 18:23,R03,13,off-peak,85,96,11,35,26,12.9
2026-04-10 17:59,R06,12,off-peak,110,122,12,30,32,10.9
2026-04-19 12:19,R05,7,peak,55,76,21,37,16,38.2
2026-03-05 17:19,R14,12,off-peak,88,94,6,30,27,6.8
2026-06-16 01:32,R08,20,off-peak,78,84,6,27,23,7.7
2026-08-14 11:20,R13,6,off-peak,56,51,0,10,17,-8.9
2026-07-28 19:03,R05,14,off-peak,55,55,0,40,16,0.0
2026-05-14 02:04,R03,21,off-peak,85,86,1,45,26,1.2
2026-03-10 19:19,R15,14,off-peak,73,70,0,30,21,-4.1
2026-06-02 18:03,R05,13,off-peak,55,57,2,38,16,3.6
2026-08-04 16:17,R06,11,off-peak,110,121,11,18,32,10.0
2026-04-10 21:12,R15,16,off-peak,73,79,6,33,21,8.2
2026-04-09 15:39,R07,10,off-peak,80,83,3,28,24,3.8
2026-07-25 15:06,R01,10,off-peak,95,94,0,26,28,-1.1
2026-04-28 17:01,R07,12,off-peak,80,89,9,29,24,11.2
2026-08-26 01:07,R15,20,off-peak,73,68,0,37,21,-6.8
2026-03-04 01:28,R14,20,off-peak,88,88,0,32,27,0.0
2026-05-20 22:15,R16,17,peak,115,155,40,39,34,34.8
2026-06-03 16:13,R02,11,off-peak,75,73,0,54,22,-2.7
2026-07-21 18:49,R06,13,off-peak,110,119,9,37,32,8.2
2026-03-09 02:13,R09,21,off-peak,100,95,0,24,30,-5.0
2026-05-15 12:29,R05,7,peak,55,60,5,60,16,9.1
2026-04-11 11:10,R03,6,off-peak,85,79,0,24,26,-7.1
2026-06-14 22:58,R02,17,peak,75,80,5,39,22,6.7
2026-03-28 01:53,R09,20,off-peak,100,108,8,42,30,8.0
2026-06-14 21:06,R16,16,off-peak,115,127,12,19,34,10.4
2026-03-13 16:24,R20,11,off-peak,108,122,14,18,33,13.0
2026-08-22 01:30,R18,20,off-peak,105,100,0,39,31,-4.8
2026-03-17 21:11,R05,16,off-peak,55,56,1,37,16,1.8
2026-07-15 21:18,R19,16,off-peak,93,93,0,41,29,0.0
2026-07-03 15:15,R09,10,off-peak,100,113,13,18,30,13.0
2026-03-22 16:05,R03,11,off-peak,85,80,0,18,26,-5.9
2026-07-10 14:02,R02,9,peak,75,94,19,45,22,25.3
2026-08-06 00:03,R18,19,peak,105,144,39,56,31,37.1
2026-07-04 01:18,R03,20,off-peak,85,94,9,20,26,10.6
2026-07-29 15:39,R08,10,off-peak,78,78,0,7,23,0.0
2026-04-15 19:38,R20,14,off-peak,108,116,8,17,33,7.4
2026-04-15 02:09,R04,21,off-peak,65,61,0,50,18,-6.2
2026-05-03 23:14,R16,18,peak,115,155,40,37,34,34.8
2026-04-08 22:09,R01,17,peak,95,132,37,42,28,38.9
2026-08-21 23:20,R04,18,peak,65,72,7,41,18,10.8
2026-03-01 17:44,R13,12,off-peak,56,63,7,19,17,12.5
2026-05-14 17:18,R18,12,off-peak,105,101,0,20,31,-3.8
2026-07-11 20:31,R01,15,off-peak,95,98,3,51,28,3.2
2026-06-27 21:01,R17,16,off-peak,67,61,0,28,20,-9.0
2026-08-23 23:22,R12,18,peak,50,67,17,43,15,34.0
2026-08-22 21:28,R03,16,off-peak,85,81,0,11,26,-4.7
2026-08-16 23:13,R06,18,peak,110,134,24,45,32,21.8
2026-05-08 21:11,R06,16,off-peak,110,111,1,14,32,0.9
2026-05-31 16:36,R11,11,off-peak,62,59,0,32,19,-4.8
2026-06-11 11:22,R05,6,off-peak,55,55,0,21,16,0.0
2026-06-03 15:36,R20,10,off-peak,108,100,0,26,33,-7.4
2026-03-30 15:04,R06,10,off-peak,110,116,6,17,32,5.5
2026-07-30 17:20,R14,12,off-peak,88,81,0,49,27,-8.0
