date,route_id,daily_passengers,avg_delay_min,on_time_pct,trips_scheduled,trips_completed,cancellations,is_weekend,avg_passengers_per_trip
01-03-2026,R01,1116,17,62.2,18,16,2,Yes,70
01-03-2026,R02,908,14,53.3,18,16,2,Yes,57
01-03-2026,R03,1547,37,40,18,17,1,Yes,91
01-03-2026,R04,1025,14,62.7,18,16,2,Yes,64
01-03-2026,R05,1001,16,40,18,17,1,Yes,59
01-03-2026,R06,687,33,47.2,18,16,2,Yes,43
01-03-2026,R07,890,11,68.6,18,16,2,Yes,56
01-03-2026,R08,888,16,62.4,18,16,2,Yes,56
01-03-2026,R09,552,21,70,18,16,2,Yes,34
01-03-2026,R10,1000,8,75.4,18,16,2,Yes,62
01-03-2026,R11,859,7,74.5,18,16,2,Yes,54
01-03-2026,R12,1375,13,40,18,16,2,Yes,86
01-03-2026,R13,827,23,42.5,18,15,3,Yes,55
01-03-2026,R14,482,30,42.9,18,17,1,Yes,28
01-03-2026,R15,665,23,51.6,18,16,2,Yes,42
01-03-2026,R16,355,53,40,18,16,2,Yes,22
01-03-2026,R17,779,23,40,18,16,2,Yes,49
01-03-2026,R18,469,28,56.9,18,16,2,Yes,29
01-03-2026,R19,619,23,58.2,18,17,1,Yes,36
01-03-2026,R20,311,47,40,18,16,2,Yes,19
02-03-2026,R01,1819,13,71.1,24,21,3,No,87
02-03-2026,R02,1371,21,40,24,21,3,No,65
02-03-2026,R03,2483,37,40,24,22,2,No,113
02-03-2026,R04,1814,16,57.3,24,22,2,No,82
02-03-2026,R05,1496,15,40,24,22,2,No,68
02-03-2026,R06,1073,39,40,24,21,3,No,51
02-03-2026,R07,1334,12,65.7,24,22,2,No,61
02-03-2026,R08,1487,17,60,24,21,3,No,71
02-03-2026,R09,827,17,75.7,24,22,2,No,38
02-03-2026,R10,1321,21,40,24,23,1,No,57
02-03-2026,R11,1194,11,60,24,23,1,No,52
02-03-2026,R12,1679,11,45,24,21,3,No,80
02-03-2026,R13,1259,10,75,24,23,1,No,55
02-03-2026,R14,833,34,40,24,22,2,No,38
02-03-2026,R15,960,33,40,24,23,1,No,42
02-03-2026,R16,700,31,58.7,24,22,2,No,32
02-03-2026,R17,1343,21,40,24,23,1,No,58
02-03-2026,R18,668,18,72.3,24,22,2,No,30
02-03-2026,R19,841,25,54.5,24,22,2,No,38
02-03-2026,R20,519,38,47.6,24,22,2,No,24
03-03-2026,R01,1799,31,40,24,22,2,No,82
03-03-2026,R02,1586,8,73.3,24,21,3,No,76
03-03-2026,R03,2479,32,41.8,24,23,1,No,108
03-03-2026,R04,1846,25,40,24,23,1,No,80
03-03-2026,R05,1209,10,55.6,24,21,3,No,58
03-03-2026,R06,864,31,50.4,24,21,3,No,41
03-03-2026,R07,1142,14,60,24,21,3,No,54
03-03-2026,R08,1531,25,41.2,24,23,1,No,67
03-03-2026,R09,786,21,70,24,23,1,No,34
03-03-2026,R10,1439,14,56.9,24,23,1,No,63
03-03-2026,R11,1279,10,63.6,24,22,2,No,58
03-03-2026,R12,1665,6,70,24,22,2,No,76
03-03-2026,R13,1322,20,50,24,23,1,No,57
03-03-2026,R14,818,18,65.7,24,22,2,No,37
03-03-2026,R15,1046,14,70.5,24,23,1,No,45
03-03-2026,R16,594,22,70.7,24,23,1,No,26
03-03-2026,R17,1379,23,40,24,22,2,No,63
03-03-2026,R18,816,18,72.3,24,22,2,No,37
03-03-2026,R19,832,36,40,24,22,2,No,38
03-03-2026,R20,498,45,40,24,21,3,No,24
04-03-2026,R01,1711,24,46.7,24,21,3,No,81
04-03-2026,R02,1480,20,40,24,22,2,No,67
04-03-2026,R03,2185,18,67.3,24,23,1,No,95
04-03-2026,R04,1550,20,46.7,24,21,3,No,74
04-03-2026,R05,1315,10,55.6,24,23,1,No,57
04-03-2026,R06,952,24,61.6,24,23,1,No,41
04-03-2026,R07,1233,16,54.3,24,23,1,No,54
04-03-2026,R08,1541,19,55.3,24,23,1,No,67
04-03-2026,R09,785,35,50,24,23,1,No,34
04-03-2026,R10,1556,22,40,24,21,3,No,74
04-03-2026,R11,1268,10,63.6,24,22,2,No,58
04-03-2026,R12,1893,12,40,24,21,3,No,90
04-03-2026,R13,1123,25,40,24,22,2,No,51
04-03-2026,R14,725,20,61.9,24,21,3,No,35
04-03-2026,R15,955,33,40,24,21,3,No,45
04-03-2026,R16,679,36,52,24,22,2,No,31
04-03-2026,R17,1496,18,48.6,24,22,2,No,68
04-03-2026,R18,732,26,60,24,21,3,No,35
04-03-2026,R19,827,22,60,24,22,2,No,38
04-03-2026,R20,486,44,40,24,23,1,No,21
05-03-2026,R01,1816,21,53.3,24,23,1,No,79
05-03-2026,R02,1435,13,56.7,24,21,3,No,68
05-03-2026,R03,2254,30,45.5,24,22,2,No,102
05-03-2026,R04,1657,14,62.7,24,22,2,No,75
05-03-2026,R05,1506,15,40,24,21,3,No,72
05-03-2026,R06,1067,44,40,24,21,3,No,51
05-03-2026,R07,1289,16,54.3,24,21,3,No,61
05-03-2026,R08,1486,18,57.6,24,23,1,No,65
05-03-2026,R09,718,42,40,24,22,2,No,33
05-03-2026,R10,1397,17,47.7,24,21,3,No,67
05-03-2026,R11,1236,7,74.5,24,21,3,No,59
05-03-2026,R12,1896,7,65,24,22,2,No,86
05-03-2026,R13,1274,15,62.5,24,23,1,No,55
05-03-2026,R14,725,32,40,24,22,2,No,33
05-03-2026,R15,936,26,45.3,24,22,2,No,43
05-03-2026,R16,621,35,53.3,24,23,1,No,27
05-03-2026,R17,1580,13,62.9,24,22,2,No,72
05-03-2026,R18,759,42,40,24,21,3,No,36
05-03-2026,R19,805,18,67.3,24,22,2,No,37
05-03-2026,R20,587,21,71,24,22,2,No,27
06-03-2026,R01,1919,16,64.4,24,23,1,No,83
06-03-2026,R02,1324,11,63.3,24,23,1,No,58
06-03-2026,R03,2329,38,40,24,23,1,No,101
06-03-2026,R04,1790,23,40,24,22,2,No,81
06-03-2026,R05,1251,13,42.2,24,23,1,No,54
06-03-2026,R06,1101,35,44,24,21,3,No,52
06-03-2026,R07,1221,24,40,24,22,2,No,56
06-03-2026,R08,1694,12,71.8,24,22,2,No,77
06-03-2026,R09,653,34,51.4,24,22,2,No,30
06-03-2026,R10,1304,20,40,24,22,2,No,59
06-03-2026,R11,1257,8,70.9,24,22,2,No,57
06-03-2026,R12,2102,9,55,24,21,3,No,100
06-03-2026,R13,1082,28,40,24,22,2,No,49
06-03-2026,R14,749,21,60,24,21,3,No,36
06-03-2026,R15,840,17,64.2,24,23,1,No,37
06-03-2026,R16,603,22,70.7,24,22,2,No,27
06-03-2026,R17,1521,17,51.4,24,23,1,No,66
06-03-2026,R18,679,45,40,24,23,1,No,30
06-03-2026,R19,821,21,61.8,24,23,1,No,36
06-03-2026,R20,538,31,57.2,24,22,2,No,24
07-03-2026,R01,1092,24,46.7,18,17,1,Yes,64
07-03-2026,R02,874,8,73.3,18,17,1,Yes,51
07-03-2026,R03,1365,24,56.4,18,17,1,Yes,80
07-03-2026,R04,1116,20,46.7,18,16,2,Yes,70
07-03-2026,R05,969,15,40,18,16,2,Yes,61
07-03-2026,R06,719,21,66.4,18,17,1,Yes,42
07-03-2026,R07,932,16,54.3,18,17,1,Yes,55
07-03-2026,R08,928,10,76.5,18,16,2,Yes,58
07-03-2026,R09,437,20,71.4,18,17,1,Yes,26
07-03-2026,R10,963,15,53.8,18,16,2,Yes,60
07-03-2026,R11,933,16,41.8,18,15,3,Yes,62
07-03-2026,R12,1251,8,60,18,17,1,Yes,74
07-03-2026,R13,793,14,65,18,16,2,Yes,50
07-03-2026,R14,551,34,40,18,16,2,Yes,34
07-03-2026,R15,641,23,51.6,18,17,1,Yes,38
07-03-2026,R16,362,45,40,18,16,2,Yes,23
07-03-2026,R17,1016,8,77.1,18,16,2,Yes,64
07-03-2026,R18,400,44,40,18,17,1,Yes,24
07-03-2026,R19,530,37,40,18,16,2,Yes,33
07-03-2026,R20,326,49,40,18,17,1,Yes,19
08-03-2026,R01,1033,28,40,18,17,1,Yes,61
08-03-2026,R02,866,11,63.3,18,16,2,Yes,54
08-03-2026,R03,1476,14,74.5,18,16,2,Yes,92
08-03-2026,R04,1245,11,70.7,18,17,1,Yes,73
08-03-2026,R05,742,12,46.7,18,16,2,Yes,46
08-03-2026,R06,564,23,63.2,18,16,2,Yes,35
08-03-2026,R07,912,20,42.9,18,16,2,Yes,57
08-03-2026,R08,1169,16,62.4,18,15,3,Yes,78
08-03-2026,R09,483,22,68.6,18,17,1,Yes,28
08-03-2026,R10,1090,12,63.1,18,16,2,Yes,68
08-03-2026,R11,836,17,40,18,17,1,Yes,49
08-03-2026,R12,1214,11,45,18,17,1,Yes,71
08-03-2026,R13,682,28,40,18,16,2,Yes,43
08-03-2026,R14,597,23,56.2,18,17,1,Yes,35
08-03-2026,R15,520,26,45.3,18,16,2,Yes,32
08-03-2026,R16,390,26,65.3,18,17,1,Yes,23
08-03-2026,R17,978,12,65.7,18,15,3,Yes,65
08-03-2026,R18,518,23,64.6,18,17,1,Yes,30
08-03-2026,R19,600,22,60,18,16,2,Yes,38
08-03-2026,R20,338,23,68.3,18,17,1,Yes,20
09-03-2026,R01,1845,11,75.6,24,21,3,No,88
09-03-2026,R02,1416,17,43.3,24,21,3,No,67
09-03-2026,R03,1943,25,54.5,24,23,1,No,84
09-03-2026,R04,1887,24,40,24,22,2,No,86
09-03-2026,R05,1379,15,40,24,21,3,No,66
09-03-2026,R06,974,44,40,24,22,2,No,44
09-03-2026,R07,1109,17,51.4,24,22,2,No,50
09-03-2026,R08,1465,22,48.2,24,22,2,No,67
09-03-2026,R09,775,35,50,24,21,3,No,37
09-03-2026,R10,1370,21,40,24,23,1,No,60
09-03-2026,R11,1335,13,52.7,24,22,2,No,61
09-03-2026,R12,2111,10,50,24,23,1,No,92
09-03-2026,R13,1251,10,75,24,23,1,No,54
09-03-2026,R14,938,33,40,24,22,2,No,43
09-03-2026,R15,952,33,40,24,21,3,No,45
09-03-2026,R16,633,43,42.7,24,22,2,No,29
09-03-2026,R17,1344,24,40,24,22,2,No,61
09-03-2026,R18,659,44,40,24,23,1,No,29
09-03-2026,R19,942,36,40,24,21,3,No,45
09-03-2026,R20,548,31,57.2,24,22,2,No,25
10-03-2026,R01,2066,31,40,24,23,1,No,90
10-03-2026,R02,1288,21,40,24,22,2,No,59
10-03-2026,R03,1992,37,40,24,22,2,No,91
10-03-2026,R04,1860,24,40,24,23,1,No,81
10-03-2026,R05,1480,14,40,24,21,3,No,70
10-03-2026,R06,939,32,48.8,24,22,2,No,43
10-03-2026,R07,1247,19,45.7,24,22,2,No,57
10-03-2026,R08,1763,25,41.2,24,23,1,No,77
10-03-2026,R09,845,23,67.1,24,22,2,No,38
10-03-2026,R10,1529,16,50.8,24,22,2,No,70
10-03-2026,R11,1411,10,63.6,24,23,1,No,61
10-03-2026,R12,1903,8,60,24,23,1,No,83
10-03-2026,R13,1175,19,52.5,24,22,2,No,53
10-03-2026,R14,805,19,63.8,24,23,1,No,35
10-03-2026,R15,1021,16,66.3,24,22,2,No,46
10-03-2026,R16,616,38,49.3,24,22,2,No,28
10-03-2026,R17,1271,12,65.7,24,22,2,No,58
10-03-2026,R18,796,28,56.9,24,23,1,No,35
10-03-2026,R19,933,27,50.9,24,23,1,No,41
10-03-2026,R20,613,24,66.9,24,21,3,No,29
11-03-2026,R01,2038,16,64.4,24,22,2,No,93
11-03-2026,R02,1586,17,43.3,24,22,2,No,72
11-03-2026,R03,2115,31,43.6,24,23,1,No,92
11-03-2026,R04,1567,15,60,24,21,3,No,75
11-03-2026,R05,1522,6,73.3,24,23,1,No,66
11-03-2026,R06,1013,20,68,24,21,3,No,48
11-03-2026,R07,1417,11,68.6,24,22,2,No,64
11-03-2026,R08,1647,30,40,24,22,2,No,75
11-03-2026,R09,749,42,40,24,22,2,No,34
11-03-2026,R10,1687,17,47.7,24,21,3,No,80
11-03-2026,R11,1321,12,56.4,24,21,3,No,63
11-03-2026,R12,2082,6,70,24,23,1,No,91
11-03-2026,R13,1362,25,40,24,23,1,No,59
11-03-2026,R14,724,21,60,24,21,3,No,34
11-03-2026,R15,1009,23,51.6,24,23,1,No,44
11-03-2026,R16,541,40,46.7,24,22,2,No,25
11-03-2026,R17,1222,22,40,24,23,1,No,53
11-03-2026,R18,663,17,73.8,24,22,2,No,30
11-03-2026,R19,942,36,40,24,23,1,No,41
11-03-2026,R20,624,33,54.5,24,22,2,No,28
12-03-2026,R01,1962,19,57.8,24,22,2,No,89
12-03-2026,R02,1255,11,63.3,24,23,1,No,55
12-03-2026,R03,2281,23,58.2,24,21,3,No,109
12-03-2026,R04,1847,16,57.3,24,21,3,No,88
12-03-2026,R05,1359,11,51.1,24,22,2,No,62
12-03-2026,R06,863,19,69.6,24,21,3,No,41
12-03-2026,R07,1392,12,65.7,24,23,1,No,61
12-03-2026,R08,1692,11,74.1,24,22,2,No,77
12-03-2026,R09,806,49,40,24,22,2,No,37
12-03-2026,R10,1473,9,72.3,24,22,2,No,67
12-03-2026,R11,1402,18,40,24,21,3,No,67
12-03-2026,R12,1752,11,45,24,21,3,No,83
12-03-2026,R13,1336,18,55,24,21,3,No,64
12-03-2026,R14,916,32,40,24,23,1,No,40
12-03-2026,R15,1016,24,49.5,24,23,1,No,44
12-03-2026,R16,605,33,56,24,21,3,No,29
12-03-2026,R17,1353,9,74.3,24,23,1,No,59
12-03-2026,R18,730,33,49.2,24,23,1,No,32
12-03-2026,R19,936,35,40,24,21,3,No,45
12-03-2026,R20,568,27,62.8,24,23,1,No,25
13-03-2026,R01,1949,21,53.3,24,21,3,No,93
13-03-2026,R02,1565,19,40,24,23,1,No,68
13-03-2026,R03,2311,30,45.5,24,23,1,No,100
13-03-2026,R04,1903,11,70.7,24,22,2,No,86
13-03-2026,R05,1521,14,40,24,21,3,No,72
13-03-2026,R06,1010,18,71.2,24,21,3,No,48
13-03-2026,R07,1322,11,68.6,24,22,2,No,60
13-03-2026,R08,1554,24,43.5,24,23,1,No,68
13-03-2026,R09,775,38,45.7,24,21,3,No,37
13-03-2026,R10,1563,12,63.1,24,21,3,No,74
13-03-2026,R11,1230,14,49.1,24,22,2,No,56
13-03-2026,R12,2154,6,70,24,22,2,No,98
13-03-2026,R13,1294,26,40,24,22,2,No,59
13-03-2026,R14,850,31,41,24,22,2,No,39
13-03-2026,R15,834,19,60,24,23,1,No,36
13-03-2026,R16,566,46,40,24,23,1,No,25
13-03-2026,R17,1233,15,57.1,24,21,3,No,59
13-03-2026,R18,772,38,41.5,24,22,2,No,35
13-03-2026,R19,948,34,40,24,22,2,No,43
13-03-2026,R20,489,34,53.1,24,22,2,No,22
14-03-2026,R01,1148,30,40,18,17,1,Yes,68
14-03-2026,R02,1045,13,56.7,18,16,2,Yes,65
14-03-2026,R03,1236,24,56.4,18,17,1,Yes,73
14-03-2026,R04,937,19,49.3,18,16,2,Yes,59
14-03-2026,R05,891,7,68.9,18,17,1,Yes,52
14-03-2026,R06,613,15,76,18,17,1,Yes,36
14-03-2026,R07,714,12,65.7,18,17,1,Yes,42
14-03-2026,R08,1021,17,60,18,17,1,Yes,60
14-03-2026,R09,488,29,58.6,18,16,2,Yes,30
14-03-2026,R10,1095,12,63.1,18,15,3,Yes,73
14-03-2026,R11,851,19,40,18,15,3,Yes,57
14-03-2026,R12,1150,9,55,18,16,2,Yes,72
14-03-2026,R13,751,16,60,18,16,2,Yes,47
14-03-2026,R14,600,18,65.7,18,16,2,Yes,38
14-03-2026,R15,636,32,40,18,17,1,Yes,37
14-03-2026,R16,367,30,60,18,17,1,Yes,22
14-03-2026,R17,919,24,40,18,16,2,Yes,57
14-03-2026,R18,434,35,46.2,18,16,2,Yes,27
14-03-2026,R19,514,35,40,18,16,2,Yes,32
14-03-2026,R20,345,51,40,18,17,1,Yes,20
15-03-2026,R01,1113,25,44.4,18,16,2,Yes,70
15-03-2026,R02,853,8,73.3,18,17,1,Yes,50
15-03-2026,R03,1541,20,63.6,18,15,3,Yes,103
15-03-2026,R04,1231,12,68,18,17,1,Yes,72
15-03-2026,R05,969,5,77.8,18,17,1,Yes,57
15-03-2026,R06,660,17,72.8,18,17,1,Yes,39
15-03-2026,R07,854,9,74.3,18,16,2,Yes,53
15-03-2026,R08,1133,24,43.5,18,17,1,Yes,67
15-03-2026,R09,546,23,67.1,18,17,1,Yes,32
15-03-2026,R10,945,16,50.8,18,17,1,Yes,56
15-03-2026,R11,839,9,67.3,18,16,2,Yes,52
15-03-2026,R12,1139,8,60,18,17,1,Yes,67
15-03-2026,R13,714,22,45,18,16,2,Yes,45
15-03-2026,R14,587,29,44.8,18,17,1,Yes,35
15-03-2026,R15,568,23,51.6,18,16,2,Yes,36
15-03-2026,R16,410,42,44,18,16,2,Yes,26
15-03-2026,R17,961,11,68.6,18,16,2,Yes,60
15-03-2026,R18,495,29,55.4,18,17,1,Yes,29
15-03-2026,R19,569,32,41.8,18,16,2,Yes,36
15-03-2026,R20,383,32,55.9,18,16,2,Yes,24
16-03-2026,R01,1944,13,71.1,24,22,2,No,88
16-03-2026,R02,1398,17,43.3,24,23,1,No,61
16-03-2026,R03,2463,23,58.2,24,23,1,No,107
16-03-2026,R04,1862,15,60,24,21,3,No,89
16-03-2026,R05,1312,14,40,24,23,1,No,57
16-03-2026,R06,1084,35,44,24,21,3,No,52
16-03-2026,R07,1265,21,40,24,21,3,No,60
16-03-2026,R08,1401,25,41.2,24,21,3,No,67
16-03-2026,R09,696,21,70,24,22,2,No,32
16-03-2026,R10,1445,10,69.2,24,22,2,No,66
16-03-2026,R11,1405,15,45.5,24,23,1,No,61
16-03-2026,R12,2082,10,50,24,22,2,No,95
16-03-2026,R13,1187,24,40,24,22,2,No,54
16-03-2026,R14,831,33,40,24,21,3,No,40
16-03-2026,R15,852,25,47.4,24,23,1,No,37
16-03-2026,R16,568,33,56,24,23,1,No,25
16-03-2026,R17,1253,13,62.9,24,21,3,No,60
16-03-2026,R18,664,41,40,24,23,1,No,29
16-03-2026,R19,795,27,50.9,24,23,1,No,35
16-03-2026,R20,555,17,76.6,24,22,2,No,25
17-03-2026,R01,2077,14,68.9,24,21,3,No,99
17-03-2026,R02,1571,21,40,24,23,1,No,68
17-03-2026,R03,2399,17,69.1,24,23,1,No,104
17-03-2026,R04,1762,21,44,24,22,2,No,80
17-03-2026,R05,1539,14,40,24,23,1,No,67
17-03-2026,R06,1042,20,68,24,21,3,No,50
17-03-2026,R07,1385,11,68.6,24,21,3,No,66
17-03-2026,R08,1445,18,57.6,24,23,1,No,63
17-03-2026,R09,792,21,70,24,23,1,No,34
17-03-2026,R10,1643,20,40,24,22,2,No,75
17-03-2026,R11,1233,12,56.4,24,22,2,No,56
17-03-2026,R12,2163,12,40,24,21,3,No,103
17-03-2026,R13,1093,9,77.5,24,23,1,No,48
17-03-2026,R14,931,15,71.4,24,23,1,No,40
17-03-2026,R15,1010,11,76.8,24,23,1,No,44
17-03-2026,R16,539,31,58.7,24,22,2,No,24
17-03-2026,R17,1527,12,65.7,24,22,2,No,69
17-03-2026,R18,691,23,64.6,24,23,1,No,30
17-03-2026,R19,946,13,76.4,24,23,1,No,41
17-03-2026,R20,494,52,40,24,23,1,No,21
18-03-2026,R01,1853,23,48.9,24,21,3,No,88
18-03-2026,R02,1617,8,73.3,24,21,3,No,77
18-03-2026,R03,1983,22,60,24,21,3,No,94
18-03-2026,R04,1692,20,46.7,24,21,3,No,81
18-03-2026,R05,1388,12,46.7,24,21,3,No,66
18-03-2026,R06,945,22,64.8,24,22,2,No,43
18-03-2026,R07,1327,17,51.4,24,21,3,No,63
18-03-2026,R08,1692,21,50.6,24,22,2,No,77
18-03-2026,R09,656,29,58.6,24,22,2,No,30
18-03-2026,R10,1429,13,60,24,22,2,No,65
18-03-2026,R11,1197,15,45.5,24,21,3,No,57
18-03-2026,R12,1681,6,70,24,22,2,No,76
18-03-2026,R13,1338,23,42.5,24,21,3,No,64
18-03-2026,R14,793,13,75.2,24,21,3,No,38
18-03-2026,R15,950,23,51.6,24,22,2,No,43
18-03-2026,R16,664,34,54.7,24,23,1,No,29
18-03-2026,R17,1450,24,40,24,23,1,No,63
18-03-2026,R18,745,29,55.4,24,21,3,No,35
18-03-2026,R19,895,33,40,24,23,1,No,39
18-03-2026,R20,550,34,53.1,24,21,3,No,26
19-03-2026,R01,1640,29,40,24,23,1,No,71
19-03-2026,R02,1549,11,63.3,24,22,2,No,70
19-03-2026,R03,2083,17,69.1,24,22,2,No,95
19-03-2026,R04,1599,22,41.3,24,23,1,No,70
19-03-2026,R05,1223,12,46.7,24,22,2,No,56
19-03-2026,R06,908,43,40,24,21,3,No,43
19-03-2026,R07,1133,14,60,24,22,2,No,52
19-03-2026,R08,1689,29,40,24,23,1,No,73
19-03-2026,R09,683,46,40,24,21,3,No,33
19-03-2026,R10,1699,20,40,24,22,2,No,77
19-03-2026,R11,1183,14,49.1,24,23,1,No,51
19-03-2026,R12,2114,13,40,24,21,3,No,101
19-03-2026,R13,1273,19,52.5,24,23,1,No,55
19-03-2026,R14,883,32,40,24,22,2,No,40
19-03-2026,R15,841,17,64.2,24,21,3,No,40
19-03-2026,R16,595,32,57.3,24,21,3,No,28
19-03-2026,R17,1511,20,42.9,24,21,3,No,72
19-03-2026,R18,677,29,55.4,24,23,1,No,29
19-03-2026,R19,916,26,52.7,24,23,1,No,40
19-03-2026,R20,527,48,40,24,23,1,No,23
20-03-2026,R01,1837,16,64.4,24,23,1,No,80
20-03-2026,R02,1544,12,60,24,22,2,No,70
20-03-2026,R03,2181,24,56.4,24,21,3,No,104
20-03-2026,R04,1729,19,49.3,24,22,2,No,79
20-03-2026,R05,1324,12,46.7,24,23,1,No,58
20-03-2026,R06,979,44,40,24,22,2,No,44
20-03-2026,R07,1435,15,57.1,24,21,3,No,68
20-03-2026,R08,1455,30,40,24,21,3,No,69
20-03-2026,R09,655,45,40,24,23,1,No,28
20-03-2026,R10,1614,23,40,24,23,1,No,70
20-03-2026,R11,1172,15,45.5,24,22,2,No,53
20-03-2026,R12,2088,14,40,24,22,2,No,95
20-03-2026,R13,1229,23,42.5,24,22,2,No,56
20-03-2026,R14,803,13,75.2,24,23,1,No,35
20-03-2026,R15,1054,31,40,24,22,2,No,48
20-03-2026,R16,570,27,64,24,22,2,No,26
20-03-2026,R17,1557,20,42.9,24,22,2,No,71
20-03-2026,R18,658,37,43.1,24,23,1,No,29
20-03-2026,R19,866,23,58.2,24,23,1,No,38
20-03-2026,R20,574,47,40,24,21,3,No,27
21-03-2026,R01,1037,31,40,18,17,1,Yes,61
21-03-2026,R02,840,9,70,18,16,2,Yes,52
21-03-2026,R03,1439,27,50.9,18,16,2,Yes,90
21-03-2026,R04,940,19,49.3,18,16,2,Yes,59
21-03-2026,R05,1002,15,40,18,16,2,Yes,63
21-03-2026,R06,548,34,45.6,18,16,2,Yes,34
21-03-2026,R07,872,19,45.7,18,17,1,Yes,51
21-03-2026,R08,1164,15,64.7,18,16,2,Yes,73
21-03-2026,R09,548,18,74.3,18,17,1,Yes,32
21-03-2026,R10,1081,20,40,18,17,1,Yes,64
21-03-2026,R11,790,17,40,18,17,1,Yes,46
21-03-2026,R12,1196,13,40,18,17,1,Yes,70
21-03-2026,R13,674,26,40,18,16,2,Yes,42
21-03-2026,R14,587,22,58.1,18,16,2,Yes,37
21-03-2026,R15,694,28,41.1,18,16,2,Yes,43
21-03-2026,R16,341,48,40,18,16,2,Yes,21
21-03-2026,R17,831,23,40,18,17,1,Yes,49
21-03-2026,R18,454,35,46.2,18,15,3,Yes,30
21-03-2026,R19,611,29,47.3,18,17,1,Yes,36
21-03-2026,R20,395,49,40,18,16,2,Yes,25
22-03-2026,R01,1262,14,68.9,18,17,1,Yes,74
22-03-2026,R02,952,11,63.3,18,16,2,Yes,60
22-03-2026,R03,1415,13,76.4,18,17,1,Yes,83
22-03-2026,R04,1085,23,40,18,16,2,Yes,68
22-03-2026,R05,845,14,40,18,16,2,Yes,53
22-03-2026,R06,602,31,50.4,18,16,2,Yes,38
22-03-2026,R07,893,8,77.1,18,16,2,Yes,56
22-03-2026,R08,1067,11,74.1,18,15,3,Yes,71
22-03-2026,R09,467,36,48.6,18,17,1,Yes,27
22-03-2026,R10,933,19,41.5,18,16,2,Yes,58
22-03-2026,R11,796,19,40,18,16,2,Yes,50
22-03-2026,R12,1388,5,75,18,16,2,Yes,87
22-03-2026,R13,865,17,57.5,18,17,1,Yes,51
22-03-2026,R14,582,22,58.1,18,15,3,Yes,39
22-03-2026,R15,602,20,57.9,18,17,1,Yes,35
22-03-2026,R16,364,49,40,18,17,1,Yes,21
22-03-2026,R17,927,12,65.7,18,16,2,Yes,58
22-03-2026,R18,525,43,40,18,16,2,Yes,33
22-03-2026,R19,556,27,50.9,18,16,2,Yes,35
22-03-2026,R20,373,40,44.8,18,16,2,Yes,23
23-03-2026,R01,1776,15,66.7,24,23,1,No,77
23-03-2026,R02,1482,11,63.3,24,22,2,No,67
23-03-2026,R03,2457,36,40,24,21,3,No,117
23-03-2026,R04,1733,9,76,24,23,1,No,75
23-03-2026,R05,1522,12,46.7,24,23,1,No,66
23-03-2026,R06,1089,35,44,24,22,2,No,50
23-03-2026,R07,1153,14,60,24,22,2,No,52
23-03-2026,R08,1560,24,43.5,24,22,2,No,71
23-03-2026,R09,656,20,71.4,24,23,1,No,29
23-03-2026,R10,1530,16,50.8,24,22,2,No,70
23-03-2026,R11,1206,7,74.5,24,21,3,No,57
23-03-2026,R12,1927,8,60,24,21,3,No,92
23-03-2026,R13,1269,25,40,24,21,3,No,60
23-03-2026,R14,815,27,48.6,24,22,2,No,37
23-03-2026,R15,847,15,68.4,24,22,2,No,38
23-03-2026,R16,562,48,40,24,23,1,No,24
23-03-2026,R17,1477,19,45.7,24,23,1,No,64
23-03-2026,R18,731,26,60,24,22,2,No,33
23-03-2026,R19,964,14,74.5,24,23,1,No,42
23-03-2026,R20,492,49,40,24,22,2,No,22
24-03-2026,R01,1822,12,73.3,24,22,2,No,83
24-03-2026,R02,1478,20,40,24,21,3,No,70
24-03-2026,R03,2238,29,47.3,24,22,2,No,102
24-03-2026,R04,1884,21,44,24,21,3,No,90
24-03-2026,R05,1328,12,46.7,24,23,1,No,58
24-03-2026,R06,1064,41,40,24,22,2,No,48
24-03-2026,R07,1122,12,65.7,24,21,3,No,53
24-03-2026,R08,1530,20,52.9,24,21,3,No,73
24-03-2026,R09,744,27,61.4,24,22,2,No,34
24-03-2026,R10,1431,12,63.1,24,23,1,No,62
24-03-2026,R11,1228,15,45.5,24,21,3,No,58
24-03-2026,R12,1754,13,40,24,23,1,No,76
24-03-2026,R13,1333,10,75,24,21,3,No,63
24-03-2026,R14,876,17,67.6,24,22,2,No,40
24-03-2026,R15,829,30,40,24,22,2,No,38
24-03-2026,R16,588,45,40,24,23,1,No,26
24-03-2026,R17,1407,14,60,24,22,2,No,64
24-03-2026,R18,806,15,76.9,24,21,3,No,38
24-03-2026,R19,908,26,52.7,24,22,2,No,41
24-03-2026,R20,597,50,40,24,22,2,No,27
25-03-2026,R01,1962,24,46.7,24,21,3,No,93
25-03-2026,R02,1328,13,56.7,24,21,3,No,63
25-03-2026,R03,2449,29,47.3,24,23,1,No,106
25-03-2026,R04,1839,9,76,24,21,3,No,88
25-03-2026,R05,1318,15,40,24,22,2,No,60
25-03-2026,R06,1009,36,42.4,24,22,2,No,46
25-03-2026,R07,1104,25,40,24,21,3,No,53
25-03-2026,R08,1537,20,52.9,24,22,2,No,70
25-03-2026,R09,734,27,61.4,24,23,1,No,32
25-03-2026,R10,1522,14,56.9,24,23,1,No,66
25-03-2026,R11,1382,16,41.8,24,22,2,No,63
25-03-2026,R12,1892,6,70,24,22,2,No,86
25-03-2026,R13,1150,11,72.5,24,23,1,No,50
25-03-2026,R14,852,17,67.6,24,22,2,No,39
25-03-2026,R15,961,26,45.3,24,21,3,No,46
25-03-2026,R16,614,46,40,24,23,1,No,27
25-03-2026,R17,1566,21,40,24,23,1,No,68
25-03-2026,R18,741,31,52.3,24,22,2,No,34
25-03-2026,R19,822,39,40,24,23,1,No,36
25-03-2026,R20,545,38,47.6,24,21,3,No,26
26-03-2026,R01,1865,14,68.9,24,21,3,No,89
26-03-2026,R02,1373,14,53.3,24,23,1,No,60
26-03-2026,R03,2444,37,40,24,23,1,No,106
26-03-2026,R04,1629,11,70.7,24,23,1,No,71
26-03-2026,R05,1326,14,40,24,22,2,No,60
26-03-2026,R06,1048,25,60,24,22,2,No,48
26-03-2026,R07,1342,16,54.3,24,22,2,No,61
26-03-2026,R08,1790,24,43.5,24,23,1,No,78
26-03-2026,R09,803,39,44.3,24,23,1,No,35
26-03-2026,R10,1676,21,40,24,23,1,No,73
26-03-2026,R11,1410,10,63.6,24,23,1,No,61
26-03-2026,R12,1676,10,50,24,23,1,No,73
26-03-2026,R13,1095,14,65,24,22,2,No,50
26-03-2026,R14,788,18,65.7,24,21,3,No,38
26-03-2026,R15,1080,29,40,24,21,3,No,51
26-03-2026,R16,658,50,40,24,21,3,No,31
26-03-2026,R17,1230,17,51.4,24,21,3,No,59
26-03-2026,R18,716,43,40,24,22,2,No,33
26-03-2026,R19,859,38,40,24,22,2,No,39
26-03-2026,R20,590,43,40.7,24,21,3,No,28
27-03-2026,R01,1943,24,46.7,24,23,1,No,84
27-03-2026,R02,1467,20,40,24,23,1,No,64
27-03-2026,R03,2312,17,69.1,24,23,1,No,101
27-03-2026,R04,1928,24,40,24,21,3,No,92
27-03-2026,R05,1218,11,51.1,24,21,3,No,58
27-03-2026,R06,864,17,72.8,24,22,2,No,39
27-03-2026,R07,1412,15,57.1,24,22,2,No,64
27-03-2026,R08,1594,13,69.4,24,23,1,No,69
27-03-2026,R09,756,29,58.6,24,22,2,No,34
27-03-2026,R10,1475,14,56.9,24,23,1,No,64
27-03-2026,R11,1360,8,70.9,24,21,3,No,65
27-03-2026,R12,2035,9,55,24,22,2,No,92
27-03-2026,R13,1373,16,60,24,23,1,No,60
27-03-2026,R14,859,33,40,24,22,2,No,39
27-03-2026,R15,1016,31,40,24,22,2,No,46
27-03-2026,R16,561,31,58.7,24,22,2,No,26
27-03-2026,R17,1385,23,40,24,21,3,No,66
27-03-2026,R18,676,23,64.6,24,21,3,No,32
27-03-2026,R19,768,22,60,24,22,2,No,35
27-03-2026,R20,566,26,64.1,24,23,1,No,25
28-03-2026,R01,1053,25,44.4,18,16,2,Yes,66
28-03-2026,R02,1060,16,46.7,18,16,2,Yes,66
28-03-2026,R03,1616,26,52.7,18,16,2,Yes,101
28-03-2026,R04,1238,24,40,18,16,2,Yes,77
28-03-2026,R05,846,11,51.1,18,16,2,Yes,53
28-03-2026,R06,603,31,50.4,18,16,2,Yes,38
28-03-2026,R07,780,24,40,18,17,1,Yes,46
28-03-2026,R08,916,18,57.6,18,17,1,Yes,54
28-03-2026,R09,516,46,40,18,16,2,Yes,32
28-03-2026,R10,952,23,40,18,16,2,Yes,60
28-03-2026,R11,866,8,70.9,18,16,2,Yes,54
28-03-2026,R12,1329,12,40,18,16,2,Yes,83
28-03-2026,R13,726,26,40,18,16,2,Yes,45
28-03-2026,R14,457,16,69.5,18,17,1,Yes,27
28-03-2026,R15,692,25,47.4,18,17,1,Yes,41
28-03-2026,R16,414,40,46.7,18,16,2,Yes,26
28-03-2026,R17,1016,22,40,18,16,2,Yes,64
28-03-2026,R18,497,41,40,18,17,1,Yes,29
28-03-2026,R19,578,34,40,18,17,1,Yes,34
28-03-2026,R20,327,39,46.2,18,16,2,Yes,20
29-03-2026,R01,1035,13,71.1,18,17,1,Yes,61
29-03-2026,R02,784,20,40,18,16,2,Yes,49
29-03-2026,R03,1386,19,65.5,18,17,1,Yes,82
29-03-2026,R04,997,10,73.3,18,17,1,Yes,59
29-03-2026,R05,878,8,64.4,18,17,1,Yes,52
29-03-2026,R06,627,35,44,18,16,2,Yes,39
29-03-2026,R07,781,9,74.3,18,15,3,Yes,52
29-03-2026,R08,1081,17,60,18,17,1,Yes,64
29-03-2026,R09,466,25,64.3,18,16,2,Yes,29
29-03-2026,R10,1055,19,41.5,18,17,1,Yes,62
29-03-2026,R11,968,7,74.5,18,17,1,Yes,57
29-03-2026,R12,1124,9,55,18,16,2,Yes,70
29-03-2026,R13,696,16,60,18,16,2,Yes,44
29-03-2026,R14,611,25,52.4,18,16,2,Yes,38
29-03-2026,R15,578,21,55.8,18,17,1,Yes,34
29-03-2026,R16,389,27,64,18,17,1,Yes,23
29-03-2026,R17,998,15,57.1,18,16,2,Yes,62
29-03-2026,R18,492,19,70.8,18,16,2,Yes,31
29-03-2026,R19,539,27,50.9,18,17,1,Yes,32
29-03-2026,R20,313,32,55.9,18,17,1,Yes,18
30-03-2026,R01,1957,19,57.8,24,23,1,No,85
30-03-2026,R02,1437,9,70,24,23,1,No,62
30-03-2026,R03,2136,21,61.8,24,21,3,No,102
30-03-2026,R04,1884,17,54.7,24,23,1,No,82
30-03-2026,R05,1353,13,42.2,24,22,2,No,62
30-03-2026,R06,933,26,58.4,24,22,2,No,42
30-03-2026,R07,1369,21,40,24,22,2,No,62
30-03-2026,R08,1741,30,40,24,22,2,No,79
30-03-2026,R09,840,31,55.7,24,22,2,No,38
30-03-2026,R10,1579,22,40,24,23,1,No,69
30-03-2026,R11,1455,6,78.2,24,21,3,No,69
30-03-2026,R12,2010,10,50,24,21,3,No,96
30-03-2026,R13,1187,27,40,24,22,2,No,54
30-03-2026,R14,833,14,73.3,24,22,2,No,38
30-03-2026,R15,876,11,76.8,24,21,3,No,42
30-03-2026,R16,559,21,72,24,23,1,No,24
30-03-2026,R17,1250,15,57.1,24,22,2,No,57
30-03-2026,R18,731,42,40,24,21,3,No,35
30-03-2026,R19,829,36,40,24,23,1,No,36
30-03-2026,R20,554,36,50.3,24,22,2,No,25
31-03-2026,R01,1632,13,71.1,24,21,3,No,78
31-03-2026,R02,1258,12,60,24,22,2,No,57
31-03-2026,R03,2292,38,40,24,22,2,No,104
31-03-2026,R04,1683,22,41.3,24,23,1,No,73
31-03-2026,R05,1328,8,64.4,24,23,1,No,58
31-03-2026,R06,1015,29,53.6,24,22,2,No,46
31-03-2026,R07,1131,17,51.4,24,21,3,No,54
31-03-2026,R08,1426,25,41.2,24,23,1,No,62
31-03-2026,R09,837,45,40,24,22,2,No,38
31-03-2026,R10,1611,12,63.1,24,23,1,No,70
31-03-2026,R11,1390,18,40,24,23,1,No,60
31-03-2026,R12,2075,9,55,24,22,2,No,94
31-03-2026,R13,1186,11,72.5,24,23,1,No,52
31-03-2026,R14,898,17,67.6,24,22,2,No,41
31-03-2026,R15,896,27,43.2,24,22,2,No,41
31-03-2026,R16,699,52,40,24,22,2,No,32
31-03-2026,R17,1286,12,65.7,24,21,3,No,61
31-03-2026,R18,751,37,43.1,24,22,2,No,34
31-03-2026,R19,933,17,69.1,24,22,2,No,42
31-03-2026,R20,517,33,54.5,24,22,2,No,24
01-04-2026,R01,1884,32,40,24,23,1,No,82
01-04-2026,R02,1473,18,40,24,22,2,No,67
01-04-2026,R03,2437,38,40,24,21,3,No,116
01-04-2026,R04,1695,23,40,24,22,2,No,77
01-04-2026,R05,1240,8,64.4,24,21,3,No,59
01-04-2026,R06,891,40,40,24,21,3,No,42
01-04-2026,R07,1176,8,77.1,24,23,1,No,51
01-04-2026,R08,1795,11,74.1,24,22,2,No,82
01-04-2026,R09,765,44,40,24,22,2,No,35
01-04-2026,R10,1421,12,63.1,24,23,1,No,62
01-04-2026,R11,1317,11,60,24,21,3,No,63
01-04-2026,R12,1974,12,40,24,22,2,No,90
01-04-2026,R13,1090,20,50,24,21,3,No,52
01-04-2026,R14,761,21,60,24,21,3,No,36
01-04-2026,R15,1043,29,40,24,22,2,No,47
01-04-2026,R16,605,26,65.3,24,22,2,No,28
01-04-2026,R17,1243,23,40,24,23,1,No,54
01-04-2026,R18,657,43,40,24,21,3,No,31
01-04-2026,R19,973,28,49.1,24,21,3,No,46
01-04-2026,R20,519,25,65.5,24,22,2,No,24
02-04-2026,R01,1862,25,44.4,24,21,3,No,89
02-04-2026,R02,1463,9,70,24,22,2,No,66
02-04-2026,R03,2418,28,49.1,24,23,1,No,105
02-04-2026,R04,1889,9,76,24,21,3,No,90
02-04-2026,R05,1353,15,40,24,23,1,No,59
02-04-2026,R06,874,39,40,24,22,2,No,40
02-04-2026,R07,1254,18,48.6,24,22,2,No,57
02-04-2026,R08,1763,24,43.5,24,22,2,No,80
02-04-2026,R09,676,37,47.1,24,22,2,No,31
02-04-2026,R10,1571,13,60,24,22,2,No,71
02-04-2026,R11,1270,15,45.5,24,21,3,No,60
02-04-2026,R12,1952,13,40,24,22,2,No,89
02-04-2026,R13,1069,19,52.5,24,23,1,No,46
02-04-2026,R14,856,36,40,24,22,2,No,39
02-04-2026,R15,942,19,60,24,23,1,No,41
02-04-2026,R16,682,35,53.3,24,23,1,No,30
02-04-2026,R17,1566,17,51.4,24,22,2,No,71
02-04-2026,R18,694,31,52.3,24,23,1,No,30
02-04-2026,R19,830,22,60,24,21,3,No,40
02-04-2026,R20,624,23,68.3,24,23,1,No,27
03-04-2026,R01,1799,26,42.2,24,23,1,No,78
03-04-2026,R02,1544,14,53.3,24,23,1,No,67
03-04-2026,R03,2140,29,47.3,24,21,3,No,102
03-04-2026,R04,1551,9,76,24,21,3,No,74
03-04-2026,R05,1455,6,73.3,24,23,1,No,63
03-04-2026,R06,1073,27,56.8,24,22,2,No,49
03-04-2026,R07,1200,19,45.7,24,21,3,No,57
03-04-2026,R08,1515,10,76.5,24,23,1,No,66
03-04-2026,R09,686,25,64.3,24,23,1,No,30
03-04-2026,R10,1552,23,40,24,23,1,No,67
03-04-2026,R11,1390,18,40,24,23,1,No,60
03-04-2026,R12,1843,10,50,24,23,1,No,80
03-04-2026,R13,1242,27,40,24,21,3,No,59
03-04-2026,R14,883,25,52.4,24,21,3,No,42
03-04-2026,R15,982,31,40,24,21,3,No,47
03-04-2026,R16,616,51,40,24,23,1,No,27
03-04-2026,R17,1390,21,40,24,21,3,No,66
03-04-2026,R18,803,29,55.4,24,23,1,No,35
03-04-2026,R19,795,24,56.4,24,21,3,No,38
03-04-2026,R20,519,52,40,24,22,2,No,24
04-04-2026,R01,1269,22,51.1,18,17,1,Yes,75
04-04-2026,R02,835,14,53.3,18,17,1,Yes,49
04-04-2026,R03,1276,28,49.1,18,17,1,Yes,75
04-04-2026,R04,1139,22,41.3,18,17,1,Yes,67
04-04-2026,R05,980,9,60,18,16,2,Yes,61
04-04-2026,R06,562,23,63.2,18,16,2,Yes,35
04-04-2026,R07,771,11,68.6,18,16,2,Yes,48
04-04-2026,R08,1052,15,64.7,18,16,2,Yes,66
04-04-2026,R09,516,21,70,18,16,2,Yes,32
04-04-2026,R10,878,15,53.8,18,17,1,Yes,52
04-04-2026,R11,731,19,40,18,15,3,Yes,49
04-04-2026,R12,1184,7,65,18,16,2,Yes,74
04-04-2026,R13,864,16,60,18,16,2,Yes,54
04-04-2026,R14,539,20,61.9,18,16,2,Yes,34
04-04-2026,R15,701,18,62.1,18,16,2,Yes,44
04-04-2026,R16,385,44,41.3,18,16,2,Yes,24
04-04-2026,R17,760,8,77.1,18,17,1,Yes,45
04-04-2026,R18,411,45,40,18,16,2,Yes,26
04-04-2026,R19,473,17,69.1,18,16,2,Yes,30
04-04-2026,R20,410,49,40,18,17,1,Yes,24
05-04-2026,R01,1383,22,51.1,18,16,2,Yes,86
05-04-2026,R02,973,18,40,18,17,1,Yes,57
05-04-2026,R03,1244,35,40,18,17,1,Yes,73
05-04-2026,R04,1061,11,70.7,18,16,2,Yes,66
05-04-2026,R05,744,9,60,18,17,1,Yes,44
05-04-2026,R06,717,40,40,18,16,2,Yes,45
05-04-2026,R07,794,17,51.4,18,16,2,Yes,50
05-04-2026,R08,976,17,60,18,16,2,Yes,61
05-04-2026,R09,510,41,41.4,18,16,2,Yes,32
05-04-2026,R10,952,11,66.2,18,17,1,Yes,56
05-04-2026,R11,876,12,56.4,18,17,1,Yes,52
05-04-2026,R12,1191,11,45,18,16,2,Yes,74
05-04-2026,R13,812,23,42.5,18,16,2,Yes,51
05-04-2026,R14,554,15,71.4,18,15,3,Yes,37
05-04-2026,R15,519,20,57.9,18,16,2,Yes,32
05-04-2026,R16,342,39,48,18,17,1,Yes,20
05-04-2026,R17,777,23,40,18,17,1,Yes,46
05-04-2026,R18,435,46,40,18,17,1,Yes,26
05-04-2026,R19,574,20,63.6,18,16,2,Yes,36
05-04-2026,R20,392,33,54.5,18,16,2,Yes,24
06-04-2026,R01,1923,27,40,24,23,1,No,84
06-04-2026,R02,1308,20,40,24,21,3,No,62
06-04-2026,R03,2271,16,70.9,24,22,2,No,103
06-04-2026,R04,1901,21,44,24,21,3,No,91
06-04-2026,R05,1203,14,40,24,22,2,No,55
06-04-2026,R06,882,20,68,24,21,3,No,42
06-04-2026,R07,1313,12,65.7,24,23,1,No,57
06-04-2026,R08,1605,12,71.8,24,21,3,No,76
06-04-2026,R09,687,42,40,24,22,2,No,31
06-04-2026,R10,1321,19,41.5,24,21,3,No,63
06-04-2026,R11,1184,12,56.4,24,21,3,No,56
06-04-2026,R12,1997,12,40,24,22,2,No,91
06-04-2026,R13,1066,20,50,24,23,1,No,46
06-04-2026,R14,893,31,41,24,21,3,No,43
06-04-2026,R15,1071,27,43.2,24,23,1,No,47
06-04-2026,R16,557,37,50.7,24,23,1,No,24
06-04-2026,R17,1584,9,74.3,24,22,2,No,72
06-04-2026,R18,792,35,46.2,24,23,1,No,34
06-04-2026,R19,907,21,61.8,24,21,3,No,43
06-04-2026,R20,611,30,58.6,24,23,1,No,27
07-04-2026,R01,1961,19,57.8,24,21,3,No,93
07-04-2026,R02,1469,19,40,24,21,3,No,70
07-04-2026,R03,2227,17,69.1,24,23,1,No,97
07-04-2026,R04,1664,21,44,24,22,2,No,76
07-04-2026,R05,1488,11,51.1,24,23,1,No,65
07-04-2026,R06,1112,19,69.6,24,22,2,No,51
07-04-2026,R07,1119,8,77.1,24,23,1,No,49
07-04-2026,R08,1765,19,55.3,24,23,1,No,77
07-04-2026,R09,655,27,61.4,24,23,1,No,28
07-04-2026,R10,1506,12,63.1,24,23,1,No,65
07-04-2026,R11,1205,13,52.7,24,22,2,No,55
07-04-2026,R12,2082,13,40,24,23,1,No,91
07-04-2026,R13,1205,21,47.5,24,21,3,No,57
07-04-2026,R14,725,22,58.1,24,23,1,No,32
07-04-2026,R15,1008,23,51.6,24,21,3,No,48
07-04-2026,R16,575,47,40,24,21,3,No,27
07-04-2026,R17,1232,15,57.1,24,21,3,No,59
07-04-2026,R18,780,45,40,24,21,3,No,37
07-04-2026,R19,764,32,41.8,24,22,2,No,35
07-04-2026,R20,527,43,40.7,24,22,2,No,24
08-04-2026,R01,1949,30,40,24,21,3,No,93
08-04-2026,R02,1405,16,46.7,24,21,3,No,67
08-04-2026,R03,2055,16,70.9,24,22,2,No,93
08-04-2026,R04,1845,22,41.3,24,21,3,No,88
08-04-2026,R05,1449,9,60,24,22,2,No,66
08-04-2026,R06,996,31,50.4,24,22,2,No,45
08-04-2026,R07,1116,12,65.7,24,21,3,No,53
08-04-2026,R08,1495,18,57.6,24,22,2,No,68
08-04-2026,R09,652,38,45.7,24,22,2,No,30
08-04-2026,R10,1650,11,66.2,24,22,2,No,75
08-04-2026,R11,1284,7,74.5,24,23,1,No,56
08-04-2026,R12,1865,9,55,24,22,2,No,85
08-04-2026,R13,1157,19,52.5,24,22,2,No,53
08-04-2026,R14,913,36,40,24,21,3,No,43
08-04-2026,R15,1073,19,60,24,23,1,No,47
08-04-2026,R16,632,52,40,24,23,1,No,27
08-04-2026,R17,1530,17,51.4,24,21,3,No,73
08-04-2026,R18,756,23,64.6,24,23,1,No,33
08-04-2026,R19,759,34,40,24,22,2,No,34
08-04-2026,R20,535,43,40.7,24,23,1,No,23
09-04-2026,R01,1911,29,40,24,22,2,No,87
09-04-2026,R02,1331,9,70,24,23,1,No,58
09-04-2026,R03,2512,17,69.1,24,22,2,No,114
09-04-2026,R04,1774,19,49.3,24,23,1,No,77
09-04-2026,R05,1193,12,46.7,24,21,3,No,57
09-04-2026,R06,1078,19,69.6,24,23,1,No,47
09-04-2026,R07,1114,9,74.3,24,23,1,No,48
09-04-2026,R08,1440,28,40,24,21,3,No,69
09-04-2026,R09,731,47,40,24,22,2,No,33
09-04-2026,R10,1700,11,66.2,24,22,2,No,77
09-04-2026,R11,1367,10,63.6,24,23,1,No,59
09-04-2026,R12,1666,11,45,24,21,3,No,79
09-04-2026,R13,1276,22,45,24,23,1,No,55
09-04-2026,R14,897,22,58.1,24,23,1,No,39
09-04-2026,R15,848,15,68.4,24,21,3,No,40
09-04-2026,R16,663,40,46.7,24,21,3,No,32
09-04-2026,R17,1240,8,77.1,24,22,2,No,56
09-04-2026,R18,659,23,64.6,24,21,3,No,31
09-04-2026,R19,786,14,74.5,24,23,1,No,34
09-04-2026,R20,570,28,61.4,24,22,2,No,26
10-04-2026,R01,2084,19,57.8,24,23,1,No,91
10-04-2026,R02,1458,11,63.3,24,23,1,No,63
10-04-2026,R03,2248,30,45.5,24,23,1,No,98
10-04-2026,R04,1629,18,52,24,23,1,No,71
10-04-2026,R05,1390,5,77.8,24,22,2,No,63
10-04-2026,R06,927,32,48.8,24,22,2,No,42
10-04-2026,R07,1305,12,65.7,24,21,3,No,62
10-04-2026,R08,1628,21,50.6,24,21,3,No,78
10-04-2026,R09,836,19,72.9,24,21,3,No,40
10-04-2026,R10,1628,14,56.9,24,23,1,No,71
10-04-2026,R11,1382,11,60,24,23,1,No,60
10-04-2026,R12,1969,7,65,24,21,3,No,94
10-04-2026,R13,1345,17,57.5,24,22,2,No,61
10-04-2026,R14,763,15,71.4,24,21,3,No,36
10-04-2026,R15,900,18,62.1,24,22,2,No,41
10-04-2026,R16,590,26,65.3,24,22,2,No,27
10-04-2026,R17,1446,22,40,24,22,2,No,66
10-04-2026,R18,719,30,53.8,24,22,2,No,33
10-04-2026,R19,811,16,70.9,24,23,1,No,35
10-04-2026,R20,530,33,54.5,24,21,3,No,25
11-04-2026,R01,1026,24,46.7,18,17,1,Yes,60
11-04-2026,R02,967,14,53.3,18,17,1,Yes,57
11-04-2026,R03,1624,18,67.3,18,16,2,Yes,102
11-04-2026,R04,1219,21,44,18,16,2,Yes,76
11-04-2026,R05,979,13,42.2,18,16,2,Yes,61
11-04-2026,R06,703,21,66.4,18,16,2,Yes,44
11-04-2026,R07,781,16,54.3,18,15,3,Yes,52
11-04-2026,R08,1161,14,67.1,18,15,3,Yes,77
11-04-2026,R09,497,20,71.4,18,16,2,Yes,31
11-04-2026,R10,962,18,44.6,18,16,2,Yes,60
11-04-2026,R11,812,13,52.7,18,17,1,Yes,48
11-04-2026,R12,1062,6,70,18,15,3,Yes,71
11-04-2026,R13,881,14,65,18,17,1,Yes,52
11-04-2026,R14,493,26,50.5,18,16,2,Yes,31
11-04-2026,R15,664,14,70.5,18,16,2,Yes,42
11-04-2026,R16,423,53,40,18,17,1,Yes,25
11-04-2026,R17,894,22,40,18,16,2,Yes,56
11-04-2026,R18,530,33,49.2,18,16,2,Yes,33
11-04-2026,R19,470,39,40,18,17,1,Yes,28
11-04-2026,R20,328,32,55.9,18,17,1,Yes,19
12-04-2026,R01,1064,20,55.6,18,17,1,Yes,63
12-04-2026,R02,1026,9,70,18,17,1,Yes,60
12-04-2026,R03,1377,16,70.9,18,16,2,Yes,86
12-04-2026,R04,1000,16,57.3,18,16,2,Yes,62
12-04-2026,R05,940,12,46.7,18,15,3,Yes,63
12-04-2026,R06,686,24,61.6,18,17,1,Yes,40
12-04-2026,R07,900,23,40,18,16,2,Yes,56
12-04-2026,R08,916,25,41.2,18,16,2,Yes,57
12-04-2026,R09,505,33,52.9,18,16,2,Yes,32
12-04-2026,R10,1037,14,56.9,18,16,2,Yes,65
12-04-2026,R11,763,19,40,18,16,2,Yes,48
12-04-2026,R12,1095,10,50,18,17,1,Yes,64
12-04-2026,R13,897,25,40,18,17,1,Yes,53
12-04-2026,R14,475,35,40,18,17,1,Yes,28
12-04-2026,R15,607,26,45.3,18,17,1,Yes,36
12-04-2026,R16,344,47,40,18,16,2,Yes,22
12-04-2026,R17,1025,24,40,18,16,2,Yes,64
12-04-2026,R18,396,22,66.2,18,17,1,Yes,23
12-04-2026,R19,587,26,52.7,18,17,1,Yes,35
12-04-2026,R20,408,30,58.6,18,16,2,Yes,26
13-04-2026,R01,1923,16,64.4,24,22,2,No,87
13-04-2026,R02,1621,18,40,24,22,2,No,74
13-04-2026,R03,2075,38,40,24,22,2,No,94
13-04-2026,R04,1701,22,41.3,24,22,2,No,77
13-04-2026,R05,1309,7,68.9,24,23,1,No,57
13-04-2026,R06,1001,20,68,24,23,1,No,44
13-04-2026,R07,1422,17,51.4,24,22,2,No,65
13-04-2026,R08,1632,23,45.9,24,22,2,No,74
13-04-2026,R09,711,25,64.3,24,22,2,No,32
13-04-2026,R10,1317,20,40,24,23,1,No,57
13-04-2026,R11,1170,6,78.2,24,22,2,No,53
13-04-2026,R12,1732,5,75,24,23,1,No,75
13-04-2026,R13,1368,20,50,24,22,2,No,62
13-04-2026,R14,854,30,42.9,24,21,3,No,41
13-04-2026,R15,917,33,40,24,23,1,No,40
13-04-2026,R16,560,43,42.7,24,21,3,No,27
13-04-2026,R17,1556,10,71.4,24,21,3,No,74
13-04-2026,R18,793,39,40,24,23,1,No,34
13-04-2026,R19,961,31,43.6,24,23,1,No,42
13-04-2026,R20,532,30,58.6,24,21,3,No,25
14-04-2026,R01,1780,27,40,24,22,2,No,81
14-04-2026,R02,1394,20,40,24,22,2,No,63
14-04-2026,R03,2305,24,56.4,24,21,3,No,110
14-04-2026,R04,1903,18,52,24,21,3,No,91
14-04-2026,R05,1446,5,77.8,24,21,3,No,69
14-04-2026,R06,1015,24,61.6,24,23,1,No,44
14-04-2026,R07,1177,8,77.1,24,22,2,No,54
14-04-2026,R08,1535,11,74.1,24,23,1,No,67
14-04-2026,R09,837,41,41.4,24,22,2,No,38
14-04-2026,R10,1435,22,40,24,22,2,No,65
14-04-2026,R11,1453,6,78.2,24,22,2,No,66
14-04-2026,R12,1841,5,75,24,22,2,No,84
14-04-2026,R13,1201,14,65,24,22,2,No,55
14-04-2026,R14,761,35,40,24,22,2,No,35
14-04-2026,R15,1043,16,66.3,24,23,1,No,45
14-04-2026,R16,691,28,62.7,24,21,3,No,33
14-04-2026,R17,1586,11,68.6,24,23,1,No,69
14-04-2026,R18,723,18,72.3,24,22,2,No,33
14-04-2026,R19,910,15,72.7,24,23,1,No,40
14-04-2026,R20,511,36,50.3,24,21,3,No,24
15-04-2026,R01,2002,14,68.9,24,22,2,No,91
15-04-2026,R02,1620,17,43.3,24,23,1,No,70
15-04-2026,R03,1996,14,74.5,24,23,1,No,87
15-04-2026,R04,1580,9,76,24,21,3,No,75
15-04-2026,R05,1334,7,68.9,24,23,1,No,58
15-04-2026,R06,1085,22,64.8,24,22,2,No,49
15-04-2026,R07,1175,22,40,24,22,2,No,53
15-04-2026,R08,1731,25,41.2,24,22,2,No,79
15-04-2026,R09,791,18,74.3,24,21,3,No,38
15-04-2026,R10,1491,9,72.3,24,21,3,No,71
15-04-2026,R11,1460,11,60,24,23,1,No,63
15-04-2026,R12,1762,10,50,24,22,2,No,80
15-04-2026,R13,1377,21,47.5,24,23,1,No,60
15-04-2026,R14,862,33,40,24,22,2,No,39
15-04-2026,R15,1057,15,68.4,24,22,2,No,48
15-04-2026,R16,565,41,45.3,24,22,2,No,26
15-04-2026,R17,1245,10,71.4,24,23,1,No,54
15-04-2026,R18,689,26,60,24,21,3,No,33
15-04-2026,R19,973,14,74.5,24,23,1,No,42
15-04-2026,R20,577,30,58.6,24,23,1,No,25
16-04-2026,R01,1945,20,55.6,24,21,3,No,93
16-04-2026,R02,1335,19,40,24,22,2,No,61
16-04-2026,R03,2026,37,40,24,21,3,No,96
16-04-2026,R04,1814,20,46.7,24,21,3,No,86
16-04-2026,R05,1478,8,64.4,24,22,2,No,67
16-04-2026,R06,1123,44,40,24,23,1,No,49
16-04-2026,R07,1274,15,57.1,24,21,3,No,61
16-04-2026,R08,1661,29,40,24,22,2,No,76
16-04-2026,R09,790,21,70,24,22,2,No,36
16-04-2026,R10,1648,17,47.7,24,21,3,No,78
16-04-2026,R11,1203,19,40,24,22,2,No,55
16-04-2026,R12,1682,4,80,24,21,3,No,80
16-04-2026,R13,1182,19,52.5,24,23,1,No,51
16-04-2026,R14,855,34,40,24,23,1,No,37
16-04-2026,R15,916,16,66.3,24,22,2,No,42
16-04-2026,R16,701,29,61.3,24,23,1,No,30
16-04-2026,R17,1348,14,60,24,21,3,No,64
16-04-2026,R18,713,18,72.3,24,22,2,No,32
16-04-2026,R19,759,19,65.5,24,21,3,No,36
16-04-2026,R20,629,38,47.6,24,23,1,No,27
17-04-2026,R01,1845,16,64.4,24,23,1,No,80
17-04-2026,R02,1612,20,40,24,23,1,No,70
17-04-2026,R03,2466,33,40,24,22,2,No,112
17-04-2026,R04,1721,15,60,24,21,3,No,82
17-04-2026,R05,1387,10,55.6,24,22,2,No,63
17-04-2026,R06,900,39,40,24,21,3,No,43
17-04-2026,R07,1238,9,74.3,24,23,1,No,54
17-04-2026,R08,1547,23,45.9,24,21,3,No,74
17-04-2026,R09,783,36,48.6,24,22,2,No,36
17-04-2026,R10,1701,21,40,24,21,3,No,81
17-04-2026,R11,1491,15,45.5,24,23,1,No,65
17-04-2026,R12,1931,5,75,24,23,1,No,84
17-04-2026,R13,1158,13,67.5,24,23,1,No,50
17-04-2026,R14,939,17,67.6,24,23,1,No,41
17-04-2026,R15,932,14,70.5,24,21,3,No,44
17-04-2026,R16,652,37,50.7,24,21,3,No,31
17-04-2026,R17,1268,18,48.6,24,22,2,No,58
17-04-2026,R18,672,20,69.2,24,21,3,No,32
17-04-2026,R19,903,21,61.8,24,23,1,No,39
17-04-2026,R20,507,20,72.4,24,22,2,No,23
18-04-2026,R01,1060,21,53.3,18,17,1,Yes,62
18-04-2026,R02,1030,21,40,18,17,1,Yes,61
18-04-2026,R03,1212,35,40,18,17,1,Yes,71
18-04-2026,R04,927,17,54.7,18,16,2,Yes,58
18-04-2026,R05,895,5,77.8,18,17,1,Yes,53
18-04-2026,R06,734,40,40,18,17,1,Yes,43
18-04-2026,R07,833,20,42.9,18,17,1,Yes,49
18-04-2026,R08,873,11,74.1,18,17,1,Yes,51
18-04-2026,R09,553,30,57.1,18,17,1,Yes,33
18-04-2026,R10,1013,16,50.8,18,17,1,Yes,60
18-04-2026,R11,940,17,40,18,17,1,Yes,55
18-04-2026,R12,1267,12,40,18,16,2,Yes,79
18-04-2026,R13,855,27,40,18,16,2,Yes,53
18-04-2026,R14,479,14,73.3,18,16,2,Yes,30
18-04-2026,R15,635,16,66.3,18,17,1,Yes,37
18-04-2026,R16,424,30,60,18,15,3,Yes,28
18-04-2026,R17,864,10,71.4,18,16,2,Yes,54
18-04-2026,R18,429,16,75.4,18,17,1,Yes,25
18-04-2026,R19,585,16,70.9,18,17,1,Yes,34
18-04-2026,R20,406,33,54.5,18,17,1,Yes,24
19-04-2026,R01,1367,16,64.4,18,16,2,Yes,85
19-04-2026,R02,1063,7,76.7,18,16,2,Yes,66
19-04-2026,R03,1432,22,60,18,16,2,Yes,90
19-04-2026,R04,1204,20,46.7,18,16,2,Yes,75
19-04-2026,R05,828,9,60,18,16,2,Yes,52
19-04-2026,R06,687,36,42.4,18,16,2,Yes,43
19-04-2026,R07,696,9,74.3,18,16,2,Yes,44
19-04-2026,R08,1065,26,40,18,16,2,Yes,67
19-04-2026,R09,429,44,40,18,17,1,Yes,25
19-04-2026,R10,839,14,56.9,18,17,1,Yes,49
19-04-2026,R11,916,14,49.1,18,16,2,Yes,57
19-04-2026,R12,1206,14,40,18,17,1,Yes,71
19-04-2026,R13,856,24,40,18,16,2,Yes,54
19-04-2026,R14,553,21,60,18,16,2,Yes,35
19-04-2026,R15,683,19,60,18,16,2,Yes,43
19-04-2026,R16,389,45,40,18,16,2,Yes,24
19-04-2026,R17,965,20,42.9,18,17,1,Yes,57
19-04-2026,R18,471,45,40,18,16,2,Yes,29
19-04-2026,R19,492,17,69.1,18,16,2,Yes,31
19-04-2026,R20,315,25,65.5,18,15,3,Yes,21
20-04-2026,R01,2085,13,71.1,24,21,3,No,99
20-04-2026,R02,1606,19,40,24,22,2,No,73
20-04-2026,R03,2376,20,63.6,24,21,3,No,113
20-04-2026,R04,1675,12,68,24,21,3,No,80
20-04-2026,R05,1288,9,60,24,23,1,No,56
20-04-2026,R06,964,30,52,24,23,1,No,42
20-04-2026,R07,1228,17,51.4,24,22,2,No,56
20-04-2026,R08,1690,10,76.5,24,21,3,No,80
20-04-2026,R09,819,20,71.4,24,22,2,No,37
20-04-2026,R10,1481,21,40,24,21,3,No,71
20-04-2026,R11,1470,7,74.5,24,21,3,No,70
20-04-2026,R12,2073,8,60,24,21,3,No,99
20-04-2026,R13,1344,19,52.5,24,22,2,No,61
20-04-2026,R14,933,15,71.4,24,23,1,No,41
20-04-2026,R15,937,20,57.9,24,23,1,No,41
20-04-2026,R16,549,42,44,24,23,1,No,24
20-04-2026,R17,1384,17,51.4,24,22,2,No,63
20-04-2026,R18,725,23,64.6,24,23,1,No,32
20-04-2026,R19,774,39,40,24,21,3,No,37
20-04-2026,R20,629,19,73.8,24,22,2,No,29
21-04-2026,R01,1952,18,60,24,21,3,No,93
21-04-2026,R02,1449,15,50,24,21,3,No,69
21-04-2026,R03,2178,33,40,24,22,2,No,99
21-04-2026,R04,1567,25,40,24,21,3,No,75
21-04-2026,R05,1451,9,60,24,21,3,No,69
21-04-2026,R06,1034,17,72.8,24,21,3,No,49
21-04-2026,R07,1385,23,40,24,22,2,No,63
21-04-2026,R08,1717,13,69.4,24,21,3,No,82
21-04-2026,R09,841,49,40,24,23,1,No,37
21-04-2026,R10,1576,11,66.2,24,22,2,No,72
21-04-2026,R11,1452,19,40,24,21,3,No,69
21-04-2026,R12,1943,7,65,24,23,1,No,84
21-04-2026,R13,1303,11,72.5,24,21,3,No,62
21-04-2026,R14,733,26,50.5,24,21,3,No,35
21-04-2026,R15,1048,23,51.6,24,23,1,No,46
21-04-2026,R16,569,52,40,24,23,1,No,25
21-04-2026,R17,1230,24,40,24,21,3,No,59
21-04-2026,R18,671,37,43.1,24,23,1,No,29
21-04-2026,R19,868,19,65.5,24,23,1,No,38
21-04-2026,R20,498,23,68.3,24,22,2,No,23
22-04-2026,R01,1669,21,53.3,24,21,3,No,79
22-04-2026,R02,1372,13,56.7,24,23,1,No,60
22-04-2026,R03,2500,27,50.9,24,22,2,No,114
22-04-2026,R04,1900,10,73.3,24,22,2,No,86
22-04-2026,R05,1419,13,42.2,24,23,1,No,62
22-04-2026,R06,1015,15,76,24,21,3,No,48
22-04-2026,R07,1159,20,42.9,24,21,3,No,55
22-04-2026,R08,1674,27,40,24,21,3,No,80
22-04-2026,R09,810,25,64.3,24,22,2,No,37
22-04-2026,R10,1436,11,66.2,24,23,1,No,62
22-04-2026,R11,1270,9,67.3,24,22,2,No,58
22-04-2026,R12,1903,6,70,24,23,1,No,83
22-04-2026,R13,1081,18,55,24,22,2,No,49
22-04-2026,R14,893,13,75.2,24,21,3,No,43
22-04-2026,R15,1062,29,40,24,22,2,No,48
22-04-2026,R16,673,20,73.3,24,23,1,No,29
22-04-2026,R17,1545,22,40,24,22,2,No,70
22-04-2026,R18,665,29,55.4,24,21,3,No,32
22-04-2026,R19,959,21,61.8,24,21,3,No,46
22-04-2026,R20,527,45,40,24,22,2,No,24
23-04-2026,R01,2025,23,48.9,24,22,2,No,92
23-04-2026,R02,1255,17,43.3,24,22,2,No,57
23-04-2026,R03,2278,20,63.6,24,23,1,No,99
23-04-2026,R04,1779,12,68,24,21,3,No,85
23-04-2026,R05,1283,5,77.8,24,23,1,No,56
23-04-2026,R06,1032,25,60,24,21,3,No,49
23-04-2026,R07,1387,18,48.6,24,21,3,No,66
23-04-2026,R08,1607,16,62.4,24,23,1,No,70
23-04-2026,R09,767,50,40,24,23,1,No,33
23-04-2026,R10,1532,19,41.5,24,22,2,No,70
23-04-2026,R11,1216,11,60,24,23,1,No,53
23-04-2026,R12,1807,12,40,24,23,1,No,79
23-04-2026,R13,1077,23,42.5,24,22,2,No,49
23-04-2026,R14,771,24,54.3,24,22,2,No,35
23-04-2026,R15,994,25,47.4,24,21,3,No,47
23-04-2026,R16,575,22,70.7,24,23,1,No,25
23-04-2026,R17,1455,13,62.9,24,21,3,No,69
23-04-2026,R18,816,38,41.5,24,21,3,No,39
23-04-2026,R19,818,18,67.3,24,23,1,No,36
23-04-2026,R20,487,46,40,24,21,3,No,23
24-04-2026,R01,1891,12,73.3,24,22,2,No,86
24-04-2026,R02,1345,21,40,24,21,3,No,64
24-04-2026,R03,2446,37,40,24,22,2,No,111
24-04-2026,R04,1624,16,57.3,24,23,1,No,71
24-04-2026,R05,1344,11,51.1,24,23,1,No,58
24-04-2026,R06,877,17,72.8,24,23,1,No,38
24-04-2026,R07,1423,24,40,24,23,1,No,62
24-04-2026,R08,1753,26,40,24,22,2,No,80
24-04-2026,R09,665,25,64.3,24,22,2,No,30
24-04-2026,R10,1612,17,47.7,24,23,1,No,70
24-04-2026,R11,1452,17,40,24,23,1,No,63
24-04-2026,R12,1817,5,75,24,21,3,No,87
24-04-2026,R13,1130,16,60,24,23,1,No,49
24-04-2026,R14,802,13,75.2,24,21,3,No,38
24-04-2026,R15,918,13,72.6,24,22,2,No,42
24-04-2026,R16,648,31,58.7,24,21,3,No,31
24-04-2026,R17,1558,21,40,24,22,2,No,71
24-04-2026,R18,711,44,40,24,22,2,No,32
24-04-2026,R19,887,13,76.4,24,22,2,No,40
24-04-2026,R20,568,37,49,24,23,1,No,25
25-04-2026,R01,1176,25,44.4,18,15,3,Yes,78
25-04-2026,R02,1049,8,73.3,18,17,1,Yes,62
25-04-2026,R03,1570,19,65.5,18,16,2,Yes,98
25-04-2026,R04,960,11,70.7,18,17,1,Yes,56
25-04-2026,R05,821,6,73.3,18,17,1,Yes,48
25-04-2026,R06,582,36,42.4,18,16,2,Yes,36
25-04-2026,R07,888,22,40,18,17,1,Yes,52
25-04-2026,R08,1149,12,71.8,18,16,2,Yes,72
25-04-2026,R09,495,19,72.9,18,15,3,Yes,33
25-04-2026,R10,1042,9,72.3,18,17,1,Yes,61
25-04-2026,R11,754,13,52.7,18,16,2,Yes,47
25-04-2026,R12,1287,6,70,18,17,1,Yes,76
25-04-2026,R13,662,23,42.5,18,17,1,Yes,39
25-04-2026,R14,585,31,41,18,17,1,Yes,34
25-04-2026,R15,563,22,53.7,18,17,1,Yes,33
25-04-2026,R16,424,39,48,18,17,1,Yes,25
25-04-2026,R17,864,17,51.4,18,17,1,Yes,51
25-04-2026,R18,508,30,53.8,18,16,2,Yes,32
25-04-2026,R19,474,19,65.5,18,17,1,Yes,28
25-04-2026,R20,369,27,62.8,18,16,2,Yes,23
26-04-2026,R01,1019,13,71.1,18,17,1,Yes,60
26-04-2026,R02,1023,19,40,18,17,1,Yes,60
26-04-2026,R03,1431,24,56.4,18,17,1,Yes,84
26-04-2026,R04,1180,9,76,18,17,1,Yes,69
26-04-2026,R05,769,5,77.8,18,17,1,Yes,45
26-04-2026,R06,710,39,40,18,16,2,Yes,44
26-04-2026,R07,852,14,60,18,17,1,Yes,50
26-04-2026,R08,869,26,40,18,16,2,Yes,54
26-04-2026,R09,521,48,40,18,16,2,Yes,33
26-04-2026,R10,1056,22,40,18,17,1,Yes,62
26-04-2026,R11,959,10,63.6,18,17,1,Yes,56
26-04-2026,R12,1176,10,50,18,16,2,Yes,74
26-04-2026,R13,880,27,40,18,16,2,Yes,55
26-04-2026,R14,473,33,40,18,16,2,Yes,30
26-04-2026,R15,570,29,40,18,16,2,Yes,36
26-04-2026,R16,350,21,72,18,16,2,Yes,22
26-04-2026,R17,763,16,54.3,18,17,1,Yes,45
26-04-2026,R18,492,45,40,18,16,2,Yes,31
26-04-2026,R19,548,34,40,18,16,2,Yes,34
26-04-2026,R20,312,37,49,18,16,2,Yes,20
27-04-2026,R01,2061,20,55.6,24,21,3,No,98
27-04-2026,R02,1335,16,46.7,24,22,2,No,61
27-04-2026,R03,2245,27,50.9,24,23,1,No,98
27-04-2026,R04,1644,22,41.3,24,23,1,No,71
27-04-2026,R05,1336,12,46.7,24,21,3,No,64
27-04-2026,R06,1054,16,74.4,24,21,3,No,50
27-04-2026,R07,1314,14,60,24,21,3,No,63
27-04-2026,R08,1576,22,48.2,24,23,1,No,69
27-04-2026,R09,806,41,41.4,24,21,3,No,38
27-04-2026,R10,1564,22,40,24,21,3,No,74
27-04-2026,R11,1215,13,52.7,24,23,1,No,53
27-04-2026,R12,1717,10,50,24,22,2,No,78
27-04-2026,R13,1152,22,45,24,21,3,No,55
27-04-2026,R14,885,12,77.1,24,23,1,No,38
27-04-2026,R15,1016,27,43.2,24,21,3,No,48
27-04-2026,R16,670,52,40,24,23,1,No,29
27-04-2026,R17,1397,23,40,24,21,3,No,67
27-04-2026,R18,777,16,75.4,24,22,2,No,35
27-04-2026,R19,819,14,74.5,24,23,1,No,36
27-04-2026,R20,550,45,40,24,22,2,No,25
28-04-2026,R01,2047,28,40,24,23,1,No,89
28-04-2026,R02,1514,10,66.7,24,22,2,No,69
28-04-2026,R03,2011,35,40,24,21,3,No,96
28-04-2026,R04,1505,9,76,24,23,1,No,65
28-04-2026,R05,1239,7,68.9,24,21,3,No,59
28-04-2026,R06,966,29,53.6,24,23,1,No,42
28-04-2026,R07,1254,22,40,24,23,1,No,55
28-04-2026,R08,1580,23,45.9,24,21,3,No,75
28-04-2026,R09,842,48,40,24,22,2,No,38
28-04-2026,R10,1605,17,47.7,24,21,3,No,76
28-04-2026,R11,1495,10,63.6,24,21,3,No,71
28-04-2026,R12,1719,13,40,24,21,3,No,82
28-04-2026,R13,1070,19,52.5,24,21,3,No,51
28-04-2026,R14,730,24,54.3,24,22,2,No,33
28-04-2026,R15,911,20,57.9,24,23,1,No,40
28-04-2026,R16,566,52,40,24,23,1,No,25
28-04-2026,R17,1304,8,77.1,24,22,2,No,59
28-04-2026,R18,757,42,40,24,21,3,No,36
28-04-2026,R19,836,37,40,24,21,3,No,40
28-04-2026,R20,577,49,40,24,21,3,No,27
29-04-2026,R01,1999,10,77.8,24,21,3,No,95
29-04-2026,R02,1377,12,60,24,23,1,No,60
29-04-2026,R03,2394,32,41.8,24,21,3,No,114
29-04-2026,R04,1742,19,49.3,24,23,1,No,76
29-04-2026,R05,1371,5,77.8,24,22,2,No,62
29-04-2026,R06,891,20,68,24,21,3,No,42
29-04-2026,R07,1363,14,60,24,21,3,No,65
29-04-2026,R08,1563,10,76.5,24,21,3,No,74
29-04-2026,R09,821,42,40,24,21,3,No,39
29-04-2026,R10,1656,13,60,24,21,3,No,79
29-04-2026,R11,1216,17,40,24,21,3,No,58
29-04-2026,R12,2061,6,70,24,23,1,No,90
29-04-2026,R13,1143,13,67.5,24,21,3,No,54
29-04-2026,R14,834,15,71.4,24,22,2,No,38
29-04-2026,R15,976,27,43.2,24,22,2,No,44
29-04-2026,R16,605,43,42.7,24,23,1,No,26
29-04-2026,R17,1499,16,54.3,24,21,3,No,71
29-04-2026,R18,784,31,52.3,24,23,1,No,34
29-04-2026,R19,827,32,41.8,24,21,3,No,39
29-04-2026,R20,541,41,43.4,24,21,3,No,26
30-04-2026,R01,2031,15,66.7,24,23,1,No,88
30-04-2026,R02,1585,18,40,24,21,3,No,75
30-04-2026,R03,2285,31,43.6,24,23,1,No,99
30-04-2026,R04,1757,26,40,24,23,1,No,76
30-04-2026,R05,1513,16,40,24,23,1,No,66
30-04-2026,R06,946,27,56.8,24,23,1,No,41
30-04-2026,R07,1391,11,68.6,24,23,1,No,60
30-04-2026,R08,1412,21,50.6,24,23,1,No,61
30-04-2026,R09,660,38,45.7,24,21,3,No,31
30-04-2026,R10,1579,16,50.8,24,21,3,No,75
30-04-2026,R11,1477,19,40,24,21,3,No,70
30-04-2026,R12,1988,12,40,24,21,3,No,95
30-04-2026,R13,1145,24,40,24,23,1,No,50
30-04-2026,R14,876,18,65.7,24,22,2,No,40
30-04-2026,R15,867,31,40,24,23,1,No,38
30-04-2026,R16,602,53,40,24,23,1,No,26
30-04-2026,R17,1260,14,60,24,22,2,No,57
30-04-2026,R18,748,30,53.8,24,21,3,No,36
30-04-2026,R19,949,32,41.8,24,22,2,No,43
30-04-2026,R20,607,35,51.7,24,22,2,No,28
01-05-2026,R01,1823,31,40,24,23,1,No,79
01-05-2026,R02,1294,16,46.7,24,23,1,No,56
01-05-2026,R03,2014,28,49.1,24,23,1,No,88
01-05-2026,R04,1723,25,40,24,21,3,No,82
01-05-2026,R05,1316,8,64.4,24,21,3,No,63
01-05-2026,R06,1058,34,45.6,24,22,2,No,48
01-05-2026,R07,1387,10,71.4,24,21,3,No,66
01-05-2026,R08,1480,18,57.6,24,23,1,No,64
01-05-2026,R09,733,25,64.3,24,23,1,No,32
01-05-2026,R10,1476,18,44.6,24,23,1,No,64
01-05-2026,R11,1179,10,63.6,24,21,3,No,56
01-05-2026,R12,1919,7,65,24,22,2,No,87
01-05-2026,R13,1235,19,52.5,24,21,3,No,59
01-05-2026,R14,910,32,40,24,21,3,No,43
01-05-2026,R15,837,28,41.1,24,21,3,No,40
01-05-2026,R16,643,41,45.3,24,22,2,No,29
01-05-2026,R17,1354,15,57.1,24,22,2,No,62
01-05-2026,R18,747,38,41.5,24,21,3,No,36
01-05-2026,R19,850,23,58.2,24,21,3,No,40
01-05-2026,R20,621,41,43.4,24,23,1,No,27
02-05-2026,R01,1376,15,66.7,18,17,1,Yes,81
02-05-2026,R02,1062,21,40,18,17,1,Yes,62
02-05-2026,R03,1363,29,47.3,18,17,1,Yes,80
02-05-2026,R04,995,23,40,18,17,1,Yes,59
02-05-2026,R05,864,11,51.1,18,17,1,Yes,51
02-05-2026,R06,637,30,52,18,17,1,Yes,37
02-05-2026,R07,854,21,40,18,16,2,Yes,53
02-05-2026,R08,1064,27,40,18,17,1,Yes,63
02-05-2026,R09,536,32,54.3,18,15,3,Yes,36
02-05-2026,R10,854,15,53.8,18,16,2,Yes,53
02-05-2026,R11,933,17,40,18,16,2,Yes,58
02-05-2026,R12,1048,12,40,18,15,3,Yes,70
02-05-2026,R13,678,27,40,18,16,2,Yes,42
02-05-2026,R14,468,36,40,18,16,2,Yes,29
02-05-2026,R15,658,24,49.5,18,17,1,Yes,39
02-05-2026,R16,381,34,54.7,18,17,1,Yes,22
02-05-2026,R17,933,24,40,18,17,1,Yes,55
02-05-2026,R18,438,22,66.2,18,17,1,Yes,26
02-05-2026,R19,617,28,49.1,18,16,2,Yes,39
02-05-2026,R20,341,43,40.7,18,16,2,Yes,21
03-05-2026,R01,1027,12,73.3,18,17,1,Yes,60
03-05-2026,R02,890,14,53.3,18,16,2,Yes,56
03-05-2026,R03,1597,27,50.9,18,16,2,Yes,100
03-05-2026,R04,1039,11,70.7,18,16,2,Yes,65
03-05-2026,R05,874,7,68.9,18,17,1,Yes,51
03-05-2026,R06,674,32,48.8,18,16,2,Yes,42
03-05-2026,R07,870,25,40,18,16,2,Yes,54
03-05-2026,R08,909,14,67.1,18,17,1,Yes,53
03-05-2026,R09,428,33,52.9,18,17,1,Yes,25
03-05-2026,R10,899,14,56.9,18,17,1,Yes,53
03-05-2026,R11,969,9,67.3,18,16,2,Yes,61
03-05-2026,R12,1288,12,40,18,16,2,Yes,80
03-05-2026,R13,745,12,70,18,16,2,Yes,47
03-05-2026,R14,521,20,61.9,18,17,1,Yes,31
03-05-2026,R15,533,19,60,18,16,2,Yes,33
03-05-2026,R16,383,51,40,18,17,1,Yes,23
03-05-2026,R17,989,18,48.6,18,17,1,Yes,58
03-05-2026,R18,500,26,60,18,17,1,Yes,29
03-05-2026,R19,607,36,40,18,17,1,Yes,36
03-05-2026,R20,349,37,49,18,17,1,Yes,21
04-05-2026,R01,1872,27,40,24,21,3,No,89
04-05-2026,R02,1570,7,76.7,24,21,3,No,75
04-05-2026,R03,2362,25,54.5,24,23,1,No,103
04-05-2026,R04,1694,17,54.7,24,22,2,No,77
04-05-2026,R05,1489,9,60,24,23,1,No,65
04-05-2026,R06,867,37,40.8,24,22,2,No,39
04-05-2026,R07,1381,19,45.7,24,23,1,No,60
04-05-2026,R08,1520,21,50.6,24,21,3,No,72
04-05-2026,R09,783,27,61.4,24,23,1,No,34
04-05-2026,R10,1534,11,66.2,24,21,3,No,73
04-05-2026,R11,1467,13,52.7,24,21,3,No,70
04-05-2026,R12,2116,14,40,24,21,3,No,101
04-05-2026,R13,1203,19,52.5,24,23,1,No,52
04-05-2026,R14,939,34,40,24,21,3,No,45
04-05-2026,R15,903,26,45.3,24,23,1,No,39
04-05-2026,R16,649,42,44,24,22,2,No,30
04-05-2026,R17,1369,12,65.7,24,23,1,No,60
04-05-2026,R18,716,39,40,24,23,1,No,31
04-05-2026,R19,792,36,40,24,23,1,No,34
04-05-2026,R20,553,19,73.8,24,21,3,No,26
05-05-2026,R01,1761,11,75.6,24,22,2,No,80
05-05-2026,R02,1406,12,60,24,22,2,No,64
05-05-2026,R03,2400,16,70.9,24,23,1,No,104
05-05-2026,R04,1574,17,54.7,24,22,2,No,72
05-05-2026,R05,1468,12,46.7,24,22,2,No,67
05-05-2026,R06,1069,17,72.8,24,23,1,No,46
05-05-2026,R07,1429,17,51.4,24,23,1,No,62
05-05-2026,R08,1643,15,64.7,24,21,3,No,78
05-05-2026,R09,699,48,40,24,23,1,No,30
05-05-2026,R10,1327,18,44.6,24,21,3,No,63
05-05-2026,R11,1242,9,67.3,24,22,2,No,56
05-05-2026,R12,1935,5,75,24,22,2,No,88
05-05-2026,R13,1320,19,52.5,24,22,2,No,60
05-05-2026,R14,838,25,52.4,24,22,2,No,38
05-05-2026,R15,880,30,40,24,23,1,No,38
05-05-2026,R16,647,26,65.3,24,23,1,No,28
05-05-2026,R17,1537,22,40,24,23,1,No,67
05-05-2026,R18,681,23,64.6,24,21,3,No,32
05-05-2026,R19,816,39,40,24,21,3,No,39
05-05-2026,R20,531,46,40,24,23,1,No,23
06-05-2026,R01,1945,11,75.6,24,22,2,No,88
06-05-2026,R02,1494,11,63.3,24,23,1,No,65
06-05-2026,R03,2071,36,40,24,21,3,No,99
06-05-2026,R04,1609,25,40,24,23,1,No,70
06-05-2026,R05,1272,12,46.7,24,23,1,No,55
06-05-2026,R06,976,29,53.6,24,23,1,No,42
06-05-2026,R07,1189,12,65.7,24,22,2,No,54
06-05-2026,R08,1494,17,60,24,23,1,No,65
06-05-2026,R09,827,27,61.4,24,23,1,No,36
06-05-2026,R10,1494,8,75.4,24,21,3,No,71
06-05-2026,R11,1418,18,40,24,22,2,No,64
06-05-2026,R12,1834,5,75,24,22,2,No,83
06-05-2026,R13,1075,12,70,24,22,2,No,49
06-05-2026,R14,767,37,40,24,21,3,No,37
06-05-2026,R15,902,33,40,24,22,2,No,41
06-05-2026,R16,546,42,44,24,21,3,No,26
06-05-2026,R17,1533,11,68.6,24,23,1,No,67
06-05-2026,R18,784,25,61.5,24,21,3,No,37
06-05-2026,R19,788,23,58.2,24,22,2,No,36
06-05-2026,R20,488,27,62.8,24,23,1,No,21
07-05-2026,R01,1638,19,57.8,24,22,2,No,74
07-05-2026,R02,1321,8,73.3,24,22,2,No,60
07-05-2026,R03,2192,33,40,24,23,1,No,95
07-05-2026,R04,1565,22,41.3,24,23,1,No,68
07-05-2026,R05,1264,7,68.9,24,21,3,No,60
07-05-2026,R06,882,27,56.8,24,21,3,No,42
07-05-2026,R07,1339,21,40,24,21,3,No,64
07-05-2026,R08,1640,23,45.9,24,21,3,No,78
07-05-2026,R09,844,23,67.1,24,21,3,No,40
07-05-2026,R10,1511,17,47.7,24,23,1,No,66
07-05-2026,R11,1285,19,40,24,21,3,No,61
07-05-2026,R12,1920,10,50,24,23,1,No,83
07-05-2026,R13,1261,23,42.5,24,23,1,No,55
07-05-2026,R14,932,36,40,24,21,3,No,44
07-05-2026,R15,1039,33,40,24,23,1,No,45
07-05-2026,R16,690,43,42.7,24,21,3,No,33
07-05-2026,R17,1516,24,40,24,23,1,No,66
07-05-2026,R18,819,40,40,24,22,2,No,37
07-05-2026,R19,834,37,40,24,23,1,No,36
07-05-2026,R20,624,22,69.7,24,22,2,No,28
08-05-2026,R01,2067,23,48.9,24,21,3,No,98
08-05-2026,R02,1263,13,56.7,24,21,3,No,60
08-05-2026,R03,2150,28,49.1,24,23,1,No,93
08-05-2026,R04,1900,26,40,24,23,1,No,83
08-05-2026,R05,1297,5,77.8,24,22,2,No,59
08-05-2026,R06,1074,35,44,24,23,1,No,47
08-05-2026,R07,1121,22,40,24,21,3,No,53
08-05-2026,R08,1570,21,50.6,24,21,3,No,75
08-05-2026,R09,723,27,61.4,24,22,2,No,33
08-05-2026,R10,1587,23,40,24,21,3,No,76
08-05-2026,R11,1505,8,70.9,24,22,2,No,68
08-05-2026,R12,1666,8,60,24,21,3,No,79
08-05-2026,R13,1356,26,40,24,22,2,No,62
08-05-2026,R14,726,24,54.3,24,21,3,No,35
08-05-2026,R15,964,21,55.8,24,23,1,No,42
08-05-2026,R16,602,53,40,24,21,3,No,29
08-05-2026,R17,1393,25,40,24,21,3,No,66
08-05-2026,R18,640,37,43.1,24,23,1,No,28
08-05-2026,R19,892,19,65.5,24,23,1,No,39
08-05-2026,R20,539,31,57.2,24,22,2,No,24
09-05-2026,R01,1049,18,60,18,15,3,Yes,70
09-05-2026,R02,1001,13,56.7,18,16,2,Yes,63
09-05-2026,R03,1268,28,49.1,18,17,1,Yes,75
09-05-2026,R04,924,21,44,18,17,1,Yes,54
09-05-2026,R05,992,13,42.2,18,17,1,Yes,58
09-05-2026,R06,560,35,44,18,17,1,Yes,33
09-05-2026,R07,775,11,68.6,18,17,1,Yes,46
09-05-2026,R08,938,16,62.4,18,16,2,Yes,59
09-05-2026,R09,415,39,44.3,18,16,2,Yes,26
09-05-2026,R10,824,11,66.2,18,17,1,Yes,48
09-05-2026,R11,915,11,60,18,17,1,Yes,54
09-05-2026,R12,1299,12,40,18,17,1,Yes,76
09-05-2026,R13,884,15,62.5,18,17,1,Yes,52
09-05-2026,R14,583,22,58.1,18,16,2,Yes,36
09-05-2026,R15,690,30,40,18,16,2,Yes,43
09-05-2026,R16,383,47,40,18,16,2,Yes,24
09-05-2026,R17,850,9,74.3,18,17,1,Yes,50
09-05-2026,R18,419,23,64.6,18,16,2,Yes,26
09-05-2026,R19,596,38,40,18,16,2,Yes,37
09-05-2026,R20,411,37,49,18,17,1,Yes,24
10-05-2026,R01,1214,13,71.1,18,16,2,Yes,76
10-05-2026,R02,846,16,46.7,18,16,2,Yes,53
10-05-2026,R03,1460,31,43.6,18,17,1,Yes,86
10-05-2026,R04,1023,24,40,18,16,2,Yes,64
10-05-2026,R05,797,7,68.9,18,16,2,Yes,50
10-05-2026,R06,713,21,66.4,18,17,1,Yes,42
10-05-2026,R07,908,18,48.6,18,16,2,Yes,57
10-05-2026,R08,1115,23,45.9,18,16,2,Yes,70
10-05-2026,R09,529,26,62.9,18,17,1,Yes,31
10-05-2026,R10,1103,17,47.7,18,16,2,Yes,69
10-05-2026,R11,952,8,70.9,18,16,2,Yes,60
10-05-2026,R12,1133,11,45,18,17,1,Yes,67
10-05-2026,R13,832,28,40,18,17,1,Yes,49
10-05-2026,R14,599,18,65.7,18,17,1,Yes,35
10-05-2026,R15,672,31,40,18,16,2,Yes,42
10-05-2026,R16,420,23,69.3,18,17,1,Yes,25
10-05-2026,R17,796,13,62.9,18,16,2,Yes,50
10-05-2026,R18,510,25,61.5,18,17,1,Yes,30
10-05-2026,R19,616,14,74.5,18,15,3,Yes,41
10-05-2026,R20,325,33,54.5,18,16,2,Yes,20
11-05-2026,R01,2082,26,42.2,24,23,1,No,91
11-05-2026,R02,1563,16,46.7,24,22,2,No,71
11-05-2026,R03,2200,15,72.7,24,22,2,No,100
11-05-2026,R04,1661,12,68,24,23,1,No,72
11-05-2026,R05,1306,10,55.6,24,22,2,No,59
11-05-2026,R06,953,33,47.2,24,22,2,No,43
11-05-2026,R07,1165,24,40,24,21,3,No,55
11-05-2026,R08,1515,22,48.2,24,23,1,No,66
11-05-2026,R09,654,36,48.6,24,23,1,No,28
11-05-2026,R10,1348,17,47.7,24,22,2,No,61
11-05-2026,R11,1292,17,40,24,22,2,No,59
11-05-2026,R12,1787,9,55,24,21,3,No,85
11-05-2026,R13,1108,14,65,24,22,2,No,50
11-05-2026,R14,726,31,41,24,22,2,No,33
11-05-2026,R15,939,18,62.1,24,23,1,No,41
11-05-2026,R16,682,22,70.7,24,22,2,No,31
11-05-2026,R17,1272,12,65.7,24,22,2,No,58
11-05-2026,R18,798,46,40,24,22,2,No,36
11-05-2026,R19,770,29,47.3,24,21,3,No,37
11-05-2026,R20,627,30,58.6,24,23,1,No,27
12-05-2026,R01,1832,11,75.6,24,22,2,No,83
12-05-2026,R02,1627,15,50,24,22,2,No,74
12-05-2026,R03,1985,38,40,24,21,3,No,95
12-05-2026,R04,1704,21,44,24,23,1,No,74
12-05-2026,R05,1492,14,40,24,21,3,No,71
12-05-2026,R06,1074,32,48.8,24,23,1,No,47
12-05-2026,R07,1266,15,57.1,24,22,2,No,58
12-05-2026,R08,1581,21,50.6,24,23,1,No,69
12-05-2026,R09,737,45,40,24,21,3,No,35
12-05-2026,R10,1357,12,63.1,24,22,2,No,62
12-05-2026,R11,1168,14,49.1,24,22,2,No,53
12-05-2026,R12,1734,11,45,24,23,1,No,75
12-05-2026,R13,1357,13,67.5,24,23,1,No,59
12-05-2026,R14,867,23,56.2,24,22,2,No,39
12-05-2026,R15,971,16,66.3,24,22,2,No,44
12-05-2026,R16,667,40,46.7,24,22,2,No,30
12-05-2026,R17,1421,11,68.6,24,23,1,No,62
12-05-2026,R18,804,16,75.4,24,21,3,No,38
12-05-2026,R19,920,19,65.5,24,23,1,No,40
12-05-2026,R20,609,42,42.1,24,21,3,No,29
13-05-2026,R01,2021,29,40,24,23,1,No,88
13-05-2026,R02,1442,9,70,24,21,3,No,69
13-05-2026,R03,2518,16,70.9,24,22,2,No,114
13-05-2026,R04,1931,24,40,24,22,2,No,88
13-05-2026,R05,1495,5,77.8,24,22,2,No,68
13-05-2026,R06,863,20,68,24,22,2,No,39
13-05-2026,R07,1272,22,40,24,23,1,No,55
13-05-2026,R08,1630,23,45.9,24,23,1,No,71
13-05-2026,R09,715,45,40,24,21,3,No,34
13-05-2026,R10,1504,9,72.3,24,22,2,No,68
13-05-2026,R11,1354,12,56.4,24,22,2,No,62
13-05-2026,R12,1692,12,40,24,23,1,No,74
13-05-2026,R13,1284,19,52.5,24,23,1,No,56
13-05-2026,R14,742,29,44.8,24,22,2,No,34
13-05-2026,R15,940,14,70.5,24,23,1,No,41
13-05-2026,R16,544,48,40,24,22,2,No,25
13-05-2026,R17,1445,17,51.4,24,23,1,No,63
13-05-2026,R18,695,22,66.2,24,23,1,No,30
13-05-2026,R19,901,16,70.9,24,21,3,No,43
13-05-2026,R20,597,31,57.2,24,23,1,No,26
14-05-2026,R01,2121,13,71.1,24,22,2,No,96
14-05-2026,R02,1430,9,70,24,22,2,No,65
14-05-2026,R03,2350,14,74.5,24,22,2,No,107
14-05-2026,R04,1855,23,40,24,21,3,No,88
14-05-2026,R05,1488,10,55.6,24,22,2,No,68
14-05-2026,R06,871,26,58.4,24,22,2,No,40
14-05-2026,R07,1202,9,74.3,24,22,2,No,55
14-05-2026,R08,1506,25,41.2,24,21,3,No,72
14-05-2026,R09,652,20,71.4,24,23,1,No,28
14-05-2026,R10,1343,19,41.5,24,22,2,No,61
14-05-2026,R11,1399,15,45.5,24,21,3,No,67
14-05-2026,R12,1888,7,65,24,22,2,No,86
14-05-2026,R13,1198,25,40,24,23,1,No,52
14-05-2026,R14,837,26,50.5,24,23,1,No,36
14-05-2026,R15,868,28,41.1,24,23,1,No,38
14-05-2026,R16,579,44,41.3,24,23,1,No,25
14-05-2026,R17,1333,18,48.6,24,22,2,No,61
14-05-2026,R18,803,32,50.8,24,22,2,No,36
14-05-2026,R19,783,36,40,24,23,1,No,34
14-05-2026,R20,553,51,40,24,21,3,No,26
15-05-2026,R01,1901,10,77.8,24,21,3,No,91
15-05-2026,R02,1250,8,73.3,24,23,1,No,54
15-05-2026,R03,2316,23,58.2,24,22,2,No,105
15-05-2026,R04,1765,21,44,24,23,1,No,77
15-05-2026,R05,1243,15,40,24,23,1,No,54
15-05-2026,R06,1090,44,40,24,21,3,No,52
15-05-2026,R07,1280,24,40,24,21,3,No,61
15-05-2026,R08,1605,20,52.9,24,22,2,No,73
15-05-2026,R09,662,42,40,24,23,1,No,29
15-05-2026,R10,1531,12,63.1,24,21,3,No,73
15-05-2026,R11,1241,13,52.7,24,23,1,No,54
15-05-2026,R12,1972,8,60,24,23,1,No,86
15-05-2026,R13,1209,25,40,24,21,3,No,58
15-05-2026,R14,911,31,41,24,22,2,No,41
15-05-2026,R15,1018,32,40,24,23,1,No,44
15-05-2026,R16,552,19,74.7,24,23,1,No,24
15-05-2026,R17,1222,22,40,24,22,2,No,56
15-05-2026,R18,734,16,75.4,24,23,1,No,32
15-05-2026,R19,957,20,63.6,24,22,2,No,44
15-05-2026,R20,542,36,50.3,24,22,2,No,25
16-05-2026,R01,1080,27,40,18,17,1,Yes,64
16-05-2026,R02,907,19,40,18,17,1,Yes,53
16-05-2026,R03,1371,18,67.3,18,16,2,Yes,86
16-05-2026,R04,1107,14,62.7,18,15,3,Yes,74
16-05-2026,R05,955,14,40,18,17,1,Yes,56
16-05-2026,R06,542,44,40,18,16,2,Yes,34
16-05-2026,R07,773,18,48.6,18,16,2,Yes,48
16-05-2026,R08,1157,18,57.6,18,16,2,Yes,72
16-05-2026,R09,535,49,40,18,17,1,Yes,31
16-05-2026,R10,983,18,44.6,18,17,1,Yes,58
16-05-2026,R11,929,8,70.9,18,16,2,Yes,58
16-05-2026,R12,1264,6,70,18,17,1,Yes,74
16-05-2026,R13,833,12,70,18,16,2,Yes,52
16-05-2026,R14,578,14,73.3,18,16,2,Yes,36
16-05-2026,R15,650,20,57.9,18,17,1,Yes,38
16-05-2026,R16,349,20,73.3,18,17,1,Yes,21
16-05-2026,R17,998,8,77.1,18,16,2,Yes,62
16-05-2026,R18,507,24,63.1,18,17,1,Yes,30
16-05-2026,R19,498,29,47.3,18,16,2,Yes,31
16-05-2026,R20,320,36,50.3,18,17,1,Yes,19
17-05-2026,R01,1048,14,68.9,18,16,2,Yes,66
17-05-2026,R02,884,14,53.3,18,17,1,Yes,52
17-05-2026,R03,1328,16,70.9,18,17,1,Yes,78
17-05-2026,R04,1114,25,40,18,16,2,Yes,70
17-05-2026,R05,806,12,46.7,18,16,2,Yes,50
17-05-2026,R06,707,42,40,18,17,1,Yes,42
17-05-2026,R07,824,11,68.6,18,16,2,Yes,52
17-05-2026,R08,995,29,40,18,16,2,Yes,62
17-05-2026,R09,457,43,40,18,16,2,Yes,29
17-05-2026,R10,873,15,53.8,18,17,1,Yes,51
17-05-2026,R11,942,10,63.6,18,17,1,Yes,55
17-05-2026,R12,1099,9,55,18,16,2,Yes,69
17-05-2026,R13,855,28,40,18,17,1,Yes,50
17-05-2026,R14,474,19,63.8,18,17,1,Yes,28
17-05-2026,R15,575,23,51.6,18,17,1,Yes,34
17-05-2026,R16,381,26,65.3,18,17,1,Yes,22
17-05-2026,R17,923,10,71.4,18,17,1,Yes,54
17-05-2026,R18,401,18,72.3,18,16,2,Yes,25
17-05-2026,R19,502,26,52.7,18,16,2,Yes,31
17-05-2026,R20,330,39,46.2,18,17,1,Yes,19
18-05-2026,R01,1920,22,51.1,24,22,2,No,87
18-05-2026,R02,1317,13,56.7,24,21,3,No,63
18-05-2026,R03,2521,19,65.5,24,23,1,No,110
18-05-2026,R04,1838,11,70.7,24,22,2,No,84
18-05-2026,R05,1342,15,40,24,23,1,No,58
18-05-2026,R06,1116,33,47.2,24,22,2,No,51
18-05-2026,R07,1108,14,60,24,23,1,No,48
18-05-2026,R08,1661,13,69.4,24,21,3,No,79
18-05-2026,R09,673,33,52.9,24,22,2,No,31
18-05-2026,R10,1363,15,53.8,24,23,1,No,59
18-05-2026,R11,1154,9,67.3,24,21,3,No,55
18-05-2026,R12,1827,10,50,24,21,3,No,87
18-05-2026,R13,1177,20,50,24,21,3,No,56
18-05-2026,R14,836,16,69.5,24,22,2,No,38
18-05-2026,R15,896,21,55.8,24,23,1,No,39
18-05-2026,R16,547,29,61.3,24,23,1,No,24
18-05-2026,R17,1549,12,65.7,24,22,2,No,70
18-05-2026,R18,690,20,69.2,24,21,3,No,33
18-05-2026,R19,963,14,74.5,24,22,2,No,44
18-05-2026,R20,565,37,49,24,22,2,No,26
19-05-2026,R01,1754,15,66.7,24,22,2,No,80
19-05-2026,R02,1513,15,50,24,22,2,No,69
19-05-2026,R03,2457,27,50.9,24,22,2,No,112
19-05-2026,R04,1694,25,40,24,23,1,No,74
19-05-2026,R05,1520,7,68.9,24,23,1,No,66
19-05-2026,R06,1048,28,55.2,24,23,1,No,46
19-05-2026,R07,1340,13,62.9,24,23,1,No,58
19-05-2026,R08,1770,14,67.1,24,22,2,No,80
19-05-2026,R09,743,49,40,24,22,2,No,34
19-05-2026,R10,1471,11,66.2,24,22,2,No,67
19-05-2026,R11,1262,9,67.3,24,22,2,No,57
19-05-2026,R12,1685,14,40,24,22,2,No,77
19-05-2026,R13,1362,25,40,24,21,3,No,65
19-05-2026,R14,767,15,71.4,24,23,1,No,33
19-05-2026,R15,1075,17,64.2,24,21,3,No,51
19-05-2026,R16,587,35,53.3,24,22,2,No,27
19-05-2026,R17,1235,8,77.1,24,23,1,No,54
19-05-2026,R18,657,40,40,24,23,1,No,29
19-05-2026,R19,766,26,52.7,24,21,3,No,36
19-05-2026,R20,491,49,40,24,23,1,No,21
20-05-2026,R01,1891,13,71.1,24,23,1,No,82
20-05-2026,R02,1567,12,60,24,21,3,No,75
20-05-2026,R03,2192,31,43.6,24,22,2,No,100
20-05-2026,R04,1709,11,70.7,24,23,1,No,74
20-05-2026,R05,1433,7,68.9,24,21,3,No,68
20-05-2026,R06,875,37,40.8,24,23,1,No,38
20-05-2026,R07,1408,23,40,24,23,1,No,61
20-05-2026,R08,1755,29,40,24,22,2,No,80
20-05-2026,R09,773,36,48.6,24,22,2,No,35
20-05-2026,R10,1365,15,53.8,24,22,2,No,62
20-05-2026,R11,1240,17,40,24,23,1,No,54
20-05-2026,R12,1700,8,60,24,23,1,No,74
20-05-2026,R13,1265,21,47.5,24,22,2,No,58
20-05-2026,R14,827,18,65.7,24,22,2,No,38
20-05-2026,R15,883,25,47.4,24,21,3,No,42
20-05-2026,R16,645,46,40,24,21,3,No,31
20-05-2026,R17,1568,18,48.6,24,22,2,No,71
20-05-2026,R18,644,21,67.7,24,21,3,No,31
20-05-2026,R19,820,16,70.9,24,22,2,No,37
20-05-2026,R20,549,32,55.9,24,22,2,No,25
21-05-2026,R01,1654,23,48.9,24,22,2,No,75
21-05-2026,R02,1409,11,63.3,24,23,1,No,61
21-05-2026,R03,2082,32,41.8,24,23,1,No,91
21-05-2026,R04,1661,24,40,24,21,3,No,79
21-05-2026,R05,1367,14,40,24,23,1,No,59
21-05-2026,R06,949,38,40,24,23,1,No,41
21-05-2026,R07,1179,9,74.3,24,22,2,No,54
21-05-2026,R08,1552,10,76.5,24,23,1,No,67
21-05-2026,R09,683,42,40,24,22,2,No,31
21-05-2026,R10,1549,13,60,24,21,3,No,74
21-05-2026,R11,1245,11,60,24,21,3,No,59
21-05-2026,R12,1696,8,60,24,23,1,No,74
21-05-2026,R13,1378,26,40,24,22,2,No,63
21-05-2026,R14,917,30,42.9,24,21,3,No,44
21-05-2026,R15,836,24,49.5,24,21,3,No,40
21-05-2026,R16,550,24,68,24,22,2,No,25
21-05-2026,R17,1330,14,60,24,22,2,No,60
21-05-2026,R18,696,15,76.9,24,23,1,No,30
21-05-2026,R19,868,39,40,24,22,2,No,39
21-05-2026,R20,517,48,40,24,23,1,No,22
22-05-2026,R01,2034,29,40,24,21,3,No,97
22-05-2026,R02,1485,19,40,24,22,2,No,68
22-05-2026,R03,1950,16,70.9,24,23,1,No,85
22-05-2026,R04,1864,24,40,24,23,1,No,81
22-05-2026,R05,1471,14,40,24,23,1,No,64
22-05-2026,R06,1115,35,44,24,22,2,No,51
22-05-2026,R07,1211,10,71.4,24,23,1,No,53
22-05-2026,R08,1399,14,67.1,24,23,1,No,61
22-05-2026,R09,654,40,42.9,24,23,1,No,28
22-05-2026,R10,1557,16,50.8,24,21,3,No,74
22-05-2026,R11,1267,10,63.6,24,23,1,No,55
22-05-2026,R12,2131,9,55,24,23,1,No,93
22-05-2026,R13,1265,11,72.5,24,23,1,No,55
22-05-2026,R14,936,33,40,24,22,2,No,43
22-05-2026,R15,1023,23,51.6,24,21,3,No,49
22-05-2026,R16,692,29,61.3,24,22,2,No,31
22-05-2026,R17,1431,22,40,24,22,2,No,65
22-05-2026,R18,781,36,44.6,24,21,3,No,37
22-05-2026,R19,945,20,63.6,24,23,1,No,41
22-05-2026,R20,511,24,66.9,24,21,3,No,24
23-05-2026,R01,1232,11,75.6,18,17,1,Yes,72
23-05-2026,R02,810,21,40,18,16,2,Yes,51
23-05-2026,R03,1580,36,40,18,17,1,Yes,93
23-05-2026,R04,1161,17,54.7,18,16,2,Yes,73
23-05-2026,R05,991,6,73.3,18,17,1,Yes,58
23-05-2026,R06,690,19,69.6,18,16,2,Yes,43
23-05-2026,R07,846,22,40,18,17,1,Yes,50
23-05-2026,R08,1158,27,40,18,16,2,Yes,72
23-05-2026,R09,488,21,70,18,17,1,Yes,29
23-05-2026,R10,924,8,75.4,18,16,2,Yes,58
23-05-2026,R11,943,11,60,18,17,1,Yes,55
23-05-2026,R12,1400,13,40,18,16,2,Yes,88
23-05-2026,R13,764,11,72.5,18,16,2,Yes,48
23-05-2026,R14,516,35,40,18,16,2,Yes,32
23-05-2026,R15,547,13,72.6,18,16,2,Yes,34
23-05-2026,R16,434,22,70.7,18,17,1,Yes,26
23-05-2026,R17,877,9,74.3,18,17,1,Yes,52
23-05-2026,R18,517,29,55.4,18,16,2,Yes,32
23-05-2026,R19,613,39,40,18,16,2,Yes,38
23-05-2026,R20,344,35,51.7,18,16,2,Yes,22
24-05-2026,R01,1122,18,60,18,17,1,Yes,66
24-05-2026,R02,1016,16,46.7,18,17,1,Yes,60
24-05-2026,R03,1423,26,52.7,18,17,1,Yes,84
24-05-2026,R04,1007,16,57.3,18,16,2,Yes,63
24-05-2026,R05,908,12,46.7,18,17,1,Yes,53
24-05-2026,R06,546,30,52,18,17,1,Yes,32
24-05-2026,R07,841,11,68.6,18,17,1,Yes,49
24-05-2026,R08,907,29,40,18,16,2,Yes,57
24-05-2026,R09,430,46,40,18,16,2,Yes,27
24-05-2026,R10,952,14,56.9,18,17,1,Yes,56
24-05-2026,R11,789,13,52.7,18,16,2,Yes,49
24-05-2026,R12,1130,6,70,18,16,2,Yes,71
24-05-2026,R13,838,25,40,18,16,2,Yes,52
24-05-2026,R14,559,27,48.6,18,16,2,Yes,35
24-05-2026,R15,549,23,51.6,18,16,2,Yes,34
24-05-2026,R16,397,48,40,18,16,2,Yes,25
24-05-2026,R17,959,21,40,18,17,1,Yes,56
24-05-2026,R18,431,20,69.2,18,17,1,Yes,25
24-05-2026,R19,501,30,45.5,18,16,2,Yes,31
24-05-2026,R20,306,44,40,18,17,1,Yes,18
25-05-2026,R01,1791,25,44.4,24,23,1,No,78
25-05-2026,R02,1355,9,70,24,23,1,No,59
25-05-2026,R03,2402,20,63.6,24,22,2,No,109
25-05-2026,R04,1614,15,60,24,23,1,No,70
25-05-2026,R05,1296,7,68.9,24,22,2,No,59
25-05-2026,R06,1020,42,40,24,22,2,No,46
25-05-2026,R07,1249,24,40,24,22,2,No,57
25-05-2026,R08,1637,14,67.1,24,21,3,No,78
25-05-2026,R09,795,49,40,24,23,1,No,35
25-05-2026,R10,1632,12,63.1,24,21,3,No,78
25-05-2026,R11,1217,13,52.7,24,22,2,No,55
25-05-2026,R12,1706,9,55,24,22,2,No,78
25-05-2026,R13,1073,17,57.5,24,23,1,No,47
25-05-2026,R14,813,28,46.7,24,21,3,No,39
25-05-2026,R15,1062,32,40,24,23,1,No,46
25-05-2026,R16,627,28,62.7,24,23,1,No,27
25-05-2026,R17,1435,12,65.7,24,21,3,No,68
25-05-2026,R18,816,34,47.7,24,21,3,No,39
25-05-2026,R19,759,31,43.6,24,21,3,No,36
25-05-2026,R20,577,46,40,24,23,1,No,25
26-05-2026,R01,2098,20,55.6,24,21,3,No,100
26-05-2026,R02,1304,11,63.3,24,23,1,No,57
26-05-2026,R03,2188,18,67.3,24,23,1,No,95
26-05-2026,R04,1659,12,68,24,21,3,No,79
26-05-2026,R05,1358,13,42.2,24,21,3,No,65
26-05-2026,R06,1073,40,40,24,21,3,No,51
26-05-2026,R07,1231,15,57.1,24,22,2,No,56
26-05-2026,R08,1750,15,64.7,24,22,2,No,80
26-05-2026,R09,758,30,57.1,24,22,2,No,34
26-05-2026,R10,1515,14,56.9,24,22,2,No,69
26-05-2026,R11,1456,17,40,24,23,1,No,63
26-05-2026,R12,1909,9,55,24,23,1,No,83
26-05-2026,R13,1376,12,70,24,23,1,No,60
26-05-2026,R14,902,26,50.5,24,22,2,No,41
26-05-2026,R15,886,13,72.6,24,23,1,No,39
26-05-2026,R16,661,50,40,24,21,3,No,31
26-05-2026,R17,1510,9,74.3,24,21,3,No,72
26-05-2026,R18,754,21,67.7,24,23,1,No,33
26-05-2026,R19,803,14,74.5,24,22,2,No,36
26-05-2026,R20,582,28,61.4,24,22,2,No,26
27-05-2026,R01,2074,15,66.7,24,23,1,No,90
27-05-2026,R02,1324,13,56.7,24,23,1,No,58
27-05-2026,R03,2120,15,72.7,24,23,1,No,92
27-05-2026,R04,1886,13,65.3,24,22,2,No,86
27-05-2026,R05,1235,10,55.6,24,22,2,No,56
27-05-2026,R06,963,38,40,24,22,2,No,44
27-05-2026,R07,1359,12,65.7,24,21,3,No,65
27-05-2026,R08,1631,26,40,24,21,3,No,78
27-05-2026,R09,778,20,71.4,24,22,2,No,35
27-05-2026,R10,1411,19,41.5,24,22,2,No,64
27-05-2026,R11,1335,10,63.6,24,21,3,No,64
27-05-2026,R12,2163,12,40,24,23,1,No,94
27-05-2026,R13,1245,20,50,24,23,1,No,54
27-05-2026,R14,868,30,42.9,24,22,2,No,39
27-05-2026,R15,1078,28,41.1,24,23,1,No,47
27-05-2026,R16,576,29,61.3,24,21,3,No,27
27-05-2026,R17,1299,14,60,24,23,1,No,56
27-05-2026,R18,654,26,60,24,21,3,No,31
27-05-2026,R19,972,35,40,24,22,2,No,44
27-05-2026,R20,612,33,54.5,24,21,3,No,29
28-05-2026,R01,1807,16,64.4,24,21,3,No,86
28-05-2026,R02,1328,15,50,24,22,2,No,60
28-05-2026,R03,2214,28,49.1,24,22,2,No,101
28-05-2026,R04,1820,24,40,24,22,2,No,83
28-05-2026,R05,1308,8,64.4,24,22,2,No,59
28-05-2026,R06,978,35,44,24,21,3,No,47
28-05-2026,R07,1309,10,71.4,24,22,2,No,60
28-05-2026,R08,1407,14,67.1,24,22,2,No,64
28-05-2026,R09,744,36,48.6,24,23,1,No,32
28-05-2026,R10,1701,22,40,24,21,3,No,81
28-05-2026,R11,1296,14,49.1,24,22,2,No,59
28-05-2026,R12,1677,5,75,24,23,1,No,73
28-05-2026,R13,1284,16,60,24,21,3,No,61
28-05-2026,R14,795,26,50.5,24,23,1,No,35
28-05-2026,R15,845,30,40,24,22,2,No,38
28-05-2026,R16,654,44,41.3,24,23,1,No,28
28-05-2026,R17,1545,21,40,24,23,1,No,67
28-05-2026,R18,637,29,55.4,24,23,1,No,28
28-05-2026,R19,855,25,54.5,24,21,3,No,41
28-05-2026,R20,543,31,57.2,24,22,2,No,25
29-05-2026,R01,1993,20,55.6,24,22,2,No,91
29-05-2026,R02,1371,10,66.7,24,22,2,No,62
29-05-2026,R03,2191,19,65.5,24,22,2,No,100
29-05-2026,R04,1774,13,65.3,24,21,3,No,84
29-05-2026,R05,1550,6,73.3,24,21,3,No,74
29-05-2026,R06,1026,35,44,24,23,1,No,45
29-05-2026,R07,1298,10,71.4,24,22,2,No,59
29-05-2026,R08,1528,18,57.6,24,23,1,No,66
29-05-2026,R09,760,39,44.3,24,22,2,No,35
29-05-2026,R10,1409,13,60,24,23,1,No,61
29-05-2026,R11,1412,13,52.7,24,21,3,No,67
29-05-2026,R12,1727,11,45,24,21,3,No,82
29-05-2026,R13,1176,28,40,24,21,3,No,56
29-05-2026,R14,942,30,42.9,24,23,1,No,41
29-05-2026,R15,989,14,70.5,24,21,3,No,47
29-05-2026,R16,598,34,54.7,24,23,1,No,26
29-05-2026,R17,1467,8,77.1,24,22,2,No,67
29-05-2026,R18,767,40,40,24,22,2,No,35
29-05-2026,R19,782,14,74.5,24,23,1,No,34
29-05-2026,R20,525,38,47.6,24,22,2,No,24
30-05-2026,R01,1038,13,71.1,18,16,2,Yes,65
30-05-2026,R02,980,16,46.7,18,16,2,Yes,61
30-05-2026,R03,1584,23,58.2,18,17,1,Yes,93
30-05-2026,R04,1122,16,57.3,18,17,1,Yes,66
30-05-2026,R05,750,11,51.1,18,17,1,Yes,44
30-05-2026,R06,642,34,45.6,18,17,1,Yes,38
30-05-2026,R07,783,17,51.4,18,17,1,Yes,46
30-05-2026,R08,1058,25,41.2,18,15,3,Yes,71
30-05-2026,R09,524,38,45.7,18,17,1,Yes,31
30-05-2026,R10,823,20,40,18,16,2,Yes,51
30-05-2026,R11,954,7,74.5,18,17,1,Yes,56
30-05-2026,R12,1108,13,40,18,15,3,Yes,74
30-05-2026,R13,670,24,40,18,17,1,Yes,39
30-05-2026,R14,554,35,40,18,16,2,Yes,35
30-05-2026,R15,650,26,45.3,18,16,2,Yes,41
30-05-2026,R16,413,25,66.7,18,17,1,Yes,24
30-05-2026,R17,993,21,40,18,17,1,Yes,58
30-05-2026,R18,526,32,50.8,18,16,2,Yes,33
30-05-2026,R19,484,18,67.3,18,17,1,Yes,28
30-05-2026,R20,402,23,68.3,18,16,2,Yes,25
31-05-2026,R01,1113,20,55.6,18,17,1,Yes,65
31-05-2026,R02,1049,17,43.3,18,17,1,Yes,62
31-05-2026,R03,1538,17,69.1,18,16,2,Yes,96
31-05-2026,R04,1164,14,62.7,18,16,2,Yes,73
31-05-2026,R05,986,7,68.9,18,16,2,Yes,62
31-05-2026,R06,542,35,44,18,17,1,Yes,32
31-05-2026,R07,863,17,51.4,18,16,2,Yes,54
31-05-2026,R08,950,25,41.2,18,15,3,Yes,63
31-05-2026,R09,426,22,68.6,18,16,2,Yes,27
31-05-2026,R10,996,14,56.9,18,16,2,Yes,62
31-05-2026,R11,923,12,56.4,18,16,2,Yes,58
31-05-2026,R12,1387,5,75,18,16,2,Yes,87
31-05-2026,R13,732,11,72.5,18,17,1,Yes,43
31-05-2026,R14,496,34,40,18,16,2,Yes,31
31-05-2026,R15,608,12,74.7,18,16,2,Yes,38
31-05-2026,R16,419,50,40,18,16,2,Yes,26
31-05-2026,R17,862,11,68.6,18,16,2,Yes,54
31-05-2026,R18,524,21,67.7,18,15,3,Yes,35
31-05-2026,R19,627,39,40,18,16,2,Yes,39
31-05-2026,R20,330,23,68.3,18,15,3,Yes,22
01-06-2026,R01,1841,16,64.4,24,21,3,No,88
01-06-2026,R02,1543,15,50,24,22,2,No,70
01-06-2026,R03,2347,31,43.6,24,22,2,No,107
01-06-2026,R04,1803,25,40,24,22,2,No,82
01-06-2026,R05,1194,8,64.4,24,22,2,No,54
01-06-2026,R06,869,37,40.8,24,22,2,No,40
01-06-2026,R07,1108,12,65.7,24,21,3,No,53
01-06-2026,R08,1752,21,50.6,24,22,2,No,80
01-06-2026,R09,755,19,72.9,24,23,1,No,33
01-06-2026,R10,1553,16,50.8,24,22,2,No,71
01-06-2026,R11,1307,13,52.7,24,21,3,No,62
01-06-2026,R12,1711,11,45,24,21,3,No,81
01-06-2026,R13,1331,22,45,24,21,3,No,63
01-06-2026,R14,854,28,46.7,24,21,3,No,41
01-06-2026,R15,926,22,53.7,24,21,3,No,44
01-06-2026,R16,650,49,40,24,22,2,No,30
01-06-2026,R17,1378,21,40,24,21,3,No,66
01-06-2026,R18,679,33,49.2,24,21,3,No,32
01-06-2026,R19,961,24,56.4,24,21,3,No,46
01-06-2026,R20,490,42,42.1,24,21,3,No,23
02-06-2026,R01,1904,22,51.1,24,23,1,No,83
02-06-2026,R02,1476,14,53.3,24,21,3,No,70
02-06-2026,R03,2367,39,40,24,23,1,No,103
02-06-2026,R04,1740,18,52,24,22,2,No,79
02-06-2026,R05,1549,14,40,24,23,1,No,67
02-06-2026,R06,986,39,40,24,21,3,No,47
02-06-2026,R07,1166,17,51.4,24,22,2,No,53
02-06-2026,R08,1491,22,48.2,24,23,1,No,65
02-06-2026,R09,785,17,75.7,24,23,1,No,34
02-06-2026,R10,1611,11,66.2,24,23,1,No,70
02-06-2026,R11,1230,16,41.8,24,22,2,No,56
02-06-2026,R12,1860,10,50,24,21,3,No,89
02-06-2026,R13,1249,22,45,24,23,1,No,54
02-06-2026,R14,870,29,44.8,24,23,1,No,38
02-06-2026,R15,972,29,40,24,21,3,No,46
02-06-2026,R16,544,41,45.3,24,22,2,No,25
02-06-2026,R17,1296,14,60,24,22,2,No,59
02-06-2026,R18,724,28,56.9,24,22,2,No,33
02-06-2026,R19,816,21,61.8,24,23,1,No,35
02-06-2026,R20,524,43,40.7,24,22,2,No,24
03-06-2026,R01,2090,16,64.4,24,21,3,No,100
03-06-2026,R02,1386,16,46.7,24,23,1,No,60
03-06-2026,R03,2047,30,45.5,24,22,2,No,93
03-06-2026,R04,1668,13,65.3,24,22,2,No,76
03-06-2026,R05,1373,7,68.9,24,21,3,No,65
03-06-2026,R06,1009,20,68,24,21,3,No,48
03-06-2026,R07,1427,12,65.7,24,21,3,No,68
03-06-2026,R08,1785,21,50.6,24,22,2,No,81
03-06-2026,R09,841,30,57.1,24,21,3,No,40
03-06-2026,R10,1395,19,41.5,24,21,3,No,66
03-06-2026,R11,1480,11,60,24,22,2,No,67
03-06-2026,R12,1985,7,65,24,23,1,No,86
03-06-2026,R13,1284,14,65,24,23,1,No,56
03-06-2026,R14,767,25,52.4,24,23,1,No,33
03-06-2026,R15,849,28,41.1,24,22,2,No,39
03-06-2026,R16,628,30,60,24,22,2,No,29
03-06-2026,R17,1331,16,54.3,24,22,2,No,60
03-06-2026,R18,778,41,40,24,21,3,No,37
03-06-2026,R19,856,33,40,24,23,1,No,37
03-06-2026,R20,612,30,58.6,24,23,1,No,27
04-06-2026,R01,2098,22,51.1,24,21,3,No,100
04-06-2026,R02,1251,18,40,24,22,2,No,57
04-06-2026,R03,2375,18,67.3,24,22,2,No,108
04-06-2026,R04,1587,16,57.3,24,21,3,No,76
04-06-2026,R05,1287,7,68.9,24,23,1,No,56
04-06-2026,R06,964,33,47.2,24,23,1,No,42
04-06-2026,R07,1133,17,51.4,24,23,1,No,49
04-06-2026,R08,1647,16,62.4,24,23,1,No,72
04-06-2026,R09,658,18,74.3,24,22,2,No,30
04-06-2026,R10,1586,10,69.2,24,23,1,No,69
04-06-2026,R11,1162,9,67.3,24,21,3,No,55
04-06-2026,R12,2090,14,40,24,21,3,No,100
04-06-2026,R13,1073,15,62.5,24,21,3,No,51
04-06-2026,R14,904,32,40,24,21,3,No,43
04-06-2026,R15,888,26,45.3,24,23,1,No,39
04-06-2026,R16,626,44,41.3,24,22,2,No,28
04-06-2026,R17,1535,18,48.6,24,22,2,No,70
04-06-2026,R18,648,32,50.8,24,22,2,No,29
04-06-2026,R19,916,35,40,24,21,3,No,44
04-06-2026,R20,557,47,40,24,21,3,No,27
05-06-2026,R01,1931,29,40,24,23,1,No,84
05-06-2026,R02,1421,20,40,24,23,1,No,62
05-06-2026,R03,1998,25,54.5,24,23,1,No,87
05-06-2026,R04,1685,12,68,24,23,1,No,73
05-06-2026,R05,1485,8,64.4,24,23,1,No,65
05-06-2026,R06,1105,42,40,24,23,1,No,48
05-06-2026,R07,1106,17,51.4,24,21,3,No,53
05-06-2026,R08,1702,18,57.6,24,23,1,No,74
05-06-2026,R09,708,25,64.3,24,21,3,No,34
05-06-2026,R10,1600,23,40,24,22,2,No,73
05-06-2026,R11,1504,11,60,24,23,1,No,65
05-06-2026,R12,1935,10,50,24,21,3,No,92
05-06-2026,R13,1319,14,65,24,23,1,No,57
05-06-2026,R14,778,20,61.9,24,21,3,No,37
05-06-2026,R15,1010,19,60,24,22,2,No,46
05-06-2026,R16,676,28,62.7,24,23,1,No,29
05-06-2026,R17,1218,15,57.1,24,23,1,No,53
05-06-2026,R18,735,20,69.2,24,21,3,No,35
05-06-2026,R19,957,35,40,24,22,2,No,44
05-06-2026,R20,575,32,55.9,24,22,2,No,26
06-06-2026,R01,1102,19,57.8,18,15,3,Yes,73
06-06-2026,R02,971,16,46.7,18,16,2,Yes,61
06-06-2026,R03,1388,24,56.4,18,16,2,Yes,87
06-06-2026,R04,1207,26,40,18,16,2,Yes,75
06-06-2026,R05,965,11,51.1,18,17,1,Yes,57
06-06-2026,R06,566,41,40,18,16,2,Yes,35
06-06-2026,R07,797,16,54.3,18,17,1,Yes,47
06-06-2026,R08,1041,29,40,18,17,1,Yes,61
06-06-2026,R09,536,43,40,18,17,1,Yes,32
06-06-2026,R10,839,12,63.1,18,17,1,Yes,49
06-06-2026,R11,871,11,60,18,17,1,Yes,51
06-06-2026,R12,1225,7,65,18,16,2,Yes,77
06-06-2026,R13,703,20,50,18,16,2,Yes,44
06-06-2026,R14,495,33,40,18,16,2,Yes,31
06-06-2026,R15,540,31,40,18,17,1,Yes,32
06-06-2026,R16,413,43,42.7,18,17,1,Yes,24
06-06-2026,R17,832,9,74.3,18,17,1,Yes,49
06-06-2026,R18,438,31,52.3,18,16,2,Yes,27
06-06-2026,R19,582,37,40,18,16,2,Yes,36
06-06-2026,R20,323,38,47.6,18,17,1,Yes,19
07-06-2026,R01,1295,14,68.9,18,16,2,Yes,81
07-06-2026,R02,887,13,56.7,18,17,1,Yes,52
07-06-2026,R03,1280,38,40,18,17,1,Yes,75
07-06-2026,R04,964,15,60,18,16,2,Yes,60
07-06-2026,R05,928,11,51.1,18,16,2,Yes,58
07-06-2026,R06,711,28,55.2,18,17,1,Yes,42
07-06-2026,R07,794,12,65.7,18,17,1,Yes,47
07-06-2026,R08,926,22,48.2,18,16,2,Yes,58
07-06-2026,R09,548,25,64.3,18,16,2,Yes,34
07-06-2026,R10,1039,8,75.4,18,17,1,Yes,61
07-06-2026,R11,918,7,74.5,18,17,1,Yes,54
07-06-2026,R12,1364,8,60,18,17,1,Yes,80
07-06-2026,R13,877,17,57.5,18,17,1,Yes,52
07-06-2026,R14,478,30,42.9,18,17,1,Yes,28
07-06-2026,R15,695,30,40,18,17,1,Yes,41
07-06-2026,R16,348,33,56,18,17,1,Yes,20
07-06-2026,R17,935,24,40,18,16,2,Yes,58
07-06-2026,R18,534,39,40,18,16,2,Yes,33
07-06-2026,R19,538,18,67.3,18,17,1,Yes,32
07-06-2026,R20,407,33,54.5,18,17,1,Yes,24
08-06-2026,R01,1764,27,40,24,21,3,No,84
08-06-2026,R02,1335,17,43.3,24,22,2,No,61
08-06-2026,R03,2474,28,49.1,24,21,3,No,118
08-06-2026,R04,1816,10,73.3,24,22,2,No,83
08-06-2026,R05,1469,15,40,24,23,1,No,64
08-06-2026,R06,1109,44,40,24,23,1,No,48
08-06-2026,R07,1420,20,42.9,24,22,2,No,65
08-06-2026,R08,1809,11,74.1,24,22,2,No,82
08-06-2026,R09,721,20,71.4,24,23,1,No,31
08-06-2026,R10,1519,21,40,24,23,1,No,66
08-06-2026,R11,1223,14,49.1,24,22,2,No,56
08-06-2026,R12,1812,5,75,24,23,1,No,79
08-06-2026,R13,1079,18,55,24,21,3,No,51
08-06-2026,R14,790,17,67.6,24,22,2,No,36
08-06-2026,R15,855,20,57.9,24,22,2,No,39
08-06-2026,R16,593,24,68,24,22,2,No,27
08-06-2026,R17,1404,24,40,24,23,1,No,61
08-06-2026,R18,729,45,40,24,22,2,No,33
08-06-2026,R19,836,16,70.9,24,21,3,No,40
08-06-2026,R20,618,20,72.4,24,22,2,No,28
09-06-2026,R01,2109,16,64.4,24,23,1,No,92
09-06-2026,R02,1616,10,66.7,24,23,1,No,70
09-06-2026,R03,2379,34,40,24,21,3,No,113
09-06-2026,R04,1580,10,73.3,24,21,3,No,75
09-06-2026,R05,1282,11,51.1,24,22,2,No,58
09-06-2026,R06,918,24,61.6,24,21,3,No,44
09-06-2026,R07,1109,21,40,24,22,2,No,50
09-06-2026,R08,1525,10,76.5,24,21,3,No,73
09-06-2026,R09,779,40,42.9,24,23,1,No,34
09-06-2026,R10,1626,9,72.3,24,23,1,No,71
09-06-2026,R11,1451,8,70.9,24,23,1,No,63
09-06-2026,R12,1888,5,75,24,21,3,No,90
09-06-2026,R13,1100,13,67.5,24,21,3,No,52
09-06-2026,R14,768,16,69.5,24,22,2,No,35
09-06-2026,R15,977,18,62.1,24,23,1,No,42
09-06-2026,R16,552,29,61.3,24,23,1,No,24
09-06-2026,R17,1225,21,40,24,23,1,No,53
09-06-2026,R18,785,35,46.2,24,22,2,No,36
09-06-2026,R19,840,35,40,24,22,2,No,38
09-06-2026,R20,576,28,61.4,24,21,3,No,27
10-06-2026,R01,1695,14,68.9,24,23,1,No,74
10-06-2026,R02,1631,19,40,24,21,3,No,78
10-06-2026,R03,2480,19,65.5,24,23,1,No,108
10-06-2026,R04,1752,26,40,24,22,2,No,80
10-06-2026,R05,1464,6,73.3,24,23,1,No,64
10-06-2026,R06,906,34,45.6,24,22,2,No,41
10-06-2026,R07,1201,16,54.3,24,23,1,No,52
10-06-2026,R08,1634,27,40,24,23,1,No,71
10-06-2026,R09,716,40,42.9,24,22,2,No,33
10-06-2026,R10,1633,14,56.9,24,23,1,No,71
10-06-2026,R11,1234,16,41.8,24,21,3,No,59
10-06-2026,R12,1989,8,60,24,22,2,No,90
10-06-2026,R13,1203,9,77.5,24,21,3,No,57
10-06-2026,R14,783,30,42.9,24,22,2,No,36
10-06-2026,R15,929,29,40,24,22,2,No,42
10-06-2026,R16,665,25,66.7,24,21,3,No,32
10-06-2026,R17,1407,22,40,24,23,1,No,61
10-06-2026,R18,799,30,53.8,24,21,3,No,38
10-06-2026,R19,830,30,45.5,24,21,3,No,40
10-06-2026,R20,552,19,73.8,24,23,1,No,24
11-06-2026,R01,1699,19,57.8,24,23,1,No,74
11-06-2026,R02,1362,21,40,24,22,2,No,62
11-06-2026,R03,2272,33,40,24,21,3,No,108
11-06-2026,R04,1820,24,40,24,23,1,No,79
11-06-2026,R05,1207,6,73.3,24,21,3,No,57
11-06-2026,R06,1009,20,68,24,22,2,No,46
11-06-2026,R07,1100,22,40,24,21,3,No,52
11-06-2026,R08,1586,20,52.9,24,22,2,No,72
11-06-2026,R09,673,40,42.9,24,21,3,No,32
11-06-2026,R10,1379,15,53.8,24,22,2,No,63
11-06-2026,R11,1230,14,49.1,24,22,2,No,56
11-06-2026,R12,2044,9,55,24,21,3,No,97
11-06-2026,R13,1174,18,55,24,23,1,No,51
11-06-2026,R14,825,37,40,24,21,3,No,39
11-06-2026,R15,869,30,40,24,21,3,No,41
11-06-2026,R16,664,31,58.7,24,22,2,No,30
11-06-2026,R17,1357,16,54.3,24,23,1,No,59
11-06-2026,R18,663,46,40,24,21,3,No,32
11-06-2026,R19,765,15,72.7,24,22,2,No,35
11-06-2026,R20,523,38,47.6,24,23,1,No,23
12-06-2026,R01,1787,23,48.9,24,23,1,No,78
12-06-2026,R02,1578,16,46.7,24,23,1,No,69
12-06-2026,R03,2417,27,50.9,24,23,1,No,105
12-06-2026,R04,1717,14,62.7,24,23,1,No,75
12-06-2026,R05,1354,6,73.3,24,22,2,No,62
12-06-2026,R06,935,26,58.4,24,23,1,No,41
12-06-2026,R07,1116,15,57.1,24,22,2,No,51
12-06-2026,R08,1574,24,43.5,24,21,3,No,75
12-06-2026,R09,687,19,72.9,24,22,2,No,31
12-06-2026,R10,1564,22,40,24,22,2,No,71
12-06-2026,R11,1426,17,40,24,21,3,No,68
12-06-2026,R12,2154,11,45,24,23,1,No,94
12-06-2026,R13,1177,27,40,24,23,1,No,51
12-06-2026,R14,755,23,56.2,24,23,1,No,33
12-06-2026,R15,960,15,68.4,24,22,2,No,44
12-06-2026,R16,554,47,40,24,21,3,No,26
12-06-2026,R17,1242,10,71.4,24,23,1,No,54
12-06-2026,R18,811,36,44.6,24,23,1,No,35
12-06-2026,R19,915,14,74.5,24,23,1,No,40
12-06-2026,R20,632,31,57.2,24,23,1,No,27
13-06-2026,R01,1125,21,53.3,18,17,1,Yes,66
13-06-2026,R02,825,20,40,18,16,2,Yes,52
13-06-2026,R03,1583,36,40,18,17,1,Yes,93
13-06-2026,R04,1087,23,40,18,17,1,Yes,64
13-06-2026,R05,773,11,51.1,18,16,2,Yes,48
13-06-2026,R06,730,34,45.6,18,16,2,Yes,46
13-06-2026,R07,920,12,65.7,18,16,2,Yes,58
13-06-2026,R08,948,10,76.5,18,17,1,Yes,56
13-06-2026,R09,551,47,40,18,17,1,Yes,32
13-06-2026,R10,1073,8,75.4,18,16,2,Yes,67
13-06-2026,R11,764,7,74.5,18,16,2,Yes,48
13-06-2026,R12,1138,7,65,18,16,2,Yes,71
13-06-2026,R13,897,15,62.5,18,15,3,Yes,60
13-06-2026,R14,546,14,73.3,18,17,1,Yes,32
13-06-2026,R15,632,29,40,18,16,2,Yes,40
13-06-2026,R16,358,35,53.3,18,17,1,Yes,21
13-06-2026,R17,1006,23,40,18,16,2,Yes,63
13-06-2026,R18,449,24,63.1,18,17,1,Yes,26
13-06-2026,R19,512,31,43.6,18,16,2,Yes,32
13-06-2026,R20,410,26,64.1,18,17,1,Yes,24
14-06-2026,R01,1056,25,44.4,18,17,1,Yes,62
14-06-2026,R02,987,20,40,18,17,1,Yes,58
14-06-2026,R03,1451,27,50.9,18,15,3,Yes,97
14-06-2026,R04,936,9,76,18,16,2,Yes,58
14-06-2026,R05,924,13,42.2,18,16,2,Yes,58
14-06-2026,R06,576,20,68,18,17,1,Yes,34
14-06-2026,R07,854,14,60,18,16,2,Yes,53
14-06-2026,R08,930,19,55.3,18,16,2,Yes,58
14-06-2026,R09,483,35,50,18,16,2,Yes,30
14-06-2026,R10,1032,20,40,18,17,1,Yes,61
14-06-2026,R11,915,16,41.8,18,17,1,Yes,54
14-06-2026,R12,1405,7,65,18,17,1,Yes,83
14-06-2026,R13,883,23,42.5,18,17,1,Yes,52
14-06-2026,R14,488,16,69.5,18,15,3,Yes,33
14-06-2026,R15,656,29,40,18,17,1,Yes,39
14-06-2026,R16,415,20,73.3,18,16,2,Yes,26
14-06-2026,R17,813,24,40,18,16,2,Yes,51
14-06-2026,R18,399,38,41.5,18,16,2,Yes,25
14-06-2026,R19,503,30,45.5,18,17,1,Yes,30
14-06-2026,R20,333,49,40,18,17,1,Yes,20
15-06-2026,R01,1955,11,75.6,24,21,3,No,93
15-06-2026,R02,1434,16,46.7,24,22,2,No,65
15-06-2026,R03,2523,35,40,24,21,3,No,120
15-06-2026,R04,1836,22,41.3,24,23,1,No,80
15-06-2026,R05,1305,10,55.6,24,22,2,No,59
15-06-2026,R06,961,18,71.2,24,21,3,No,46
15-06-2026,R07,1113,18,48.6,24,21,3,No,53
15-06-2026,R08,1512,29,40,24,21,3,No,72
15-06-2026,R09,741,39,44.3,24,22,2,No,34
15-06-2026,R10,1624,14,56.9,24,21,3,No,77
15-06-2026,R11,1275,13,52.7,24,21,3,No,61
15-06-2026,R12,1950,7,65,24,21,3,No,93
15-06-2026,R13,1345,14,65,24,23,1,No,58
15-06-2026,R14,740,35,40,24,23,1,No,32
15-06-2026,R15,891,26,45.3,24,22,2,No,40
15-06-2026,R16,655,22,70.7,24,22,2,No,30
15-06-2026,R17,1253,11,68.6,24,21,3,No,60
15-06-2026,R18,749,35,46.2,24,22,2,No,34
15-06-2026,R19,836,24,56.4,24,23,1,No,36
15-06-2026,R20,500,37,49,24,23,1,No,22
16-06-2026,R01,1766,12,73.3,24,23,1,No,77
16-06-2026,R02,1289,11,63.3,24,21,3,No,61
16-06-2026,R03,2253,20,63.6,24,22,2,No,102
16-06-2026,R04,1889,24,40,24,21,3,No,90
16-06-2026,R05,1493,8,64.4,24,23,1,No,65
16-06-2026,R06,881,33,47.2,24,21,3,No,42
16-06-2026,R07,1122,24,40,24,21,3,No,53
16-06-2026,R08,1675,15,64.7,24,23,1,No,73
16-06-2026,R09,654,35,50,24,23,1,No,28
16-06-2026,R10,1409,18,44.6,24,21,3,No,67
16-06-2026,R11,1444,8,70.9,24,22,2,No,66
16-06-2026,R12,1728,9,55,24,22,2,No,79
16-06-2026,R13,1315,10,75,24,23,1,No,57
16-06-2026,R14,763,25,52.4,24,23,1,No,33
16-06-2026,R15,940,20,57.9,24,23,1,No,41
16-06-2026,R16,614,28,62.7,24,22,2,No,28
16-06-2026,R17,1324,17,51.4,24,21,3,No,63
16-06-2026,R18,818,27,58.5,24,23,1,No,36
16-06-2026,R19,885,33,40,24,22,2,No,40
16-06-2026,R20,623,29,60,24,21,3,No,30
17-06-2026,R01,1700,27,40,24,22,2,No,77
17-06-2026,R02,1574,14,53.3,24,22,2,No,72
17-06-2026,R03,2077,13,76.4,24,21,3,No,99
17-06-2026,R04,1703,21,44,24,23,1,No,74
17-06-2026,R05,1263,8,64.4,24,22,2,No,57
17-06-2026,R06,916,24,61.6,24,23,1,No,40
17-06-2026,R07,1154,8,77.1,24,22,2,No,52
17-06-2026,R08,1781,21,50.6,24,21,3,No,85
17-06-2026,R09,803,45,40,24,23,1,No,35
17-06-2026,R10,1606,20,40,24,23,1,No,70
17-06-2026,R11,1499,10,63.6,24,22,2,No,68
17-06-2026,R12,1859,10,50,24,23,1,No,81
17-06-2026,R13,1085,28,40,24,22,2,No,49
17-06-2026,R14,769,31,41,24,23,1,No,33
17-06-2026,R15,986,17,64.2,24,21,3,No,47
17-06-2026,R16,570,44,41.3,24,22,2,No,26
17-06-2026,R17,1452,16,54.3,24,21,3,No,69
17-06-2026,R18,659,30,53.8,24,23,1,No,29
17-06-2026,R19,934,35,40,24,22,2,No,42
17-06-2026,R20,582,48,40,24,23,1,No,25
18-06-2026,R01,2038,29,40,24,23,1,No,89
18-06-2026,R02,1464,12,60,24,22,2,No,67
18-06-2026,R03,2382,23,58.2,24,21,3,No,113
18-06-2026,R04,1845,11,70.7,24,23,1,No,80
18-06-2026,R05,1446,7,68.9,24,21,3,No,69
18-06-2026,R06,1044,15,76,24,22,2,No,47
18-06-2026,R07,1374,8,77.1,24,21,3,No,65
18-06-2026,R08,1723,11,74.1,24,23,1,No,75
18-06-2026,R09,671,31,55.7,24,22,2,No,30
18-06-2026,R10,1648,18,44.6,24,22,2,No,75
18-06-2026,R11,1260,10,63.6,24,23,1,No,55
18-06-2026,R12,1772,9,55,24,22,2,No,81
18-06-2026,R13,1329,12,70,24,22,2,No,60
18-06-2026,R14,930,29,44.8,24,22,2,No,42
18-06-2026,R15,1001,26,45.3,24,21,3,No,48
18-06-2026,R16,579,30,60,24,21,3,No,28
18-06-2026,R17,1511,16,54.3,24,23,1,No,66
18-06-2026,R18,648,31,52.3,24,23,1,No,28
18-06-2026,R19,861,23,58.2,24,21,3,No,41
18-06-2026,R20,518,33,54.5,24,23,1,No,23
19-06-2026,R01,1755,29,40,24,21,3,No,84
19-06-2026,R02,1304,14,53.3,24,22,2,No,59
19-06-2026,R03,2376,23,58.2,24,23,1,No,103
19-06-2026,R04,1623,16,57.3,24,23,1,No,71
19-06-2026,R05,1480,9,60,24,22,2,No,67
19-06-2026,R06,1043,31,50.4,24,22,2,No,47
19-06-2026,R07,1183,11,68.6,24,23,1,No,51
19-06-2026,R08,1402,22,48.2,24,21,3,No,67
19-06-2026,R09,814,37,47.1,24,23,1,No,35
19-06-2026,R10,1495,18,44.6,24,23,1,No,65
19-06-2026,R11,1157,13,52.7,24,23,1,No,50
19-06-2026,R12,2133,12,40,24,23,1,No,93
19-06-2026,R13,1289,15,62.5,24,23,1,No,56
19-06-2026,R14,826,34,40,24,23,1,No,36
19-06-2026,R15,934,29,40,24,22,2,No,42
19-06-2026,R16,587,23,69.3,24,21,3,No,28
19-06-2026,R17,1580,18,48.6,24,23,1,No,69
19-06-2026,R18,677,33,49.2,24,23,1,No,29
19-06-2026,R19,974,17,69.1,24,23,1,No,42
19-06-2026,R20,514,45,40,24,22,2,No,23
20-06-2026,R01,1282,20,55.6,18,15,3,Yes,85
20-06-2026,R02,791,12,60,18,16,2,Yes,49
20-06-2026,R03,1543,36,40,18,16,2,Yes,96
20-06-2026,R04,1122,17,54.7,18,16,2,Yes,70
20-06-2026,R05,962,8,64.4,18,17,1,Yes,57
20-06-2026,R06,565,33,47.2,18,17,1,Yes,33
20-06-2026,R07,875,15,57.1,18,16,2,Yes,55
20-06-2026,R08,1136,20,52.9,18,16,2,Yes,71
20-06-2026,R09,535,27,61.4,18,15,3,Yes,36
20-06-2026,R10,1009,19,41.5,18,16,2,Yes,63
20-06-2026,R11,721,9,67.3,18,16,2,Yes,45
20-06-2026,R12,1186,8,60,18,17,1,Yes,70
20-06-2026,R13,835,14,65,18,17,1,Yes,49
20-06-2026,R14,494,17,67.6,18,17,1,Yes,29
20-06-2026,R15,696,31,40,18,16,2,Yes,44
20-06-2026,R16,441,45,40,18,17,1,Yes,26
20-06-2026,R17,910,14,60,18,17,1,Yes,54
20-06-2026,R18,420,33,49.2,18,16,2,Yes,26
20-06-2026,R19,483,17,69.1,18,17,1,Yes,28
20-06-2026,R20,311,46,40,18,17,1,Yes,18
21-06-2026,R01,1072,28,40,18,16,2,Yes,67
21-06-2026,R02,974,21,40,18,16,2,Yes,61
21-06-2026,R03,1260,26,52.7,18,17,1,Yes,74
21-06-2026,R04,1216,22,41.3,18,17,1,Yes,72
21-06-2026,R05,927,15,40,18,16,2,Yes,58
21-06-2026,R06,601,40,40,18,17,1,Yes,35
21-06-2026,R07,788,8,77.1,18,16,2,Yes,49
21-06-2026,R08,1106,30,40,18,17,1,Yes,65
21-06-2026,R09,488,42,40,18,17,1,Yes,29
21-06-2026,R10,1071,23,40,18,17,1,Yes,63
21-06-2026,R11,914,15,45.5,18,16,2,Yes,57
21-06-2026,R12,1336,11,45,18,16,2,Yes,84
21-06-2026,R13,780,19,52.5,18,17,1,Yes,46
21-06-2026,R14,463,27,48.6,18,15,3,Yes,31
21-06-2026,R15,625,26,45.3,18,17,1,Yes,37
21-06-2026,R16,383,43,42.7,18,17,1,Yes,23
21-06-2026,R17,983,21,40,18,16,2,Yes,61
21-06-2026,R18,450,40,40,18,15,3,Yes,30
21-06-2026,R19,490,19,65.5,18,17,1,Yes,29
21-06-2026,R20,387,33,54.5,18,17,1,Yes,23
22-06-2026,R01,2016,15,66.7,24,21,3,No,96
22-06-2026,R02,1251,9,70,24,21,3,No,60
22-06-2026,R03,2013,23,58.2,24,21,3,No,96
22-06-2026,R04,1703,26,40,24,23,1,No,74
22-06-2026,R05,1316,11,51.1,24,23,1,No,57
22-06-2026,R06,888,23,63.2,24,22,2,No,40
22-06-2026,R07,1349,18,48.6,24,22,2,No,61
22-06-2026,R08,1395,14,67.1,24,22,2,No,63
22-06-2026,R09,675,42,40,24,22,2,No,31
22-06-2026,R10,1675,10,69.2,24,23,1,No,73
22-06-2026,R11,1289,12,56.4,24,23,1,No,56
22-06-2026,R12,1721,5,75,24,22,2,No,78
22-06-2026,R13,1372,14,65,24,21,3,No,65
22-06-2026,R14,832,24,54.3,24,21,3,No,40
22-06-2026,R15,899,17,64.2,24,23,1,No,39
22-06-2026,R16,590,26,65.3,24,22,2,No,27
22-06-2026,R17,1418,14,60,24,23,1,No,62
22-06-2026,R18,791,44,40,24,23,1,No,34
22-06-2026,R19,820,36,40,24,21,3,No,39
22-06-2026,R20,589,24,66.9,24,23,1,No,26
23-06-2026,R01,1768,10,77.8,24,23,1,No,77
23-06-2026,R02,1602,8,73.3,24,22,2,No,73
23-06-2026,R03,2108,30,45.5,24,22,2,No,96
23-06-2026,R04,1650,23,40,24,23,1,No,72
23-06-2026,R05,1510,11,51.1,24,21,3,No,72
23-06-2026,R06,1036,18,71.2,24,22,2,No,47
23-06-2026,R07,1289,21,40,24,22,2,No,59
23-06-2026,R08,1702,24,43.5,24,22,2,No,77
23-06-2026,R09,779,16,77.1,24,21,3,No,37
23-06-2026,R10,1476,18,44.6,24,23,1,No,64
23-06-2026,R11,1192,17,40,24,21,3,No,57
23-06-2026,R12,2070,6,70,24,21,3,No,99
23-06-2026,R13,1163,11,72.5,24,23,1,No,51
23-06-2026,R14,827,21,60,24,22,2,No,38
23-06-2026,R15,976,31,40,24,23,1,No,42
23-06-2026,R16,591,46,40,24,23,1,No,26
23-06-2026,R17,1416,14,60,24,22,2,No,64
23-06-2026,R18,759,43,40,24,23,1,No,33
23-06-2026,R19,789,20,63.6,24,23,1,No,34
23-06-2026,R20,516,48,40,24,23,1,No,22
24-06-2026,R01,1970,24,46.7,24,21,3,No,94
24-06-2026,R02,1525,20,40,24,21,3,No,73
24-06-2026,R03,2397,36,40,24,23,1,No,104
24-06-2026,R04,1567,12,68,24,22,2,No,71
24-06-2026,R05,1229,8,64.4,24,23,1,No,53
24-06-2026,R06,1112,38,40,24,22,2,No,51
24-06-2026,R07,1270,22,40,24,21,3,No,60
24-06-2026,R08,1755,18,57.6,24,23,1,No,76
24-06-2026,R09,785,36,48.6,24,22,2,No,36
24-06-2026,R10,1680,18,44.6,24,23,1,No,73
24-06-2026,R11,1475,18,40,24,22,2,No,67
24-06-2026,R12,1943,13,40,24,22,2,No,88
24-06-2026,R13,1107,9,77.5,24,23,1,No,48
24-06-2026,R14,722,15,71.4,24,22,2,No,33
24-06-2026,R15,1014,11,76.8,24,21,3,No,48
24-06-2026,R16,576,36,52,24,21,3,No,27
24-06-2026,R17,1266,18,48.6,24,21,3,No,60
24-06-2026,R18,824,44,40,24,23,1,No,36
24-06-2026,R19,810,14,74.5,24,22,2,No,37
24-06-2026,R20,587,51,40,24,21,3,No,28
25-06-2026,R01,1894,28,40,24,23,1,No,82
25-06-2026,R02,1400,16,46.7,24,22,2,No,64
25-06-2026,R03,2309,18,67.3,24,23,1,No,100
25-06-2026,R04,1497,15,60,24,23,1,No,65
25-06-2026,R05,1209,15,40,24,22,2,No,55
25-06-2026,R06,911,34,45.6,24,21,3,No,43
25-06-2026,R07,1248,14,60,24,21,3,No,59
25-06-2026,R08,1520,24,43.5,24,23,1,No,66
25-06-2026,R09,725,39,44.3,24,21,3,No,35
25-06-2026,R10,1442,10,69.2,24,22,2,No,66
25-06-2026,R11,1444,10,63.6,24,23,1,No,63
25-06-2026,R12,2003,10,50,24,23,1,No,87
25-06-2026,R13,1212,11,72.5,24,22,2,No,55
25-06-2026,R14,860,15,71.4,24,21,3,No,41
25-06-2026,R15,892,30,40,24,23,1,No,39
25-06-2026,R16,582,48,40,24,23,1,No,25
25-06-2026,R17,1343,12,65.7,24,23,1,No,58
25-06-2026,R18,760,30,53.8,24,23,1,No,33
25-06-2026,R19,829,22,60,24,23,1,No,36
25-06-2026,R20,515,32,55.9,24,23,1,No,22
26-06-2026,R01,1676,15,66.7,24,21,3,No,80
26-06-2026,R02,1338,9,70,24,21,3,No,64
26-06-2026,R03,2015,22,60,24,22,2,No,92
26-06-2026,R04,1547,24,40,24,22,2,No,70
26-06-2026,R05,1245,6,73.3,24,22,2,No,57
26-06-2026,R06,923,43,40,24,22,2,No,42
26-06-2026,R07,1214,21,40,24,21,3,No,58
26-06-2026,R08,1569,29,40,24,21,3,No,75
26-06-2026,R09,710,46,40,24,22,2,No,32
26-06-2026,R10,1630,21,40,24,21,3,No,78
26-06-2026,R11,1391,9,67.3,24,23,1,No,60
26-06-2026,R12,1848,5,75,24,21,3,No,88
26-06-2026,R13,1359,22,45,24,23,1,No,59
26-06-2026,R14,932,17,67.6,24,23,1,No,41
26-06-2026,R15,903,23,51.6,24,21,3,No,43
26-06-2026,R16,665,20,73.3,24,21,3,No,32
26-06-2026,R17,1427,21,40,24,21,3,No,68
26-06-2026,R18,818,30,53.8,24,23,1,No,36
26-06-2026,R19,775,19,65.5,24,22,2,No,35
26-06-2026,R20,607,37,49,24,22,2,No,28
27-06-2026,R01,1227,24,46.7,18,16,2,Yes,77
27-06-2026,R02,788,12,60,18,17,1,Yes,46
27-06-2026,R03,1476,21,61.8,18,16,2,Yes,92
27-06-2026,R04,1178,24,40,18,16,2,Yes,74
27-06-2026,R05,877,9,60,18,17,1,Yes,52
27-06-2026,R06,592,25,60,18,16,2,Yes,37
27-06-2026,R07,720,20,42.9,18,17,1,Yes,42
27-06-2026,R08,1063,14,67.1,18,16,2,Yes,66
27-06-2026,R09,408,40,42.9,18,17,1,Yes,24
27-06-2026,R10,929,15,53.8,18,17,1,Yes,55
27-06-2026,R11,868,18,40,18,17,1,Yes,51
27-06-2026,R12,1157,13,40,18,16,2,Yes,72
27-06-2026,R13,694,20,50,18,15,3,Yes,46
27-06-2026,R14,465,16,69.5,18,16,2,Yes,29
27-06-2026,R15,638,18,62.1,18,16,2,Yes,40
27-06-2026,R16,370,37,50.7,18,17,1,Yes,22
27-06-2026,R17,1010,21,40,18,16,2,Yes,63
27-06-2026,R18,465,25,61.5,18,17,1,Yes,27
27-06-2026,R19,604,18,67.3,18,17,1,Yes,36
27-06-2026,R20,343,40,44.8,18,16,2,Yes,21
28-06-2026,R01,1181,25,44.4,18,17,1,Yes,69
28-06-2026,R02,846,19,40,18,17,1,Yes,50
28-06-2026,R03,1584,13,76.4,18,15,3,Yes,106
28-06-2026,R04,1076,17,54.7,18,16,2,Yes,67
28-06-2026,R05,745,14,40,18,15,3,Yes,50
28-06-2026,R06,709,28,55.2,18,17,1,Yes,42
28-06-2026,R07,879,9,74.3,18,16,2,Yes,55
28-06-2026,R08,952,24,43.5,18,17,1,Yes,56
28-06-2026,R09,479,18,74.3,18,16,2,Yes,30
28-06-2026,R10,891,16,50.8,18,17,1,Yes,52
28-06-2026,R11,822,16,41.8,18,16,2,Yes,51
28-06-2026,R12,1414,6,70,18,17,1,Yes,83
28-06-2026,R13,861,14,65,18,17,1,Yes,51
28-06-2026,R14,599,13,75.2,18,16,2,Yes,37
28-06-2026,R15,530,19,60,18,17,1,Yes,31
28-06-2026,R16,395,21,72,18,17,1,Yes,23
28-06-2026,R17,780,20,42.9,18,17,1,Yes,46
28-06-2026,R18,473,29,55.4,18,16,2,Yes,30
28-06-2026,R19,592,26,52.7,18,15,3,Yes,39
28-06-2026,R20,336,18,75.2,18,16,2,Yes,21
29-06-2026,R01,1992,13,71.1,24,22,2,No,91
29-06-2026,R02,1588,9,70,24,22,2,No,72
29-06-2026,R03,1949,30,45.5,24,22,2,No,89
29-06-2026,R04,1494,22,41.3,24,23,1,No,65
29-06-2026,R05,1348,11,51.1,24,21,3,No,64
29-06-2026,R06,1062,28,55.2,24,22,2,No,48
29-06-2026,R07,1346,13,62.9,24,22,2,No,61
29-06-2026,R08,1463,29,40,24,22,2,No,66
29-06-2026,R09,685,47,40,24,22,2,No,31
29-06-2026,R10,1571,11,66.2,24,21,3,No,75
29-06-2026,R11,1243,13,52.7,24,22,2,No,56
29-06-2026,R12,1759,9,55,24,21,3,No,84
29-06-2026,R13,1319,17,57.5,24,23,1,No,57
29-06-2026,R14,733,33,40,24,22,2,No,33
29-06-2026,R15,1040,30,40,24,23,1,No,45
29-06-2026,R16,582,45,40,24,23,1,No,25
29-06-2026,R17,1568,14,60,24,22,2,No,71
29-06-2026,R18,636,25,61.5,24,22,2,No,29
29-06-2026,R19,916,34,40,24,22,2,No,42
29-06-2026,R20,596,41,43.4,24,22,2,No,27
30-06-2026,R01,1874,14,68.9,24,21,3,No,89
30-06-2026,R02,1347,9,70,24,22,2,No,61
30-06-2026,R03,2301,37,40,24,23,1,No,100
30-06-2026,R04,1623,10,73.3,24,21,3,No,77
30-06-2026,R05,1528,12,46.7,24,21,3,No,73
30-06-2026,R06,995,24,61.6,24,22,2,No,45
30-06-2026,R07,1288,22,40,24,23,1,No,56
30-06-2026,R08,1607,30,40,24,22,2,No,73
30-06-2026,R09,822,48,40,24,21,3,No,39
30-06-2026,R10,1396,18,44.6,24,22,2,No,63
30-06-2026,R11,1440,6,78.2,24,23,1,No,63
30-06-2026,R12,1914,5,75,24,22,2,No,87
30-06-2026,R13,1236,10,75,24,23,1,No,54
30-06-2026,R14,739,36,40,24,21,3,No,35
30-06-2026,R15,1028,20,57.9,24,21,3,No,49
30-06-2026,R16,599,18,76,24,23,1,No,26
30-06-2026,R17,1295,8,77.1,24,22,2,No,59
30-06-2026,R18,785,42,40,24,23,1,No,34
30-06-2026,R19,793,16,70.9,24,21,3,No,38
30-06-2026,R20,536,20,72.4,24,23,1,No,23
01-07-2026,R01,1810,20,55.6,24,22,2,No,82
01-07-2026,R02,1414,18,40,24,23,1,No,61
01-07-2026,R03,2478,18,67.3,24,22,2,No,113
01-07-2026,R04,1754,24,40,24,22,2,No,80
01-07-2026,R05,1268,11,51.1,24,21,3,No,60
01-07-2026,R06,1035,44,40,24,22,2,No,47
01-07-2026,R07,1357,22,40,24,21,3,No,65
01-07-2026,R08,1537,15,64.7,24,22,2,No,70
01-07-2026,R09,753,25,64.3,24,22,2,No,34
01-07-2026,R10,1465,9,72.3,24,23,1,No,64
01-07-2026,R11,1264,16,41.8,24,23,1,No,55
01-07-2026,R12,1832,5,75,24,23,1,No,80
01-07-2026,R13,1337,18,55,24,21,3,No,64
01-07-2026,R14,937,24,54.3,24,21,3,No,45
01-07-2026,R15,1025,13,72.6,24,21,3,No,49
01-07-2026,R16,608,46,40,24,22,2,No,28
01-07-2026,R17,1265,12,65.7,24,23,1,No,55
01-07-2026,R18,761,24,63.1,24,21,3,No,36
01-07-2026,R19,900,23,58.2,24,22,2,No,41
01-07-2026,R20,527,45,40,24,22,2,No,24
02-07-2026,R01,1664,27,40,24,23,1,No,72
02-07-2026,R02,1428,7,76.7,24,23,1,No,62
02-07-2026,R03,2090,13,76.4,24,23,1,No,91
02-07-2026,R04,1713,12,68,24,21,3,No,82
02-07-2026,R05,1425,12,46.7,24,22,2,No,65
02-07-2026,R06,956,26,58.4,24,23,1,No,42
02-07-2026,R07,1241,14,60,24,22,2,No,56
02-07-2026,R08,1449,12,71.8,24,21,3,No,69
02-07-2026,R09,707,48,40,24,21,3,No,34
02-07-2026,R10,1598,13,60,24,21,3,No,76
02-07-2026,R11,1331,14,49.1,24,21,3,No,63
02-07-2026,R12,1789,11,45,24,21,3,No,85
02-07-2026,R13,1171,14,65,24,22,2,No,53
02-07-2026,R14,782,29,44.8,24,23,1,No,34
02-07-2026,R15,1076,29,40,24,23,1,No,47
02-07-2026,R16,628,21,72,24,23,1,No,27
02-07-2026,R17,1438,11,68.6,24,21,3,No,68
02-07-2026,R18,739,27,58.5,24,21,3,No,35
02-07-2026,R19,755,22,60,24,21,3,No,36
02-07-2026,R20,517,40,44.8,24,22,2,No,24
03-07-2026,R01,2040,22,51.1,24,21,3,No,97
03-07-2026,R02,1271,17,43.3,24,22,2,No,58
03-07-2026,R03,2458,39,40,24,23,1,No,107
03-07-2026,R04,1649,10,73.3,24,22,2,No,75
03-07-2026,R05,1271,7,68.9,24,22,2,No,58
03-07-2026,R06,1004,34,45.6,24,22,2,No,46
03-07-2026,R07,1240,8,77.1,24,23,1,No,54
03-07-2026,R08,1600,15,64.7,24,21,3,No,76
03-07-2026,R09,678,48,40,24,22,2,No,31
03-07-2026,R10,1505,13,60,24,23,1,No,65
03-07-2026,R11,1203,7,74.5,24,23,1,No,52
03-07-2026,R12,2032,5,75,24,22,2,No,92
03-07-2026,R13,1354,21,47.5,24,23,1,No,59
03-07-2026,R14,732,34,40,24,22,2,No,33
03-07-2026,R15,932,15,68.4,24,21,3,No,44
03-07-2026,R16,614,44,41.3,24,23,1,No,27
03-07-2026,R17,1346,24,40,24,23,1,No,59
03-07-2026,R18,638,33,49.2,24,22,2,No,29
03-07-2026,R19,806,34,40,24,22,2,No,37
03-07-2026,R20,620,48,40,24,22,2,No,28
04-07-2026,R01,1353,14,68.9,18,16,2,Yes,85
04-07-2026,R02,871,18,40,18,16,2,Yes,54
04-07-2026,R03,1266,29,47.3,18,17,1,Yes,74
04-07-2026,R04,975,21,44,18,16,2,Yes,61
04-07-2026,R05,974,8,64.4,18,16,2,Yes,61
04-07-2026,R06,601,43,40,18,16,2,Yes,38
04-07-2026,R07,705,23,40,18,17,1,Yes,41
04-07-2026,R08,1010,14,67.1,18,17,1,Yes,59
04-07-2026,R09,498,30,57.1,18,17,1,Yes,29
04-07-2026,R10,984,8,75.4,18,17,1,Yes,58
04-07-2026,R11,800,7,74.5,18,16,2,Yes,50
04-07-2026,R12,1401,14,40,18,16,2,Yes,88
04-07-2026,R13,759,27,40,18,17,1,Yes,45
04-07-2026,R14,594,35,40,18,17,1,Yes,35
04-07-2026,R15,643,16,66.3,18,17,1,Yes,38
04-07-2026,R16,377,33,56,18,17,1,Yes,22
04-07-2026,R17,966,22,40,18,16,2,Yes,60
04-07-2026,R18,457,26,60,18,16,2,Yes,29
04-07-2026,R19,593,13,76.4,18,17,1,Yes,35
04-07-2026,R20,319,28,61.4,18,17,1,Yes,19
05-07-2026,R01,1282,24,46.7,18,16,2,Yes,80
05-07-2026,R02,981,14,53.3,18,16,2,Yes,61
05-07-2026,R03,1267,23,58.2,18,16,2,Yes,79
05-07-2026,R04,1055,17,54.7,18,16,2,Yes,66
05-07-2026,R05,1000,14,40,18,16,2,Yes,62
05-07-2026,R06,639,44,40,18,16,2,Yes,40
05-07-2026,R07,743,13,62.9,18,15,3,Yes,50
05-07-2026,R08,1175,21,50.6,18,16,2,Yes,73
05-07-2026,R09,533,41,41.4,18,17,1,Yes,31
05-07-2026,R10,1104,13,60,18,16,2,Yes,69
05-07-2026,R11,774,13,52.7,18,17,1,Yes,46
05-07-2026,R12,1131,9,55,18,17,1,Yes,67
05-07-2026,R13,780,25,40,18,16,2,Yes,49
05-07-2026,R14,519,16,69.5,18,16,2,Yes,32
05-07-2026,R15,594,28,41.1,18,15,3,Yes,40
05-07-2026,R16,427,51,40,18,17,1,Yes,25
05-07-2026,R17,992,16,54.3,18,17,1,Yes,58
05-07-2026,R18,514,33,49.2,18,16,2,Yes,32
05-07-2026,R19,602,31,43.6,18,16,2,Yes,38
05-07-2026,R20,412,21,71,18,17,1,Yes,24
06-07-2026,R01,1779,18,60,24,22,2,No,81
06-07-2026,R02,1401,15,50,24,22,2,No,64
06-07-2026,R03,2032,20,63.6,24,23,1,No,88
06-07-2026,R04,1500,24,40,24,23,1,No,65
06-07-2026,R05,1506,7,68.9,24,23,1,No,65
06-07-2026,R06,1009,20,68,24,22,2,No,46
06-07-2026,R07,1305,24,40,24,21,3,No,62
06-07-2026,R08,1740,29,40,24,23,1,No,76
06-07-2026,R09,716,20,71.4,24,22,2,No,33
06-07-2026,R10,1321,22,40,24,23,1,No,57
06-07-2026,R11,1157,17,40,24,23,1,No,50
06-07-2026,R12,1968,10,50,24,21,3,No,94
06-07-2026,R13,1337,13,67.5,24,23,1,No,58
06-07-2026,R14,762,14,73.3,24,22,2,No,35
06-07-2026,R15,1073,27,43.2,24,22,2,No,49
06-07-2026,R16,545,18,76,24,22,2,No,25
06-07-2026,R17,1443,13,62.9,24,22,2,No,66
06-07-2026,R18,715,25,61.5,24,21,3,No,34
06-07-2026,R19,933,16,70.9,24,22,2,No,42
06-07-2026,R20,595,35,51.7,24,22,2,No,27
07-07-2026,R01,1982,15,66.7,24,23,1,No,86
07-07-2026,R02,1632,20,40,24,21,3,No,78
07-07-2026,R03,2436,33,40,24,23,1,No,106
07-07-2026,R04,1727,15,60,24,22,2,No,78
07-07-2026,R05,1396,14,40,24,22,2,No,63
07-07-2026,R06,902,34,45.6,24,21,3,No,43
07-07-2026,R07,1230,9,74.3,24,21,3,No,59
07-07-2026,R08,1647,19,55.3,24,23,1,No,72
07-07-2026,R09,667,31,55.7,24,22,2,No,30
07-07-2026,R10,1425,10,69.2,24,21,3,No,68
07-07-2026,R11,1185,19,40,24,22,2,No,54
07-07-2026,R12,2110,10,50,24,22,2,No,96
07-07-2026,R13,1271,14,65,24,23,1,No,55
07-07-2026,R14,911,15,71.4,24,22,2,No,41
07-07-2026,R15,1035,29,40,24,22,2,No,47
07-07-2026,R16,618,33,56,24,21,3,No,29
07-07-2026,R17,1542,13,62.9,24,22,2,No,70
07-07-2026,R18,779,33,49.2,24,21,3,No,37
07-07-2026,R19,891,29,47.3,24,21,3,No,42
07-07-2026,R20,534,50,40,24,21,3,No,25
08-07-2026,R01,1964,11,75.6,24,21,3,No,94
08-07-2026,R02,1276,15,50,24,21,3,No,61
08-07-2026,R03,2473,22,60,24,23,1,No,108
08-07-2026,R04,1811,17,54.7,24,21,3,No,86
08-07-2026,R05,1476,12,46.7,24,21,3,No,70
08-07-2026,R06,870,24,61.6,24,23,1,No,38
08-07-2026,R07,1356,8,77.1,24,23,1,No,59
08-07-2026,R08,1712,29,40,24,21,3,No,82
08-07-2026,R09,714,39,44.3,24,22,2,No,32
08-07-2026,R10,1461,21,40,24,23,1,No,64
08-07-2026,R11,1413,10,63.6,24,22,2,No,64
08-07-2026,R12,1841,4,80,24,22,2,No,84
08-07-2026,R13,1339,18,55,24,22,2,No,61
08-07-2026,R14,838,20,61.9,24,23,1,No,36
08-07-2026,R15,1014,29,40,24,23,1,No,44
08-07-2026,R16,692,24,68,24,23,1,No,30
08-07-2026,R17,1299,20,42.9,24,21,3,No,62
08-07-2026,R18,698,20,69.2,24,23,1,No,30
08-07-2026,R19,778,16,70.9,24,22,2,No,35
08-07-2026,R20,551,20,72.4,24,22,2,No,25
09-07-2026,R01,1830,13,71.1,24,22,2,No,83
09-07-2026,R02,1308,21,40,24,22,2,No,59
09-07-2026,R03,2335,22,60,24,21,3,No,111
09-07-2026,R04,1714,12,68,24,22,2,No,78
09-07-2026,R05,1463,5,77.8,24,23,1,No,64
09-07-2026,R06,1014,20,68,24,23,1,No,44
09-07-2026,R07,1105,11,68.6,24,21,3,No,53
09-07-2026,R08,1797,28,40,24,22,2,No,82
09-07-2026,R09,700,33,52.9,24,21,3,No,33
09-07-2026,R10,1665,9,72.3,24,22,2,No,76
09-07-2026,R11,1412,19,40,24,23,1,No,61
09-07-2026,R12,2122,7,65,24,23,1,No,92
09-07-2026,R13,1224,11,72.5,24,22,2,No,56
09-07-2026,R14,768,24,54.3,24,22,2,No,35
09-07-2026,R15,867,17,64.2,24,22,2,No,39
09-07-2026,R16,622,18,76,24,21,3,No,30
09-07-2026,R17,1342,16,54.3,24,22,2,No,61
09-07-2026,R18,697,40,40,24,23,1,No,30
09-07-2026,R19,949,13,76.4,24,21,3,No,45
09-07-2026,R20,583,33,54.5,24,23,1,No,25
10-07-2026,R01,1719,23,48.9,24,21,3,No,82
10-07-2026,R02,1346,11,63.3,24,21,3,No,64
10-07-2026,R03,2278,14,74.5,24,22,2,No,104
10-07-2026,R04,1821,15,60,24,22,2,No,83
10-07-2026,R05,1262,7,68.9,24,22,2,No,57
10-07-2026,R06,1023,15,76,24,22,2,No,46
10-07-2026,R07,1120,14,60,24,23,1,No,49
10-07-2026,R08,1596,30,40,24,22,2,No,73
10-07-2026,R09,819,33,52.9,24,23,1,No,36
10-07-2026,R10,1416,17,47.7,24,22,2,No,64
10-07-2026,R11,1303,9,67.3,24,22,2,No,59
10-07-2026,R12,2013,13,40,24,21,3,No,96
10-07-2026,R13,1302,14,65,24,23,1,No,57
10-07-2026,R14,730,24,54.3,24,23,1,No,32
10-07-2026,R15,929,33,40,24,22,2,No,42
10-07-2026,R16,594,47,40,24,21,3,No,28
10-07-2026,R17,1389,12,65.7,24,22,2,No,63
10-07-2026,R18,674,27,58.5,24,21,3,No,32
10-07-2026,R19,821,23,58.2,24,21,3,No,39
10-07-2026,R20,509,47,40,24,22,2,No,23
11-07-2026,R01,1095,26,42.2,18,17,1,Yes,64
11-07-2026,R02,995,7,76.7,18,17,1,Yes,59
11-07-2026,R03,1427,30,45.5,18,17,1,Yes,84
11-07-2026,R04,977,24,40,18,16,2,Yes,61
11-07-2026,R05,868,15,40,18,16,2,Yes,54
11-07-2026,R06,691,23,63.2,18,17,1,Yes,41
11-07-2026,R07,877,14,60,18,17,1,Yes,52
11-07-2026,R08,1180,15,64.7,18,17,1,Yes,69
11-07-2026,R09,415,42,40,18,17,1,Yes,24
11-07-2026,R10,1074,19,41.5,18,17,1,Yes,63
11-07-2026,R11,862,15,45.5,18,17,1,Yes,51
11-07-2026,R12,1275,10,50,18,17,1,Yes,75
11-07-2026,R13,675,15,62.5,18,16,2,Yes,42
11-07-2026,R14,500,22,58.1,18,17,1,Yes,29
11-07-2026,R15,631,33,40,18,17,1,Yes,37
11-07-2026,R16,362,33,56,18,16,2,Yes,23
11-07-2026,R17,872,19,45.7,18,17,1,Yes,51
11-07-2026,R18,414,25,61.5,18,16,2,Yes,26
11-07-2026,R19,563,30,45.5,18,17,1,Yes,33
11-07-2026,R20,411,41,43.4,18,16,2,Yes,26
12-07-2026,R01,1058,24,46.7,18,17,1,Yes,62
12-07-2026,R02,966,16,46.7,18,16,2,Yes,60
12-07-2026,R03,1441,31,43.6,18,17,1,Yes,85
12-07-2026,R04,1145,13,65.3,18,16,2,Yes,72
12-07-2026,R05,788,15,40,18,17,1,Yes,46
12-07-2026,R06,575,44,40,18,17,1,Yes,34
12-07-2026,R07,916,13,62.9,18,17,1,Yes,54
12-07-2026,R08,977,11,74.1,18,15,3,Yes,65
12-07-2026,R09,456,19,72.9,18,17,1,Yes,27
12-07-2026,R10,939,13,60,18,17,1,Yes,55
12-07-2026,R11,869,14,49.1,18,16,2,Yes,54
12-07-2026,R12,1224,6,70,18,16,2,Yes,76
12-07-2026,R13,860,21,47.5,18,16,2,Yes,54
12-07-2026,R14,467,33,40,18,17,1,Yes,27
12-07-2026,R15,579,12,74.7,18,16,2,Yes,36
12-07-2026,R16,445,28,62.7,18,16,2,Yes,28
12-07-2026,R17,771,20,42.9,18,15,3,Yes,51
12-07-2026,R18,396,16,75.4,18,16,2,Yes,25
12-07-2026,R19,583,35,40,18,17,1,Yes,34
12-07-2026,R20,401,46,40,18,17,1,Yes,24
13-07-2026,R01,1645,21,53.3,24,21,3,No,78
13-07-2026,R02,1591,7,76.7,24,23,1,No,69
13-07-2026,R03,2385,26,52.7,24,22,2,No,108
13-07-2026,R04,1807,24,40,24,21,3,No,86
13-07-2026,R05,1400,14,40,24,23,1,No,61
13-07-2026,R06,1045,36,42.4,24,21,3,No,50
13-07-2026,R07,1240,14,60,24,23,1,No,54
13-07-2026,R08,1597,19,55.3,24,23,1,No,69
13-07-2026,R09,834,31,55.7,24,21,3,No,40
13-07-2026,R10,1623,15,53.8,24,22,2,No,74
13-07-2026,R11,1303,12,56.4,24,22,2,No,59
13-07-2026,R12,1809,8,60,24,21,3,No,86
13-07-2026,R13,1292,17,57.5,24,23,1,No,56
13-07-2026,R14,844,16,69.5,24,23,1,No,37
13-07-2026,R15,919,23,51.6,24,22,2,No,42
13-07-2026,R16,692,39,48,24,22,2,No,31
13-07-2026,R17,1443,10,71.4,24,23,1,No,63
13-07-2026,R18,775,23,64.6,24,21,3,No,37
13-07-2026,R19,910,37,40,24,22,2,No,41
13-07-2026,R20,610,43,40.7,24,23,1,No,27
14-07-2026,R01,2053,20,55.6,24,21,3,No,98
14-07-2026,R02,1321,15,50,24,21,3,No,63
14-07-2026,R03,2448,38,40,24,21,3,No,117
14-07-2026,R04,1724,11,70.7,24,21,3,No,82
14-07-2026,R05,1200,14,40,24,21,3,No,57
14-07-2026,R06,964,25,60,24,21,3,No,46
14-07-2026,R07,1102,20,42.9,24,22,2,No,50
14-07-2026,R08,1546,15,64.7,24,23,1,No,67
14-07-2026,R09,787,24,65.7,24,21,3,No,37
14-07-2026,R10,1561,11,66.2,24,21,3,No,74
14-07-2026,R11,1261,17,40,24,21,3,No,60
14-07-2026,R12,2114,14,40,24,22,2,No,96
14-07-2026,R13,1364,22,45,24,23,1,No,59
14-07-2026,R14,798,17,67.6,24,21,3,No,38
14-07-2026,R15,1079,13,72.6,24,21,3,No,51
14-07-2026,R16,602,51,40,24,21,3,No,29
14-07-2026,R17,1370,17,51.4,24,21,3,No,65
14-07-2026,R18,662,39,40,24,22,2,No,30
14-07-2026,R19,958,25,54.5,24,23,1,No,42
14-07-2026,R20,508,45,40,24,21,3,No,24
15-07-2026,R01,1899,17,62.2,24,23,1,No,83
15-07-2026,R02,1364,18,40,24,23,1,No,59
15-07-2026,R03,2016,32,41.8,24,23,1,No,88
15-07-2026,R04,1817,22,41.3,24,23,1,No,79
15-07-2026,R05,1392,7,68.9,24,21,3,No,66
15-07-2026,R06,890,27,56.8,24,22,2,No,40
15-07-2026,R07,1332,19,45.7,24,23,1,No,58
15-07-2026,R08,1527,15,64.7,24,23,1,No,66
15-07-2026,R09,839,45,40,24,23,1,No,36
15-07-2026,R10,1460,19,41.5,24,23,1,No,63
15-07-2026,R11,1162,17,40,24,23,1,No,51
15-07-2026,R12,2154,10,50,24,21,3,No,103
15-07-2026,R13,1203,22,45,24,23,1,No,52
15-07-2026,R14,888,37,40,24,23,1,No,39
15-07-2026,R15,927,32,40,24,22,2,No,42
15-07-2026,R16,672,23,69.3,24,21,3,No,32
15-07-2026,R17,1476,23,40,24,23,1,No,64
15-07-2026,R18,679,25,61.5,24,22,2,No,31
15-07-2026,R19,750,37,40,24,22,2,No,34
15-07-2026,R20,501,42,42.1,24,21,3,No,24
16-07-2026,R01,1846,22,51.1,24,23,1,No,80
16-07-2026,R02,1430,12,60,24,21,3,No,68
16-07-2026,R03,2294,32,41.8,24,21,3,No,109
16-07-2026,R04,1494,26,40,24,23,1,No,65
16-07-2026,R05,1415,8,64.4,24,22,2,No,64
16-07-2026,R06,941,20,68,24,23,1,No,41
16-07-2026,R07,1379,20,42.9,24,23,1,No,60
16-07-2026,R08,1766,16,62.4,24,22,2,No,80
16-07-2026,R09,808,28,60,24,23,1,No,35
16-07-2026,R10,1589,10,69.2,24,22,2,No,72
16-07-2026,R11,1471,11,60,24,22,2,No,67
16-07-2026,R12,1975,8,60,24,21,3,No,94
16-07-2026,R13,1143,24,40,24,23,1,No,50
16-07-2026,R14,885,22,58.1,24,22,2,No,40
16-07-2026,R15,1043,14,70.5,24,21,3,No,50
16-07-2026,R16,671,43,42.7,24,23,1,No,29
16-07-2026,R17,1420,22,40,24,21,3,No,68
16-07-2026,R18,801,45,40,24,21,3,No,38
16-07-2026,R19,832,35,40,24,21,3,No,40
16-07-2026,R20,523,42,42.1,24,22,2,No,24
17-07-2026,R01,1956,18,60,24,22,2,No,89
17-07-2026,R02,1579,13,56.7,24,22,2,No,72
17-07-2026,R03,2292,14,74.5,24,22,2,No,104
17-07-2026,R04,1534,19,49.3,24,23,1,No,67
17-07-2026,R05,1337,16,40,24,21,3,No,64
17-07-2026,R06,978,19,69.6,24,22,2,No,44
17-07-2026,R07,1301,15,57.1,24,23,1,No,57
17-07-2026,R08,1446,22,48.2,24,21,3,No,69
17-07-2026,R09,835,40,42.9,24,23,1,No,36
17-07-2026,R10,1357,18,44.6,24,23,1,No,59
17-07-2026,R11,1205,19,40,24,22,2,No,55
17-07-2026,R12,2082,10,50,24,21,3,No,99
17-07-2026,R13,1228,25,40,24,22,2,No,56
17-07-2026,R14,784,19,63.8,24,22,2,No,36
17-07-2026,R15,865,17,64.2,24,22,2,No,39
17-07-2026,R16,698,24,68,24,21,3,No,33
17-07-2026,R17,1315,19,45.7,24,22,2,No,60
17-07-2026,R18,689,45,40,24,21,3,No,33
17-07-2026,R19,893,23,58.2,24,23,1,No,39
17-07-2026,R20,584,30,58.6,24,22,2,No,27
18-07-2026,R01,1331,16,64.4,18,16,2,Yes,83
18-07-2026,R02,862,8,73.3,18,17,1,Yes,51
18-07-2026,R03,1328,17,69.1,18,17,1,Yes,78
18-07-2026,R04,1058,13,65.3,18,17,1,Yes,62
18-07-2026,R05,883,13,42.2,18,16,2,Yes,55
18-07-2026,R06,665,30,52,18,17,1,Yes,39
18-07-2026,R07,904,15,57.1,18,17,1,Yes,53
18-07-2026,R08,951,29,40,18,15,3,Yes,63
18-07-2026,R09,553,40,42.9,18,16,2,Yes,35
18-07-2026,R10,913,12,63.1,18,16,2,Yes,57
18-07-2026,R11,800,16,41.8,18,15,3,Yes,53
18-07-2026,R12,1103,6,70,18,16,2,Yes,69
18-07-2026,R13,723,24,40,18,16,2,Yes,45
18-07-2026,R14,591,15,71.4,18,17,1,Yes,35
18-07-2026,R15,605,28,41.1,18,16,2,Yes,38
18-07-2026,R16,407,45,40,18,17,1,Yes,24
18-07-2026,R17,878,10,71.4,18,15,3,Yes,59
18-07-2026,R18,531,37,43.1,18,17,1,Yes,31
18-07-2026,R19,528,28,49.1,18,16,2,Yes,33
18-07-2026,R20,405,26,64.1,18,17,1,Yes,24
19-07-2026,R01,1162,26,42.2,18,15,3,Yes,77
19-07-2026,R02,996,14,53.3,18,17,1,Yes,59
19-07-2026,R03,1356,13,76.4,18,16,2,Yes,85
19-07-2026,R04,1099,14,62.7,18,17,1,Yes,65
19-07-2026,R05,744,15,40,18,17,1,Yes,44
19-07-2026,R06,685,27,56.8,18,17,1,Yes,40
19-07-2026,R07,832,16,54.3,18,16,2,Yes,52
19-07-2026,R08,1052,20,52.9,18,15,3,Yes,70
19-07-2026,R09,544,46,40,18,16,2,Yes,34
19-07-2026,R10,894,22,40,18,17,1,Yes,53
19-07-2026,R11,881,12,56.4,18,15,3,Yes,59
19-07-2026,R12,1415,10,50,18,17,1,Yes,83
19-07-2026,R13,664,18,55,18,17,1,Yes,39
19-07-2026,R14,467,23,56.2,18,17,1,Yes,27
19-07-2026,R15,694,27,43.2,18,16,2,Yes,43
19-07-2026,R16,397,45,40,18,17,1,Yes,23
19-07-2026,R17,790,10,71.4,18,17,1,Yes,46
19-07-2026,R18,464,44,40,18,17,1,Yes,27
19-07-2026,R19,625,36,40,18,17,1,Yes,37
19-07-2026,R20,372,45,40,18,15,3,Yes,25
20-07-2026,R01,1808,23,48.9,24,22,2,No,82
20-07-2026,R02,1440,7,76.7,24,21,3,No,69
20-07-2026,R03,2285,28,49.1,24,21,3,No,109
20-07-2026,R04,1712,10,73.3,24,22,2,No,78
20-07-2026,R05,1297,11,51.1,24,23,1,No,56
20-07-2026,R06,1053,23,63.2,24,23,1,No,46
20-07-2026,R07,1129,14,60,24,21,3,No,54
20-07-2026,R08,1436,16,62.4,24,21,3,No,68
20-07-2026,R09,738,29,58.6,24,23,1,No,32
20-07-2026,R10,1425,21,40,24,23,1,No,62
20-07-2026,R11,1200,17,40,24,21,3,No,57
20-07-2026,R12,2041,6,70,24,21,3,No,97
20-07-2026,R13,1327,15,62.5,24,22,2,No,60
20-07-2026,R14,826,23,56.2,24,23,1,No,36
20-07-2026,R15,1073,22,53.7,24,22,2,No,49
20-07-2026,R16,567,35,53.3,24,23,1,No,25
20-07-2026,R17,1387,23,40,24,21,3,No,66
20-07-2026,R18,753,42,40,24,23,1,No,33
20-07-2026,R19,836,27,50.9,24,21,3,No,40
20-07-2026,R20,576,42,42.1,24,21,3,No,27
21-07-2026,R01,1950,14,68.9,24,21,3,No,93
21-07-2026,R02,1294,7,76.7,24,21,3,No,62
21-07-2026,R03,2300,27,50.9,24,23,1,No,100
21-07-2026,R04,1812,19,49.3,24,23,1,No,79
21-07-2026,R05,1273,7,68.9,24,23,1,No,55
21-07-2026,R06,920,25,60,24,21,3,No,44
21-07-2026,R07,1380,18,48.6,24,22,2,No,63
21-07-2026,R08,1764,30,40,24,21,3,No,84
21-07-2026,R09,757,21,70,24,21,3,No,36
21-07-2026,R10,1466,20,40,24,23,1,No,64
21-07-2026,R11,1456,11,60,24,22,2,No,66
21-07-2026,R12,1997,12,40,24,21,3,No,95
21-07-2026,R13,1253,23,42.5,24,22,2,No,57
21-07-2026,R14,919,33,40,24,21,3,No,44
21-07-2026,R15,1004,17,64.2,24,23,1,No,44
21-07-2026,R16,623,21,72,24,21,3,No,30
21-07-2026,R17,1495,23,40,24,22,2,No,68
21-07-2026,R18,709,26,60,24,23,1,No,31
21-07-2026,R19,806,37,40,24,23,1,No,35
21-07-2026,R20,571,36,50.3,24,21,3,No,27
22-07-2026,R01,1789,20,55.6,24,22,2,No,81
22-07-2026,R02,1562,19,40,24,22,2,No,71
22-07-2026,R03,2403,31,43.6,24,23,1,No,104
22-07-2026,R04,1607,24,40,24,21,3,No,77
22-07-2026,R05,1460,12,46.7,24,23,1,No,63
22-07-2026,R06,879,36,42.4,24,23,1,No,38
22-07-2026,R07,1132,14,60,24,22,2,No,51
22-07-2026,R08,1392,21,50.6,24,22,2,No,63
22-07-2026,R09,705,44,40,24,23,1,No,31
22-07-2026,R10,1497,9,72.3,24,22,2,No,68
22-07-2026,R11,1501,6,78.2,24,23,1,No,65
22-07-2026,R12,1728,8,60,24,21,3,No,82
22-07-2026,R13,1114,27,40,24,23,1,No,48
22-07-2026,R14,834,15,71.4,24,22,2,No,38
22-07-2026,R15,858,13,72.6,24,21,3,No,41
22-07-2026,R16,644,34,54.7,24,23,1,No,28
22-07-2026,R17,1563,20,42.9,24,21,3,No,74
22-07-2026,R18,706,22,66.2,24,21,3,No,34
22-07-2026,R19,821,24,56.4,24,22,2,No,37
22-07-2026,R20,500,42,42.1,24,22,2,No,23
23-07-2026,R01,2025,17,62.2,24,23,1,No,88
23-07-2026,R02,1498,7,76.7,24,23,1,No,65
23-07-2026,R03,2371,27,50.9,24,21,3,No,113
23-07-2026,R04,1626,22,41.3,24,22,2,No,74
23-07-2026,R05,1470,7,68.9,24,21,3,No,70
23-07-2026,R06,908,28,55.2,24,22,2,No,41
23-07-2026,R07,1205,24,40,24,23,1,No,52
23-07-2026,R08,1396,14,67.1,24,21,3,No,66
23-07-2026,R09,822,25,64.3,24,21,3,No,39
23-07-2026,R10,1435,11,66.2,24,21,3,No,68
23-07-2026,R11,1260,9,67.3,24,21,3,No,60
23-07-2026,R12,1765,11,45,24,23,1,No,77
23-07-2026,R13,1090,23,42.5,24,23,1,No,47
23-07-2026,R14,844,14,73.3,24,22,2,No,38
23-07-2026,R15,995,17,64.2,24,22,2,No,45
23-07-2026,R16,701,30,60,24,22,2,No,32
23-07-2026,R17,1241,19,45.7,24,21,3,No,59
23-07-2026,R18,688,43,40,24,22,2,No,31
23-07-2026,R19,816,38,40,24,21,3,No,39
23-07-2026,R20,595,28,61.4,24,21,3,No,28
24-07-2026,R01,1836,23,48.9,24,23,1,No,80
24-07-2026,R02,1361,19,40,24,21,3,No,65
24-07-2026,R03,2438,38,40,24,23,1,No,106
24-07-2026,R04,1929,16,57.3,24,23,1,No,84
24-07-2026,R05,1319,6,73.3,24,22,2,No,60
24-07-2026,R06,890,33,47.2,24,23,1,No,39
24-07-2026,R07,1128,12,65.7,24,22,2,No,51
24-07-2026,R08,1708,18,57.6,24,22,2,No,78
24-07-2026,R09,814,35,50,24,22,2,No,37
24-07-2026,R10,1308,9,72.3,24,22,2,No,59
24-07-2026,R11,1354,7,74.5,24,22,2,No,62
24-07-2026,R12,1846,13,40,24,23,1,No,80
24-07-2026,R13,1073,12,70,24,21,3,No,51
24-07-2026,R14,832,31,41,24,23,1,No,36
24-07-2026,R15,1066,28,41.1,24,21,3,No,51
24-07-2026,R16,695,31,58.7,24,21,3,No,33
24-07-2026,R17,1221,11,68.6,24,23,1,No,53
24-07-2026,R18,752,23,64.6,24,22,2,No,34
24-07-2026,R19,851,17,69.1,24,21,3,No,41
24-07-2026,R20,499,22,69.7,24,21,3,No,24
25-07-2026,R01,1253,11,75.6,18,17,1,Yes,74
25-07-2026,R02,906,18,40,18,17,1,Yes,53
25-07-2026,R03,1605,24,56.4,18,17,1,Yes,94
25-07-2026,R04,1129,22,41.3,18,16,2,Yes,71
25-07-2026,R05,800,12,46.7,18,16,2,Yes,50
25-07-2026,R06,686,31,50.4,18,17,1,Yes,40
25-07-2026,R07,900,16,54.3,18,16,2,Yes,56
25-07-2026,R08,1169,23,45.9,18,16,2,Yes,73
25-07-2026,R09,483,34,51.4,18,17,1,Yes,28
25-07-2026,R10,851,19,41.5,18,17,1,Yes,50
25-07-2026,R11,772,7,74.5,18,17,1,Yes,45
25-07-2026,R12,1051,7,65,18,17,1,Yes,62
25-07-2026,R13,870,11,72.5,18,15,3,Yes,58
25-07-2026,R14,484,31,41,18,17,1,Yes,28
25-07-2026,R15,612,23,51.6,18,17,1,Yes,36
25-07-2026,R16,346,26,65.3,18,16,2,Yes,22
25-07-2026,R17,990,22,40,18,16,2,Yes,62
25-07-2026,R18,448,20,69.2,18,16,2,Yes,28
25-07-2026,R19,634,27,50.9,18,16,2,Yes,40
25-07-2026,R20,393,25,65.5,18,17,1,Yes,23
26-07-2026,R01,1306,29,40,18,16,2,Yes,82
26-07-2026,R02,935,10,66.7,18,16,2,Yes,58
26-07-2026,R03,1472,24,56.4,18,17,1,Yes,87
26-07-2026,R04,1061,23,40,18,16,2,Yes,66
26-07-2026,R05,972,8,64.4,18,17,1,Yes,57
26-07-2026,R06,665,40,40,18,16,2,Yes,42
26-07-2026,R07,869,24,40,18,16,2,Yes,54
26-07-2026,R08,993,18,57.6,18,17,1,Yes,58
26-07-2026,R09,543,42,40,18,16,2,Yes,34
26-07-2026,R10,890,16,50.8,18,15,3,Yes,59
26-07-2026,R11,891,8,70.9,18,16,2,Yes,56
26-07-2026,R12,1298,4,80,18,16,2,Yes,81
26-07-2026,R13,694,25,40,18,17,1,Yes,41
26-07-2026,R14,561,20,61.9,18,17,1,Yes,33
26-07-2026,R15,692,29,40,18,15,3,Yes,46
26-07-2026,R16,447,25,66.7,18,16,2,Yes,28
26-07-2026,R17,972,9,74.3,18,16,2,Yes,61
26-07-2026,R18,532,16,75.4,18,17,1,Yes,31
26-07-2026,R19,592,28,49.1,18,16,2,Yes,37
26-07-2026,R20,323,37,49,18,16,2,Yes,20
27-07-2026,R01,2120,31,40,24,22,2,No,96
27-07-2026,R02,1585,8,73.3,24,22,2,No,72
27-07-2026,R03,2325,37,40,24,21,3,No,111
27-07-2026,R04,1703,16,57.3,24,23,1,No,74
27-07-2026,R05,1197,16,40,24,22,2,No,54
27-07-2026,R06,1078,28,55.2,24,23,1,No,47
27-07-2026,R07,1418,12,65.7,24,23,1,No,62
27-07-2026,R08,1600,22,48.2,24,22,2,No,73
27-07-2026,R09,825,47,40,24,22,2,No,38
27-07-2026,R10,1306,21,40,24,22,2,No,59
27-07-2026,R11,1441,13,52.7,24,23,1,No,63
27-07-2026,R12,1781,7,65,24,21,3,No,85
27-07-2026,R13,1214,25,40,24,23,1,No,53
27-07-2026,R14,784,17,67.6,24,21,3,No,37
27-07-2026,R15,1052,32,40,24,21,3,No,50
27-07-2026,R16,593,50,40,24,23,1,No,26
27-07-2026,R17,1572,21,40,24,21,3,No,75
27-07-2026,R18,763,46,40,24,21,3,No,36
27-07-2026,R19,822,28,49.1,24,21,3,No,39
27-07-2026,R20,632,17,76.6,24,22,2,No,29
28-07-2026,R01,2020,28,40,24,22,2,No,92
28-07-2026,R02,1376,8,73.3,24,22,2,No,63
28-07-2026,R03,2024,18,67.3,24,22,2,No,92
28-07-2026,R04,1484,16,57.3,24,23,1,No,65
28-07-2026,R05,1412,9,60,24,21,3,No,67
28-07-2026,R06,972,32,48.8,24,22,2,No,44
28-07-2026,R07,1368,8,77.1,24,22,2,No,62
28-07-2026,R08,1581,11,74.1,24,23,1,No,69
28-07-2026,R09,719,25,64.3,24,22,2,No,33
28-07-2026,R10,1379,10,69.2,24,22,2,No,63
28-07-2026,R11,1426,12,56.4,24,21,3,No,68
28-07-2026,R12,2050,8,60,24,21,3,No,98
28-07-2026,R13,1131,22,45,24,23,1,No,49
28-07-2026,R14,772,13,75.2,24,21,3,No,37
28-07-2026,R15,1069,27,43.2,24,22,2,No,49
28-07-2026,R16,693,52,40,24,23,1,No,30
28-07-2026,R17,1249,19,45.7,24,23,1,No,54
28-07-2026,R18,735,24,63.1,24,23,1,No,32
28-07-2026,R19,889,20,63.6,24,23,1,No,39
28-07-2026,R20,501,18,75.2,24,22,2,No,23
29-07-2026,R01,2054,19,57.8,24,22,2,No,93
29-07-2026,R02,1535,12,60,24,22,2,No,70
29-07-2026,R03,2382,25,54.5,24,23,1,No,104
29-07-2026,R04,1806,26,40,24,21,3,No,86
29-07-2026,R05,1485,15,40,24,21,3,No,71
29-07-2026,R06,928,38,40,24,21,3,No,44
29-07-2026,R07,1189,24,40,24,22,2,No,54
29-07-2026,R08,1744,18,57.6,24,22,2,No,79
29-07-2026,R09,839,21,70,24,23,1,No,36
29-07-2026,R10,1501,23,40,24,21,3,No,71
29-07-2026,R11,1379,17,40,24,22,2,No,63
29-07-2026,R12,2083,8,60,24,23,1,No,91
29-07-2026,R13,1239,14,65,24,22,2,No,56
29-07-2026,R14,738,36,40,24,22,2,No,34
29-07-2026,R15,979,25,47.4,24,23,1,No,43
29-07-2026,R16,576,22,70.7,24,21,3,No,27
29-07-2026,R17,1557,15,57.1,24,21,3,No,74
29-07-2026,R18,722,36,44.6,24,21,3,No,34
29-07-2026,R19,935,31,43.6,24,21,3,No,45
29-07-2026,R20,613,38,47.6,24,21,3,No,29
30-07-2026,R01,1896,23,48.9,24,23,1,No,82
30-07-2026,R02,1292,18,40,24,22,2,No,59
30-07-2026,R03,2084,16,70.9,24,21,3,No,99
30-07-2026,R04,1685,23,40,24,23,1,No,73
30-07-2026,R05,1385,15,40,24,21,3,No,66
30-07-2026,R06,1096,28,55.2,24,23,1,No,48
30-07-2026,R07,1202,13,62.9,24,21,3,No,57
30-07-2026,R08,1534,20,52.9,24,23,1,No,67
30-07-2026,R09,661,42,40,24,22,2,No,30
30-07-2026,R10,1648,19,41.5,24,22,2,No,75
30-07-2026,R11,1287,6,78.2,24,23,1,No,56
30-07-2026,R12,2006,10,50,24,23,1,No,87
30-07-2026,R13,1163,25,40,24,21,3,No,55
30-07-2026,R14,768,14,73.3,24,21,3,No,37
30-07-2026,R15,966,20,57.9,24,23,1,No,42
30-07-2026,R16,613,39,48,24,23,1,No,27
30-07-2026,R17,1251,17,51.4,24,23,1,No,54
30-07-2026,R18,671,29,55.4,24,22,2,No,30
30-07-2026,R19,769,16,70.9,24,21,3,No,37
30-07-2026,R20,573,30,58.6,24,21,3,No,27
31-07-2026,R01,1930,24,46.7,24,22,2,No,88
31-07-2026,R02,1419,20,40,24,23,1,No,62
31-07-2026,R03,2078,39,40,24,23,1,No,90
31-07-2026,R04,1608,18,52,24,22,2,No,73
31-07-2026,R05,1409,8,64.4,24,23,1,No,61
31-07-2026,R06,975,29,53.6,24,22,2,No,44
31-07-2026,R07,1292,16,54.3,24,23,1,No,56
31-07-2026,R08,1498,14,67.1,24,21,3,No,71
31-07-2026,R09,807,17,75.7,24,21,3,No,38
31-07-2026,R10,1442,19,41.5,24,21,3,No,69
31-07-2026,R11,1376,18,40,24,23,1,No,60
31-07-2026,R12,1976,8,60,24,22,2,No,90
31-07-2026,R13,1219,17,57.5,24,23,1,No,53
31-07-2026,R14,940,30,42.9,24,23,1,No,41
31-07-2026,R15,903,12,74.7,24,21,3,No,43
31-07-2026,R16,648,51,40,24,23,1,No,28
31-07-2026,R17,1459,19,45.7,24,22,2,No,66
31-07-2026,R18,701,43,40,24,21,3,No,33
31-07-2026,R19,967,15,72.7,24,23,1,No,42
31-07-2026,R20,622,18,75.2,24,21,3,No,30
01-08-2026,R01,1268,11,75.6,18,16,2,Yes,79
01-08-2026,R02,1050,15,50,18,16,2,Yes,66
01-08-2026,R03,1287,30,45.5,18,17,1,Yes,76
01-08-2026,R04,1114,23,40,18,17,1,Yes,66
01-08-2026,R05,876,6,73.3,18,15,3,Yes,58
01-08-2026,R06,693,39,40,18,15,3,Yes,46
01-08-2026,R07,866,14,60,18,16,2,Yes,54
01-08-2026,R08,937,20,52.9,18,17,1,Yes,55
01-08-2026,R09,511,28,60,18,16,2,Yes,32
01-08-2026,R10,829,22,40,18,16,2,Yes,52
01-08-2026,R11,815,8,70.9,18,17,1,Yes,48
01-08-2026,R12,1320,13,40,18,17,1,Yes,78
01-08-2026,R13,863,16,60,18,17,1,Yes,51
01-08-2026,R14,582,27,48.6,18,17,1,Yes,34
01-08-2026,R15,667,20,57.9,18,16,2,Yes,42
01-08-2026,R16,351,33,56,18,15,3,Yes,23
01-08-2026,R17,833,12,65.7,18,17,1,Yes,49
01-08-2026,R18,398,26,60,18,17,1,Yes,23
01-08-2026,R19,628,33,40,18,17,1,Yes,37
01-08-2026,R20,354,48,40,18,17,1,Yes,21
02-08-2026,R01,1103,25,44.4,18,17,1,Yes,65
02-08-2026,R02,1003,19,40,18,17,1,Yes,59
02-08-2026,R03,1593,17,69.1,18,17,1,Yes,94
02-08-2026,R04,931,19,49.3,18,17,1,Yes,55
02-08-2026,R05,886,14,40,18,16,2,Yes,55
02-08-2026,R06,663,42,40,18,15,3,Yes,44
02-08-2026,R07,757,17,51.4,18,16,2,Yes,47
02-08-2026,R08,1041,20,52.9,18,15,3,Yes,69
02-08-2026,R09,409,32,54.3,18,16,2,Yes,26
02-08-2026,R10,868,22,40,18,16,2,Yes,54
02-08-2026,R11,759,9,67.3,18,17,1,Yes,45
02-08-2026,R12,1386,5,75,18,17,1,Yes,82
02-08-2026,R13,796,28,40,18,17,1,Yes,47
02-08-2026,R14,543,23,56.2,18,17,1,Yes,32
02-08-2026,R15,551,18,62.1,18,16,2,Yes,34
02-08-2026,R16,375,19,74.7,18,17,1,Yes,22
02-08-2026,R17,868,10,71.4,18,16,2,Yes,54
02-08-2026,R18,449,19,70.8,18,17,1,Yes,26
02-08-2026,R19,545,16,70.9,18,17,1,Yes,32
02-08-2026,R20,346,47,40,18,16,2,Yes,22
03-08-2026,R01,1726,25,44.4,24,23,1,No,75
03-08-2026,R02,1595,9,70,24,22,2,No,72
03-08-2026,R03,2511,13,76.4,24,21,3,No,120
03-08-2026,R04,1712,9,76,24,22,2,No,78
03-08-2026,R05,1282,12,46.7,24,21,3,No,61
03-08-2026,R06,925,36,42.4,24,23,1,No,40
03-08-2026,R07,1302,12,65.7,24,21,3,No,62
03-08-2026,R08,1675,19,55.3,24,23,1,No,73
03-08-2026,R09,804,37,47.1,24,23,1,No,35
03-08-2026,R10,1335,12,63.1,24,23,1,No,58
03-08-2026,R11,1261,11,60,24,21,3,No,60
03-08-2026,R12,2003,9,55,24,21,3,No,95
03-08-2026,R13,1366,15,62.5,24,21,3,No,65
03-08-2026,R14,938,33,40,24,21,3,No,45
03-08-2026,R15,966,24,49.5,24,21,3,No,46
03-08-2026,R16,690,26,65.3,24,23,1,No,30
03-08-2026,R17,1487,18,48.6,24,22,2,No,68
03-08-2026,R18,734,34,47.7,24,23,1,No,32
03-08-2026,R19,917,34,40,24,23,1,No,40
03-08-2026,R20,577,35,51.7,24,21,3,No,27
04-08-2026,R01,1676,20,55.6,24,21,3,No,80
04-08-2026,R02,1389,13,56.7,24,22,2,No,63
04-08-2026,R03,2136,33,40,24,22,2,No,97
04-08-2026,R04,1762,22,41.3,24,21,3,No,84
04-08-2026,R05,1211,9,60,24,23,1,No,53
04-08-2026,R06,908,25,60,24,21,3,No,43
04-08-2026,R07,1429,17,51.4,24,22,2,No,65
04-08-2026,R08,1589,25,41.2,24,23,1,No,69
04-08-2026,R09,706,36,48.6,24,21,3,No,34
04-08-2026,R10,1699,12,63.1,24,21,3,No,81
04-08-2026,R11,1293,19,40,24,22,2,No,59
04-08-2026,R12,2000,12,40,24,22,2,No,91
04-08-2026,R13,1124,19,52.5,24,23,1,No,49
04-08-2026,R14,926,35,40,24,22,2,No,42
04-08-2026,R15,929,17,64.2,24,23,1,No,40
04-08-2026,R16,586,25,66.7,24,22,2,No,27
04-08-2026,R17,1544,8,77.1,24,23,1,No,67
04-08-2026,R18,827,41,40,24,22,2,No,38
04-08-2026,R19,880,17,69.1,24,23,1,No,38
04-08-2026,R20,564,29,60,24,22,2,No,26
05-08-2026,R01,2062,17,62.2,24,23,1,No,90
05-08-2026,R02,1604,18,40,24,21,3,No,76
05-08-2026,R03,2256,28,49.1,24,22,2,No,103
05-08-2026,R04,1808,16,57.3,24,23,1,No,79
05-08-2026,R05,1466,7,68.9,24,23,1,No,64
05-08-2026,R06,890,28,55.2,24,21,3,No,42
05-08-2026,R07,1102,19,45.7,24,22,2,No,50
05-08-2026,R08,1688,21,50.6,24,21,3,No,80
05-08-2026,R09,848,42,40,24,21,3,No,40
05-08-2026,R10,1696,19,41.5,24,23,1,No,74
05-08-2026,R11,1413,18,40,24,21,3,No,67
05-08-2026,R12,1996,7,65,24,21,3,No,95
05-08-2026,R13,1299,21,47.5,24,22,2,No,59
05-08-2026,R14,882,21,60,24,22,2,No,40
05-08-2026,R15,1056,34,40,24,22,2,No,48
05-08-2026,R16,547,47,40,24,23,1,No,24
05-08-2026,R17,1311,16,54.3,24,22,2,No,60
05-08-2026,R18,814,19,70.8,24,23,1,No,35
05-08-2026,R19,939,21,61.8,24,21,3,No,45
05-08-2026,R20,556,27,62.8,24,22,2,No,25
06-08-2026,R01,1882,24,46.7,24,22,2,No,86
06-08-2026,R02,1491,20,40,24,23,1,No,65
06-08-2026,R03,2284,17,69.1,24,22,2,No,104
06-08-2026,R04,1773,24,40,24,23,1,No,77
06-08-2026,R05,1540,11,51.1,24,23,1,No,67
06-08-2026,R06,874,17,72.8,24,23,1,No,38
06-08-2026,R07,1419,11,68.6,24,23,1,No,62
06-08-2026,R08,1540,28,40,24,21,3,No,73
06-08-2026,R09,789,22,68.6,24,21,3,No,38
06-08-2026,R10,1308,11,66.2,24,23,1,No,57
06-08-2026,R11,1474,17,40,24,21,3,No,70
06-08-2026,R12,1993,9,55,24,23,1,No,87
06-08-2026,R13,1255,12,70,24,22,2,No,57
06-08-2026,R14,827,20,61.9,24,21,3,No,39
06-08-2026,R15,1037,30,40,24,21,3,No,49
06-08-2026,R16,586,24,68,24,21,3,No,28
06-08-2026,R17,1307,8,77.1,24,21,3,No,62
06-08-2026,R18,684,46,40,24,21,3,No,33
06-08-2026,R19,867,15,72.7,24,21,3,No,41
06-08-2026,R20,620,47,40,24,23,1,No,27
07-08-2026,R01,2008,14,68.9,24,21,3,No,96
07-08-2026,R02,1348,15,50,24,23,1,No,59
07-08-2026,R03,2517,28,49.1,24,21,3,No,120
07-08-2026,R04,1824,25,40,24,21,3,No,87
07-08-2026,R05,1335,9,60,24,23,1,No,58
07-08-2026,R06,1063,29,53.6,24,21,3,No,51
07-08-2026,R07,1331,22,40,24,21,3,No,63
07-08-2026,R08,1420,15,64.7,24,23,1,No,62
07-08-2026,R09,677,27,61.4,24,21,3,No,32
07-08-2026,R10,1314,12,63.1,24,22,2,No,60
07-08-2026,R11,1427,16,41.8,24,21,3,No,68
07-08-2026,R12,2138,12,40,24,22,2,No,97
07-08-2026,R13,1114,20,50,24,22,2,No,51
07-08-2026,R14,925,37,40,24,23,1,No,40
07-08-2026,R15,836,23,51.6,24,21,3,No,40
07-08-2026,R16,688,36,52,24,23,1,No,30
07-08-2026,R17,1462,19,45.7,24,22,2,No,66
07-08-2026,R18,758,27,58.5,24,23,1,No,33
07-08-2026,R19,914,35,40,24,21,3,No,44
07-08-2026,R20,607,32,55.9,24,21,3,No,29
08-08-2026,R01,1141,28,40,18,17,1,Yes,67
08-08-2026,R02,935,13,56.7,18,17,1,Yes,55
08-08-2026,R03,1559,27,50.9,18,17,1,Yes,92
08-08-2026,R04,1108,21,44,18,17,1,Yes,65
08-08-2026,R05,961,6,73.3,18,16,2,Yes,60
08-08-2026,R06,674,31,50.4,18,16,2,Yes,42
08-08-2026,R07,888,12,65.7,18,16,2,Yes,56
08-08-2026,R08,1159,16,62.4,18,16,2,Yes,72
08-08-2026,R09,435,44,40,18,17,1,Yes,26
08-08-2026,R10,987,11,66.2,18,17,1,Yes,58
08-08-2026,R11,914,8,70.9,18,15,3,Yes,61
08-08-2026,R12,1384,4,80,18,17,1,Yes,81
08-08-2026,R13,751,26,40,18,16,2,Yes,47
08-08-2026,R14,585,26,50.5,18,17,1,Yes,34
08-08-2026,R15,633,25,47.4,18,16,2,Yes,40
08-08-2026,R16,335,21,72,18,17,1,Yes,20
08-08-2026,R17,777,13,62.9,18,16,2,Yes,49
08-08-2026,R18,400,26,60,18,16,2,Yes,25
08-08-2026,R19,597,24,56.4,18,17,1,Yes,35
08-08-2026,R20,303,45,40,18,16,2,Yes,19
09-08-2026,R01,1104,23,48.9,18,16,2,Yes,69
09-08-2026,R02,899,20,40,18,17,1,Yes,53
09-08-2026,R03,1323,15,72.7,18,16,2,Yes,83
09-08-2026,R04,1088,16,57.3,18,17,1,Yes,64
09-08-2026,R05,764,6,73.3,18,15,3,Yes,51
09-08-2026,R06,569,37,40.8,18,16,2,Yes,36
09-08-2026,R07,908,8,77.1,18,15,3,Yes,61
09-08-2026,R08,1122,12,71.8,18,16,2,Yes,70
09-08-2026,R09,482,32,54.3,18,16,2,Yes,30
09-08-2026,R10,1057,22,40,18,16,2,Yes,66
09-08-2026,R11,794,10,63.6,18,15,3,Yes,53
09-08-2026,R12,1262,5,75,18,16,2,Yes,79
09-08-2026,R13,670,15,62.5,18,16,2,Yes,42
09-08-2026,R14,478,32,40,18,16,2,Yes,30
09-08-2026,R15,632,18,62.1,18,16,2,Yes,40
09-08-2026,R16,383,42,44,18,16,2,Yes,24
09-08-2026,R17,787,20,42.9,18,16,2,Yes,49
09-08-2026,R18,506,40,40,18,17,1,Yes,30
09-08-2026,R19,625,25,54.5,18,16,2,Yes,39
09-08-2026,R20,411,27,62.8,18,17,1,Yes,24
10-08-2026,R01,1646,23,48.9,24,22,2,No,75
10-08-2026,R02,1580,10,66.7,24,22,2,No,72
10-08-2026,R03,2226,15,72.7,24,21,3,No,106
10-08-2026,R04,1533,21,44,24,23,1,No,67
10-08-2026,R05,1412,9,60,24,22,2,No,64
10-08-2026,R06,943,40,40,24,22,2,No,43
10-08-2026,R07,1218,20,42.9,24,23,1,No,53
10-08-2026,R08,1525,20,52.9,24,21,3,No,73
10-08-2026,R09,665,27,61.4,24,23,1,No,29
10-08-2026,R10,1449,13,60,24,23,1,No,63
10-08-2026,R11,1401,7,74.5,24,21,3,No,67
10-08-2026,R12,2069,7,65,24,23,1,No,90
10-08-2026,R13,1244,16,60,24,22,2,No,57
10-08-2026,R14,933,16,69.5,24,23,1,No,41
10-08-2026,R15,831,31,40,24,21,3,No,40
10-08-2026,R16,549,31,58.7,24,21,3,No,26
10-08-2026,R17,1346,15,57.1,24,21,3,No,64
10-08-2026,R18,736,24,63.1,24,22,2,No,33
10-08-2026,R19,954,32,41.8,24,23,1,No,41
10-08-2026,R20,523,32,55.9,24,23,1,No,23
11-08-2026,R01,1717,27,40,24,22,2,No,78
11-08-2026,R02,1406,7,76.7,24,21,3,No,67
11-08-2026,R03,2207,27,50.9,24,23,1,No,96
11-08-2026,R04,1650,20,46.7,24,21,3,No,79
11-08-2026,R05,1384,8,64.4,24,23,1,No,60
11-08-2026,R06,1076,38,40,24,21,3,No,51
11-08-2026,R07,1268,20,42.9,24,21,3,No,60
11-08-2026,R08,1755,26,40,24,21,3,No,84
11-08-2026,R09,757,25,64.3,24,22,2,No,34
11-08-2026,R10,1622,12,63.1,24,22,2,No,74
11-08-2026,R11,1412,9,67.3,24,22,2,No,64
11-08-2026,R12,1776,12,40,24,21,3,No,85
11-08-2026,R13,1286,26,40,24,22,2,No,58
11-08-2026,R14,774,23,56.2,24,21,3,No,37
11-08-2026,R15,959,12,74.7,24,23,1,No,42
11-08-2026,R16,553,51,40,24,22,2,No,25
11-08-2026,R17,1560,23,40,24,22,2,No,71
11-08-2026,R18,673,33,49.2,24,22,2,No,31
11-08-2026,R19,881,15,72.7,24,21,3,No,42
11-08-2026,R20,589,35,51.7,24,21,3,No,28
12-08-2026,R01,2119,27,40,24,22,2,No,96
12-08-2026,R02,1561,16,46.7,24,21,3,No,74
12-08-2026,R03,2226,38,40,24,22,2,No,101
12-08-2026,R04,1902,19,49.3,24,21,3,No,91
12-08-2026,R05,1370,13,42.2,24,21,3,No,65
12-08-2026,R06,999,32,48.8,24,21,3,No,48
12-08-2026,R07,1259,14,60,24,22,2,No,57
12-08-2026,R08,1798,17,60,24,22,2,No,82
12-08-2026,R09,779,40,42.9,24,21,3,No,37
12-08-2026,R10,1635,14,56.9,24,23,1,No,71
12-08-2026,R11,1245,12,56.4,24,23,1,No,54
12-08-2026,R12,1928,13,40,24,23,1,No,84
12-08-2026,R13,1121,10,75,24,21,3,No,53
12-08-2026,R14,940,17,67.6,24,22,2,No,43
12-08-2026,R15,888,13,72.6,24,22,2,No,40
12-08-2026,R16,692,30,60,24,22,2,No,31
12-08-2026,R17,1325,10,71.4,24,21,3,No,63
12-08-2026,R18,750,16,75.4,24,23,1,No,33
12-08-2026,R19,794,21,61.8,24,22,2,No,36
12-08-2026,R20,506,38,47.6,24,22,2,No,23
13-08-2026,R01,1951,16,64.4,24,22,2,No,89
13-08-2026,R02,1399,20,40,24,23,1,No,61
13-08-2026,R03,2035,29,47.3,24,23,1,No,88
13-08-2026,R04,1637,10,73.3,24,21,3,No,78
13-08-2026,R05,1409,8,64.4,24,23,1,No,61
13-08-2026,R06,1002,40,40,24,21,3,No,48
13-08-2026,R07,1308,22,40,24,22,2,No,59
13-08-2026,R08,1668,17,60,24,21,3,No,79
13-08-2026,R09,759,48,40,24,21,3,No,36
13-08-2026,R10,1498,8,75.4,24,22,2,No,68
13-08-2026,R11,1304,18,40,24,23,1,No,57
13-08-2026,R12,1832,6,70,24,23,1,No,80
13-08-2026,R13,1344,22,45,24,22,2,No,61
13-08-2026,R14,777,18,65.7,24,23,1,No,34
13-08-2026,R15,975,14,70.5,24,21,3,No,46
13-08-2026,R16,563,48,40,24,21,3,No,27
13-08-2026,R17,1386,12,65.7,24,21,3,No,66
13-08-2026,R18,772,37,43.1,24,23,1,No,34
13-08-2026,R19,876,16,70.9,24,23,1,No,38
13-08-2026,R20,486,21,71,24,22,2,No,22
14-08-2026,R01,2054,31,40,24,21,3,No,98
14-08-2026,R02,1440,14,53.3,24,21,3,No,69
14-08-2026,R03,2103,18,67.3,24,22,2,No,96
14-08-2026,R04,1823,26,40,24,21,3,No,87
14-08-2026,R05,1246,12,46.7,24,21,3,No,59
14-08-2026,R06,1041,16,74.4,24,21,3,No,50
14-08-2026,R07,1403,10,71.4,24,21,3,No,67
14-08-2026,R08,1569,12,71.8,24,22,2,No,71
14-08-2026,R09,711,27,61.4,24,22,2,No,32
14-08-2026,R10,1628,17,47.7,24,22,2,No,74
14-08-2026,R11,1308,14,49.1,24,22,2,No,59
14-08-2026,R12,1872,12,40,24,21,3,No,89
14-08-2026,R13,1176,13,67.5,24,23,1,No,51
14-08-2026,R14,900,27,48.6,24,23,1,No,39
14-08-2026,R15,910,20,57.9,24,23,1,No,40
14-08-2026,R16,636,52,40,24,22,2,No,29
14-08-2026,R17,1247,19,45.7,24,21,3,No,59
14-08-2026,R18,733,45,40,24,21,3,No,35
14-08-2026,R19,781,29,47.3,24,23,1,No,34
14-08-2026,R20,510,18,75.2,24,21,3,No,24
15-08-2026,R01,1371,29,40,18,17,1,Yes,81
15-08-2026,R02,915,7,76.7,18,16,2,Yes,57
15-08-2026,R03,1498,30,45.5,18,16,2,Yes,94
15-08-2026,R04,983,9,76,18,17,1,Yes,58
15-08-2026,R05,888,14,40,18,17,1,Yes,52
15-08-2026,R06,546,42,40,18,15,3,Yes,36
15-08-2026,R07,745,12,65.7,18,17,1,Yes,44
15-08-2026,R08,1119,27,40,18,17,1,Yes,66
15-08-2026,R09,533,36,48.6,18,15,3,Yes,36
15-08-2026,R10,1029,15,53.8,18,17,1,Yes,61
15-08-2026,R11,877,6,78.2,18,15,3,Yes,58
15-08-2026,R12,1135,5,75,18,16,2,Yes,71
15-08-2026,R13,752,14,65,18,16,2,Yes,47
15-08-2026,R14,499,22,58.1,18,17,1,Yes,29
15-08-2026,R15,606,27,43.2,18,17,1,Yes,36
15-08-2026,R16,383,23,69.3,18,17,1,Yes,23
15-08-2026,R17,816,15,57.1,18,17,1,Yes,48
15-08-2026,R18,422,15,76.9,18,17,1,Yes,25
15-08-2026,R19,584,18,67.3,18,16,2,Yes,36
15-08-2026,R20,318,42,42.1,18,16,2,Yes,20
16-08-2026,R01,1075,22,51.1,18,16,2,Yes,67
16-08-2026,R02,808,17,43.3,18,17,1,Yes,48
16-08-2026,R03,1259,39,40,18,15,3,Yes,84
16-08-2026,R04,1176,12,68,18,17,1,Yes,69
16-08-2026,R05,810,8,64.4,18,15,3,Yes,54
16-08-2026,R06,581,26,58.4,18,16,2,Yes,36
16-08-2026,R07,833,24,40,18,17,1,Yes,49
16-08-2026,R08,1045,29,40,18,16,2,Yes,65
16-08-2026,R09,430,34,51.4,18,17,1,Yes,25
16-08-2026,R10,913,22,40,18,16,2,Yes,57
16-08-2026,R11,736,15,45.5,18,17,1,Yes,43
16-08-2026,R12,1324,10,50,18,15,3,Yes,88
16-08-2026,R13,845,25,40,18,17,1,Yes,50
16-08-2026,R14,483,19,63.8,18,17,1,Yes,28
16-08-2026,R15,585,32,40,18,17,1,Yes,34
16-08-2026,R16,431,45,40,18,17,1,Yes,25
16-08-2026,R17,980,23,40,18,17,1,Yes,58
16-08-2026,R18,493,28,56.9,18,16,2,Yes,31
16-08-2026,R19,572,16,70.9,18,16,2,Yes,36
16-08-2026,R20,406,21,71,18,16,2,Yes,25
17-08-2026,R01,2106,12,73.3,24,22,2,No,96
17-08-2026,R02,1486,15,50,24,21,3,No,71
17-08-2026,R03,2290,13,76.4,24,22,2,No,104
17-08-2026,R04,1918,15,60,24,22,2,No,87
17-08-2026,R05,1326,15,40,24,22,2,No,60
17-08-2026,R06,1115,29,53.6,24,21,3,No,53
17-08-2026,R07,1245,22,40,24,21,3,No,59
17-08-2026,R08,1735,22,48.2,24,22,2,No,79
17-08-2026,R09,737,32,54.3,24,22,2,No,34
17-08-2026,R10,1360,21,40,24,23,1,No,59
17-08-2026,R11,1475,11,60,24,21,3,No,70
17-08-2026,R12,1805,9,55,24,22,2,No,82
17-08-2026,R13,1080,13,67.5,24,22,2,No,49
17-08-2026,R14,849,26,50.5,24,21,3,No,40
17-08-2026,R15,876,12,74.7,24,21,3,No,42
17-08-2026,R16,539,21,72,24,22,2,No,24
17-08-2026,R17,1474,21,40,24,23,1,No,64
17-08-2026,R18,642,18,72.3,24,21,3,No,31
17-08-2026,R19,835,24,56.4,24,22,2,No,38
17-08-2026,R20,508,48,40,24,22,2,No,23
18-08-2026,R01,2084,18,60,24,22,2,No,95
18-08-2026,R02,1276,8,73.3,24,21,3,No,61
18-08-2026,R03,2332,26,52.7,24,22,2,No,106
18-08-2026,R04,1552,16,57.3,24,21,3,No,74
18-08-2026,R05,1407,12,46.7,24,21,3,No,67
18-08-2026,R06,1115,17,72.8,24,21,3,No,53
18-08-2026,R07,1406,8,77.1,24,23,1,No,61
18-08-2026,R08,1649,11,74.1,24,23,1,No,72
18-08-2026,R09,758,46,40,24,21,3,No,36
18-08-2026,R10,1370,14,56.9,24,21,3,No,65
18-08-2026,R11,1491,16,41.8,24,23,1,No,65
18-08-2026,R12,2016,13,40,24,23,1,No,88
18-08-2026,R13,1188,26,40,24,23,1,No,52
18-08-2026,R14,828,19,63.8,24,22,2,No,38
18-08-2026,R15,1043,11,76.8,24,21,3,No,50
18-08-2026,R16,680,19,74.7,24,21,3,No,32
18-08-2026,R17,1507,10,71.4,24,21,3,No,72
18-08-2026,R18,740,24,63.1,24,21,3,No,35
18-08-2026,R19,782,38,40,24,21,3,No,37
18-08-2026,R20,597,38,47.6,24,21,3,No,28
19-08-2026,R01,1692,16,64.4,24,21,3,No,81
19-08-2026,R02,1525,17,43.3,24,22,2,No,69
19-08-2026,R03,2332,13,76.4,24,21,3,No,111
19-08-2026,R04,1860,9,76,24,21,3,No,89
19-08-2026,R05,1302,6,73.3,24,21,3,No,62
19-08-2026,R06,932,42,40,24,22,2,No,42
19-08-2026,R07,1338,19,45.7,24,23,1,No,58
19-08-2026,R08,1686,23,45.9,24,23,1,No,73
19-08-2026,R09,795,18,74.3,24,23,1,No,35
19-08-2026,R10,1364,21,40,24,21,3,No,65
19-08-2026,R11,1205,7,74.5,24,23,1,No,52
19-08-2026,R12,1917,6,70,24,23,1,No,83
19-08-2026,R13,1373,27,40,24,21,3,No,65
19-08-2026,R14,740,20,61.9,24,21,3,No,35
19-08-2026,R15,859,33,40,24,23,1,No,37
19-08-2026,R16,684,24,68,24,23,1,No,30
19-08-2026,R17,1560,22,40,24,21,3,No,74
19-08-2026,R18,640,43,40,24,22,2,No,29
19-08-2026,R19,806,29,47.3,24,22,2,No,37
19-08-2026,R20,630,39,46.2,24,21,3,No,30
20-08-2026,R01,1669,12,73.3,24,22,2,No,76
20-08-2026,R02,1437,17,43.3,24,22,2,No,65
20-08-2026,R03,2096,27,50.9,24,21,3,No,100
20-08-2026,R04,1771,19,49.3,24,22,2,No,80
20-08-2026,R05,1496,9,60,24,23,1,No,65
20-08-2026,R06,1074,18,71.2,24,23,1,No,47
20-08-2026,R07,1307,24,40,24,21,3,No,62
20-08-2026,R08,1513,26,40,24,23,1,No,66
20-08-2026,R09,833,28,60,24,21,3,No,40
20-08-2026,R10,1670,13,60,24,21,3,No,80
20-08-2026,R11,1223,19,40,24,22,2,No,56
20-08-2026,R12,1680,6,70,24,22,2,No,76
20-08-2026,R13,1204,27,40,24,22,2,No,55
20-08-2026,R14,942,18,65.7,24,22,2,No,43
20-08-2026,R15,878,22,53.7,24,21,3,No,42
20-08-2026,R16,619,40,46.7,24,23,1,No,27
20-08-2026,R17,1343,12,65.7,24,22,2,No,61
20-08-2026,R18,678,18,72.3,24,21,3,No,32
20-08-2026,R19,931,28,49.1,24,21,3,No,44
20-08-2026,R20,626,49,40,24,23,1,No,27
21-08-2026,R01,1865,27,40,24,22,2,No,85
21-08-2026,R02,1613,14,53.3,24,21,3,No,77
21-08-2026,R03,2512,19,65.5,24,23,1,No,109
21-08-2026,R04,1494,13,65.3,24,23,1,No,65
21-08-2026,R05,1433,6,73.3,24,23,1,No,62
21-08-2026,R06,1044,34,45.6,24,23,1,No,45
21-08-2026,R07,1387,18,48.6,24,23,1,No,60
21-08-2026,R08,1533,21,50.6,24,22,2,No,70
21-08-2026,R09,824,36,48.6,24,22,2,No,37
21-08-2026,R10,1434,9,72.3,24,22,2,No,65
21-08-2026,R11,1175,10,63.6,24,21,3,No,56
21-08-2026,R12,1705,10,50,24,23,1,No,74
21-08-2026,R13,1174,14,65,24,23,1,No,51
21-08-2026,R14,803,22,58.1,24,21,3,No,38
21-08-2026,R15,951,14,70.5,24,23,1,No,41
21-08-2026,R16,674,20,73.3,24,22,2,No,31
21-08-2026,R17,1257,22,40,24,22,2,No,57
21-08-2026,R18,644,28,56.9,24,21,3,No,31
21-08-2026,R19,801,16,70.9,24,23,1,No,35
21-08-2026,R20,598,25,65.5,24,23,1,No,26
22-08-2026,R01,1258,16,64.4,18,16,2,Yes,79
22-08-2026,R02,941,11,63.3,18,17,1,Yes,55
22-08-2026,R03,1601,13,76.4,18,16,2,Yes,100
22-08-2026,R04,995,11,70.7,18,16,2,Yes,62
22-08-2026,R05,952,15,40,18,16,2,Yes,60
22-08-2026,R06,574,34,45.6,18,17,1,Yes,34
22-08-2026,R07,887,16,54.3,18,17,1,Yes,52
22-08-2026,R08,897,28,40,18,16,2,Yes,56
22-08-2026,R09,446,48,40,18,16,2,Yes,28
22-08-2026,R10,1034,21,40,18,17,1,Yes,61
22-08-2026,R11,811,7,74.5,18,17,1,Yes,48
22-08-2026,R12,1361,10,50,18,17,1,Yes,80
22-08-2026,R13,800,19,52.5,18,16,2,Yes,50
22-08-2026,R14,564,35,40,18,17,1,Yes,33
22-08-2026,R15,522,20,57.9,18,16,2,Yes,33
22-08-2026,R16,342,44,41.3,18,16,2,Yes,21
22-08-2026,R17,943,20,42.9,18,17,1,Yes,55
22-08-2026,R18,404,18,72.3,18,16,2,Yes,25
22-08-2026,R19,522,26,52.7,18,17,1,Yes,31
22-08-2026,R20,370,26,64.1,18,17,1,Yes,22
23-08-2026,R01,1210,27,40,18,17,1,Yes,71
23-08-2026,R02,788,9,70,18,16,2,Yes,49
23-08-2026,R03,1615,21,61.8,18,15,3,Yes,108
23-08-2026,R04,1213,18,52,18,17,1,Yes,71
23-08-2026,R05,807,7,68.9,18,17,1,Yes,47
23-08-2026,R06,692,41,40,18,17,1,Yes,41
23-08-2026,R07,739,11,68.6,18,17,1,Yes,43
23-08-2026,R08,1167,17,60,18,16,2,Yes,73
23-08-2026,R09,545,45,40,18,17,1,Yes,32
23-08-2026,R10,977,14,56.9,18,16,2,Yes,61
23-08-2026,R11,928,13,52.7,18,16,2,Yes,58
23-08-2026,R12,1408,6,70,18,17,1,Yes,83
23-08-2026,R13,725,19,52.5,18,17,1,Yes,43
23-08-2026,R14,497,20,61.9,18,17,1,Yes,29
23-08-2026,R15,530,21,55.8,18,16,2,Yes,33
23-08-2026,R16,336,22,70.7,18,16,2,Yes,21
23-08-2026,R17,1006,22,40,18,17,1,Yes,59
23-08-2026,R18,536,36,44.6,18,16,2,Yes,34
23-08-2026,R19,523,30,45.5,18,16,2,Yes,33
23-08-2026,R20,410,50,40,18,17,1,Yes,24
24-08-2026,R01,1866,10,77.8,24,22,2,No,85
24-08-2026,R02,1317,9,70,24,22,2,No,60
24-08-2026,R03,2353,18,67.3,24,22,2,No,107
24-08-2026,R04,1900,21,44,24,23,1,No,83
24-08-2026,R05,1400,6,73.3,24,21,3,No,67
24-08-2026,R06,1020,39,40,24,21,3,No,49
24-08-2026,R07,1157,14,60,24,23,1,No,50
24-08-2026,R08,1752,12,71.8,24,23,1,No,76
24-08-2026,R09,841,37,47.1,24,21,3,No,40
24-08-2026,R10,1625,18,44.6,24,23,1,No,71
24-08-2026,R11,1180,12,56.4,24,22,2,No,54
24-08-2026,R12,2161,12,40,24,22,2,No,98
24-08-2026,R13,1145,18,55,24,21,3,No,55
24-08-2026,R14,907,19,63.8,24,23,1,No,39
24-08-2026,R15,869,21,55.8,24,21,3,No,41
24-08-2026,R16,557,40,46.7,24,23,1,No,24
24-08-2026,R17,1391,19,45.7,24,22,2,No,63
24-08-2026,R18,718,24,63.1,24,22,2,No,33
24-08-2026,R19,948,34,40,24,23,1,No,41
24-08-2026,R20,513,27,62.8,24,21,3,No,24
25-08-2026,R01,2105,22,51.1,24,22,2,No,96
25-08-2026,R02,1284,16,46.7,24,21,3,No,61
25-08-2026,R03,2329,28,49.1,24,23,1,No,101
25-08-2026,R04,1891,23,40,24,21,3,No,90
25-08-2026,R05,1325,12,46.7,24,22,2,No,60
25-08-2026,R06,1022,42,40,24,23,1,No,44
25-08-2026,R07,1111,18,48.6,24,23,1,No,48
25-08-2026,R08,1639,16,62.4,24,22,2,No,74
25-08-2026,R09,732,36,48.6,24,22,2,No,33
25-08-2026,R10,1537,17,47.7,24,21,3,No,73
25-08-2026,R11,1234,9,67.3,24,23,1,No,54
25-08-2026,R12,1819,11,45,24,23,1,No,79
25-08-2026,R13,1256,27,40,24,22,2,No,57
25-08-2026,R14,835,14,73.3,24,21,3,No,40
25-08-2026,R15,965,13,72.6,24,21,3,No,46
25-08-2026,R16,576,39,48,24,21,3,No,27
25-08-2026,R17,1409,9,74.3,24,21,3,No,67
25-08-2026,R18,732,24,63.1,24,22,2,No,33
25-08-2026,R19,924,29,47.3,24,23,1,No,40
25-08-2026,R20,582,47,40,24,22,2,No,26
26-08-2026,R01,2007,11,75.6,24,21,3,No,96
26-08-2026,R02,1632,12,60,24,23,1,No,71
26-08-2026,R03,2018,34,40,24,23,1,No,88
26-08-2026,R04,1858,20,46.7,24,21,3,No,88
26-08-2026,R05,1356,5,77.8,24,23,1,No,59
26-08-2026,R06,1041,31,50.4,24,22,2,No,47
26-08-2026,R07,1179,17,51.4,24,23,1,No,51
26-08-2026,R08,1582,29,40,24,21,3,No,75
26-08-2026,R09,805,43,40,24,21,3,No,38
26-08-2026,R10,1611,20,40,24,21,3,No,77
26-08-2026,R11,1367,9,67.3,24,23,1,No,59
26-08-2026,R12,1756,8,60,24,22,2,No,80
26-08-2026,R13,1208,17,57.5,24,23,1,No,53
26-08-2026,R14,917,35,40,24,22,2,No,42
26-08-2026,R15,888,14,70.5,24,23,1,No,39
26-08-2026,R16,618,47,40,24,22,2,No,28
26-08-2026,R17,1548,18,48.6,24,23,1,No,67
26-08-2026,R18,660,42,40,24,23,1,No,29
26-08-2026,R19,876,13,76.4,24,21,3,No,42
26-08-2026,R20,600,50,40,24,21,3,No,29
27-08-2026,R01,1850,12,73.3,24,22,2,No,84
27-08-2026,R02,1551,11,63.3,24,23,1,No,67
27-08-2026,R03,2030,35,40,24,21,3,No,97
27-08-2026,R04,1769,16,57.3,24,23,1,No,77
27-08-2026,R05,1417,11,51.1,24,23,1,No,62
27-08-2026,R06,1085,16,74.4,24,21,3,No,52
27-08-2026,R07,1203,24,40,24,21,3,No,57
27-08-2026,R08,1548,29,40,24,23,1,No,67
27-08-2026,R09,661,40,42.9,24,23,1,No,29
27-08-2026,R10,1533,10,69.2,24,22,2,No,70
27-08-2026,R11,1375,7,74.5,24,23,1,No,60
27-08-2026,R12,1778,5,75,24,22,2,No,81
27-08-2026,R13,1197,27,40,24,23,1,No,52
27-08-2026,R14,903,16,69.5,24,23,1,No,39
27-08-2026,R15,874,19,60,24,21,3,No,42
27-08-2026,R16,565,53,40,24,21,3,No,27
27-08-2026,R17,1462,20,42.9,24,22,2,No,66
27-08-2026,R18,792,40,40,24,22,2,No,36
27-08-2026,R19,771,19,65.5,24,21,3,No,37
27-08-2026,R20,631,39,46.2,24,22,2,No,29
